timestamp,unit_id,lot_id,wafer_id,package_id,stage_number,process_stage,operation_type,monitoring_category,equipment_id,shift,process_status,parameter_status,monitoring_status,wafer_thickness_um,ttv_um,bow_um,warp_um,tape_thickness_um,sort_current_a,thickness_variation_um,kerf_width_um,attach_force_n,attach_offset_um,wire_bond_force_n,bond_pull_strength_gf,mold_temperature_c,mold_cure_time_s,void_percentage,marking_quality_score,singulation_damage_score,package_dimension_mm,burn_in_temperature_c,burn_in_hours,ict_current_a,fct_voltage_v,eol_temperature_c,packaging_damage_score,abnormal_parameter_count,abnormal_parameters,is_monitored,is_abnormal,monitored
2026-03-08 21:44:00,UNIT06000,LOT040,WAFER6000,PKG06000,1,Wafer Inspection,ATMP,Wafer Metrology,WI-02,C,FAIL,ABNORMAL,ABNORMAL,816.075,3.712,39.206,7.366,100.702,,,,,,,,,,,,,,,,,,,,1,wafer_thickness_um=816.075,True,True,True
2026-03-08 21:30:00,UNIT05999,LOT040,WAFER5999,PKG05999,3,Back Grinding,ATMP,Wafer Processing,BG-02,A,FAIL,ABNORMAL,ABNORMAL,687.357,,,,,,0.485,,,,,,,,,,,,,,,,,,1,wafer_thickness_um=687.357,True,True,True
2026-03-08 21:16:00,UNIT05998,LOT040,WAFER5998,PKG05998,5,Die Attach,OSAT/ATMP,Assembly,DA-01,C,FAIL,ABNORMAL,ABNORMAL,,,,,,,,,8.536,55.88,,,,,,,,,,,,,,,1,attach_offset_um=55.88,True,True,True
2026-03-08 20:56:00,UNIT05997,LOT040,WAFER5997,PKG05997,1,Wafer Inspection,ATMP,Wafer Metrology,WI-02,B,FAIL,ABNORMAL,ABNORMAL,793.377,5.169,13.975,39.301,89.802,,,,,,,,,,,,,,,,,,,,1,ttv_um=5.169,True,True,True
2026-03-08 20:38:00,UNIT05995,LOT040,WAFER5995,PKG05995,15,Final Inspection,ATMP,Final Inspection,FI-01,B,FAIL,ABNORMAL,ABNORMAL,,,,,,,,,,,,,,,,90.148,,10.269,,,,,,,1,package_dimension_mm=10.269,True,True,True
2026-03-08 20:14:00,UNIT05994,LOT040,WAFER5994,PKG05994,7,Encapsulation / Molding,OSAT/ATMP,Packaging,MO-02,A,FAIL,ABNORMAL,ABNORMAL,,,,,,,,,,,,,167.816,113.67,0.263,,,,,,,,,,1,mold_temperature_c=167.816,True,True,True
2026-03-08 19:32:00,UNIT05991,LOT040,WAFER5991,PKG05991,13,FCT,OSAT,Functional Testing,FCT-02,B,FAIL,ABNORMAL,ABNORMAL,,,,,,,,,,,,,,,,,,,,,,3.562,,,1,fct_voltage_v=3.562,True,True,True
2026-03-08 18:48:00,UNIT05989,LOT040,WAFER5989,PKG05989,1,Wafer Inspection,ATMP,Wafer Metrology,WI-01,B,FAIL,ABNORMAL,ABNORMAL,708.578,3.826,22.457,20.626,78.186,,,,,,,,,,,,,,,,,,,,1,tape_thickness_um=78.186,True,True,True
2026-03-08 18:47:00,UNIT05988,LOT040,WAFER5988,PKG05988,16,Packing / Dispatch,ATMP,Packaging,PK-02,A,FAIL,ABNORMAL,ABNORMAL,,,,,,,,,,,,,,,,,,,,,,,,-0.872,1,packaging_damage_score=-0.872,True,True,True
2026-03-08 18:16:00,UNIT05987,LOT040,WAFER5987,PKG05987,1,Wafer Inspection,ATMP,Wafer Metrology,WI-01,C,FAIL,ABNORMAL,ABNORMAL,801.752,2.167,10.001,9.017,109.203,,,,,,,,,,,,,,,,,,,,1,wafer_thickness_um=801.752,True,True,True
2026-03-08 18:02:00,UNIT05986,LOT040,WAFER5986,PKG05986,3,Back Grinding,ATMP,Wafer Processing,BG-02,B,FAIL,ABNORMAL,ABNORMAL,760.311,,,,,,5.909,,,,,,,,,,,,,,,,,,1,thickness_variation_um=5.909,True,True,True
2026-03-08 17:49:00,UNIT05985,LOT040,WAFER5985,PKG05985,6,Wire Bonding,OSAT/ATMP,Assembly,WB-01,C,FAIL,ABNORMAL,ABNORMAL,,,,,,,,,,,70.517,6.368,,,,,,,,,,,,,1,wire_bond_force_n=70.517,True,True,True
2026-03-08 17:18:00,UNIT05983,LOT040,WAFER5983,PKG05983,7,Encapsulation / Molding,OSAT/ATMP,Packaging,MO-02,A,FAIL,ABNORMAL,ABNORMAL,,,,,,,,,,,,,193.591,110.506,3.368,,,,,,,,,,1,mold_temperature_c=193.591,True,True,True
2026-03-08 16:57:00,UNIT05982,LOT040,WAFER5982,PKG05982,2,Wafer Sort,OSAT,Wafer Test,WS-02,B,FAIL,ABNORMAL,ABNORMAL,,,,,,10.637,,,,,,,,,,,,,,,,,,,1,sort_current_a=10.637,True,True,True
2026-03-08 16:41:00,UNIT05981,LOT040,WAFER5981,PKG05981,2,Wafer Sort,OSAT,Wafer Test,WS-01,A,FAIL,ABNORMAL,ABNORMAL,,,,,,10.523,,,,,,,,,,,,,,,,,,,1,sort_current_a=10.523,True,True,True
2026-03-08 16:27:00,UNIT05980,LOT040,WAFER5980,PKG05980,4,Wafer Dicing,ATMP,Wafer Processing,WD-02,A,FAIL,ABNORMAL,ABNORMAL,,,,,,,,56.335,,,,,,,,,,,,,,,,,1,kerf_width_um=56.335,True,True,True
2026-03-08 16:20:00,UNIT05979,LOT040,WAFER5979,PKG05979,13,FCT,OSAT,Functional Testing,FCT-01,A,FAIL,ABNORMAL,ABNORMAL,,,,,,,,,,,,,,,,,,,,,,3.58,,,1,fct_voltage_v=3.58,True,True,True
2026-03-08 15:52:00,UNIT05978,LOT040,WAFER5978,PKG05978,1,Wafer Inspection,ATMP,Wafer Metrology,WI-02,A,FAIL,ABNORMAL,ABNORMAL,719.91,5.168,7.802,35.499,110.385,,,,,,,,,,,,,,,,,,,,1,ttv_um=5.168,True,True,True
2026-03-08 15:37:00,UNIT05977,LOT040,WAFER5977,PKG05977,2,Wafer Sort,OSAT,Wafer Test,WS-01,B,FAIL,ABNORMAL,ABNORMAL,,,,,,10.622,,,,,,,,,,,,,,,,,,,1,sort_current_a=10.622,True,True,True
2026-03-08 15:04:00,UNIT05975,LOT040,WAFER5975,PKG05975,1,Wafer Inspection,ATMP,Wafer Metrology,WI-02,A,FAIL,ABNORMAL,ABNORMAL,704.774,0.308,39.657,9.569,74.505,,,,,,,,,,,,,,,,,,,,1,tape_thickness_um=74.505,True,True,True
2026-03-08 14:58:00,UNIT05974,LOT040,WAFER5974,PKG05974,11,Burn-in,OSAT,Testing,BI-02,B,FAIL,ABNORMAL,ABNORMAL,,,,,,,,,,,,,,,,,,,127.354,8.295,,,,,1,burn_in_hours=8.295,True,True,True
2026-03-08 14:36:00,UNIT05973,LOT040,WAFER5973,PKG05973,5,Die Attach,OSAT/ATMP,Assembly,DA-01,C,FAIL,ABNORMAL,ABNORMAL,,,,,,,,,10.497,-1.604,,,,,,,,,,,,,,,1,attach_offset_um=-1.604,True,True,True
2026-03-08 14:07:00,UNIT05971,LOT040,WAFER5971,PKG05971,8,Marking,ATMP,Package Marking,MK-01,B,FAIL,ABNORMAL,ABNORMAL,,,,,,,,,,,,,,,,100.882,,,,,,,,,1,marking_quality_score=100.882,True,True,True
2026-03-08 13:47:00,UNIT05970,LOT040,WAFER5970,PKG05970,4,Wafer Dicing,ATMP,Wafer Processing,WD-01,A,FAIL,ABNORMAL,ABNORMAL,,,,,,,,55.574,,,,,,,,,,,,,,,,,1,kerf_width_um=55.574,True,True,True
2026-03-08 13:32:00,UNIT05969,LOT040,WAFER5969,PKG05969,5,Die Attach,OSAT/ATMP,Assembly,DA-01,A,FAIL,ABNORMAL,ABNORMAL,,,,,,,,,11.538,-3.064,,,,,,,,,,,,,,,1,attach_offset_um=-3.064,True,True,True
2026-03-08 13:15:00,UNIT05968,LOT040,WAFER5968,PKG05968,4,Wafer Dicing,ATMP,Wafer Processing,WD-02,B,FAIL,ABNORMAL,ABNORMAL,,,,,,,,55.303,,,,,,,,,,,,,,,,,1,kerf_width_um=55.303,True,True,True
2026-03-08 13:00:00,UNIT05967,LOT040,WAFER5967,PKG05967,5,Die Attach,OSAT/ATMP,Assembly,DA-01,B,FAIL,ABNORMAL,ABNORMAL,,,,,,,,,7.546,7.401,,,,,,,,,,,,,,,1,attach_force_n=7.546,True,True,True
2026-03-08 12:40:00,UNIT05966,LOT040,WAFER5966,PKG05966,1,Wafer Inspection,ATMP,Wafer Metrology,WI-01,A,FAIL,ABNORMAL,ABNORMAL,729.068,0.855,11.029,38.908,126.268,,,,,,,,,,,,,,,,,,,,1,tape_thickness_um=126.268,True,True,True
2026-03-08 12:25:00,UNIT05965,LOT040,WAFER5965,PKG05965,2,Wafer Sort,OSAT,Wafer Test,WS-01,B,FAIL,ABNORMAL,ABNORMAL,,,,,,9.317,,,,,,,,,,,,,,,,,,,1,sort_current_a=9.317,True,True,True
2026-03-08 11:58:00,UNIT05963,LOT040,WAFER5963,PKG05963,7,Encapsulation / Molding,OSAT/ATMP,Packaging,MO-01,A,FAIL,ABNORMAL,ABNORMAL,,,,,,,,,,,,,175.653,142.408,4.908,,,,,,,,,,1,mold_cure_time_s=142.408,True,True,True
2026-03-08 11:40:00,UNIT05962,LOT040,WAFER5962,PKG05962,5,Die Attach,OSAT/ATMP,Assembly,DA-01,A,FAIL,ABNORMAL,ABNORMAL,,,,,,,,,12.719,10.923,,,,,,,,,,,,,,,1,attach_force_n=12.719,True,True,True
2026-03-08 11:24:00,UNIT05961,LOT040,WAFER5961,PKG05961,5,Die Attach,OSAT/ATMP,Assembly,DA-02,B,FAIL,ABNORMAL,ABNORMAL,,,,,,,,,11.146,55.868,,,,,,,,,,,,,,,1,attach_offset_um=55.868,True,True,True
2026-03-08 11:11:00,UNIT05960,LOT040,WAFER5960,PKG05960,8,Marking,ATMP,Package Marking,MK-01,A,FAIL,ABNORMAL,ABNORMAL,,,,,,,,,,,,,,,,88.213,,,,,,,,,1,marking_quality_score=88.213,True,True,True
2026-03-08 10:49:00,UNIT05959,LOT040,WAFER5959,PKG05959,2,Wafer Sort,OSAT,Wafer Test,WS-01,C,FAIL,ABNORMAL,ABNORMAL,,,,,,9.318,,,,,,,,,,,,,,,,,,,1,sort_current_a=9.318,True,True,True
2026-03-08 10:38:00,UNIT05958,LOT040,WAFER5958,PKG05958,7,Encapsulation / Molding,OSAT/ATMP,Packaging,MO-02,C,FAIL,ABNORMAL,ABNORMAL,,,,,,,,,,,,,177.583,127.671,-0.575,,,,,,,,,,1,void_percentage=-0.575,True,True,True
2026-03-08 10:16:00,UNIT05957,LOT040,WAFER5957,PKG05957,1,Wafer Inspection,ATMP,Wafer Metrology,WI-01,A,FAIL,ABNORMAL,ABNORMAL,717.107,1.048,33.708,43.464,77.327,,,,,,,,,,,,,,,,,,,,1,tape_thickness_um=77.327,True,True,True
2026-03-08 10:06:00,UNIT05956,LOT040,WAFER5956,PKG05956,7,Encapsulation / Molding,OSAT/ATMP,Packaging,MO-02,A,FAIL,ABNORMAL,ABNORMAL,,,,,,,,,,,,,180.327,141.614,3.641,,,,,,,,,,1,mold_cure_time_s=141.614,True,True,True
2026-03-08 09:38:00,UNIT05954,LOT040,WAFER5954,PKG05954,11,Burn-in,OSAT,Testing,BI-02,C,FAIL,ABNORMAL,ABNORMAL,,,,,,,,,,,,,,,,,,,123.904,8.637,,,,,1,burn_in_hours=8.637,True,True,True
2026-03-08 09:16:00,UNIT05953,LOT040,WAFER5953,PKG05953,5,Die Attach,OSAT/ATMP,Assembly,DA-02,B,FAIL,ABNORMAL,ABNORMAL,,,,,,,,,7.581,5.48,,,,,,,,,,,,,,,1,attach_force_n=7.581,True,True,True
2026-03-08 08:40:00,UNIT05951,LOT040,WAFER5951,PKG05951,1,Wafer Inspection,ATMP,Wafer Metrology,WI-01,C,FAIL,ABNORMAL,ABNORMAL,818.653,4.303,23.141,41.164,112.047,,,,,,,,,,,,,,,,,,,,1,wafer_thickness_um=818.653,True,True,True
2026-03-08 08:24:00,UNIT05950,LOT040,WAFER5950,PKG05950,1,Wafer Inspection,ATMP,Wafer Metrology,WI-01,B,FAIL,ABNORMAL,ABNORMAL,800.852,2.213,32.378,14.439,81.655,,,,,,,,,,,,,,,,,,,,1,wafer_thickness_um=800.852,True,True,True
2026-03-08 07:57:00,UNIT05948,LOT040,WAFER5948,PKG05948,6,Wire Bonding,OSAT/ATMP,Assembly,WB-01,A,FAIL,ABNORMAL,ABNORMAL,,,,,,,,,,,71.513,9.194,,,,,,,,,,,,,1,wire_bond_force_n=71.513,True,True,True
2026-03-08 07:27:00,UNIT05946,LOT040,WAFER5946,PKG05946,8,Marking,ATMP,Package Marking,MK-02,B,FAIL,ABNORMAL,ABNORMAL,,,,,,,,,,,,,,,,101.499,,,,,,,,,1,marking_quality_score=101.499,True,True,True
2026-03-08 07:04:00,UNIT05945,LOT040,WAFER5945,PKG05945,1,Wafer Inspection,ATMP,Wafer Metrology,WI-01,A,FAIL,ABNORMAL,ABNORMAL,797.579,2.918,29.49,19.123,78.149,,,,,,,,,,,,,,,,,,,,1,tape_thickness_um=78.149,True,True,True
2026-03-08 06:38:00,UNIT05943,LOT040,WAFER5943,PKG05943,7,Encapsulation / Molding,OSAT/ATMP,Packaging,MO-01,C,FAIL,ABNORMAL,ABNORMAL,,,,,,,,,,,,,192.616,121.206,1.296,,,,,,,,,,1,mold_temperature_c=192.616,True,True,True
2026-03-08 06:18:00,UNIT05942,LOT040,WAFER5942,PKG05942,3,Back Grinding,ATMP,Wafer Processing,BG-01,C,FAIL,ABNORMAL,ABNORMAL,681.979,,,,,,3.448,,,,,,,,,,,,,,,,,,1,wafer_thickness_um=681.979,True,True,True
2026-03-08 06:06:00,UNIT05941,LOT040,WAFER5941,PKG05941,7,Encapsulation / Molding,OSAT/ATMP,Packaging,MO-02,A,FAIL,ABNORMAL,ABNORMAL,,,,,,,,,,,,,183.755,103.522,5.856,,,,,,,,,,1,void_percentage=5.856,True,True,True
2026-03-08 05:54:00,UNIT05940,LOT040,WAFER5940,PKG05940,11,Burn-in,OSAT,Testing,BI-02,A,FAIL,ABNORMAL,ABNORMAL,,,,,,,,,,,,,,,,,,,121.253,8.777,,,,,1,burn_in_hours=8.777,True,True,True
2026-03-08 05:28:00,UNIT05939,LOT040,WAFER5939,PKG05939,1,Wafer Inspection,ATMP,Wafer Metrology,WI-02,C,FAIL,ABNORMAL,ABNORMAL,790.826,1.593,7.518,21.66,124.112,,,,,,,,,,,,,,,,,,,,1,tape_thickness_um=124.112,True,True,True
2026-03-08 05:18:00,UNIT05938,LOT040,WAFER5938,PKG05938,7,Encapsulation / Molding,OSAT/ATMP,Packaging,MO-01,B,FAIL,ABNORMAL,ABNORMAL,,,,,,,,,,,,,191.383,144.996,0.077,,,,,,,,,,2,mold_temperature_c=191.383; mold_cure_time_s=144.996,True,True,True
2026-03-08 05:09:00,UNIT05937,LOT040,WAFER5937,PKG05937,14,EOL,OSAT,Final Testing,EOL-02,A,FAIL,ABNORMAL,ABNORMAL,,,,,,,,,,,,,,,,,,,,,,,100.415,,1,eol_temperature_c=100.415,True,True,True
2026-03-08 04:45:00,UNIT05936,LOT040,WAFER5936,PKG05936,6,Wire Bonding,OSAT/ATMP,Assembly,WB-02,A,FAIL,ABNORMAL,ABNORMAL,,,,,,,,,,,70.37,5.479,,,,,,,,,,,,,1,wire_bond_force_n=70.37,True,True,True
2026-03-08 04:18:00,UNIT05934,LOT040,WAFER5934,PKG05934,11,Burn-in,OSAT,Testing,BI-02,A,FAIL,ABNORMAL,ABNORMAL,,,,,,,,,,,,,,,,,,,126.938,3.785,,,,,1,burn_in_hours=3.785,True,True,True
2026-03-08 04:01:00,UNIT05933,LOT040,WAFER5933,PKG05933,10,Package Inspection,OSAT/ATMP,Package Inspection,PI-02,C,FAIL,ABNORMAL,ABNORMAL,,,,,,,,,,,,,,,,,,9.74,,,,,,,1,package_dimension_mm=9.74,True,True,True
2026-03-08 03:39:00,UNIT05932,LOT040,WAFER5932,PKG05932,4,Wafer Dicing,ATMP,Wafer Processing,WD-02,B,FAIL,ABNORMAL,ABNORMAL,,,,,,,,56.438,,,,,,,,,,,,,,,,,1,kerf_width_um=56.438,True,True,True
2026-03-08 03:26:00,UNIT05931,LOT040,WAFER5931,PKG05931,7,Encapsulation / Molding,OSAT/ATMP,Packaging,MO-01,C,FAIL,ABNORMAL,ABNORMAL,,,,,,,,,,,,,192.357,122.453,3.47,,,,,,,,,,1,mold_temperature_c=192.357,True,True,True
2026-03-08 03:04:00,UNIT05930,LOT040,WAFER5930,PKG05930,1,Wafer Inspection,ATMP,Wafer Metrology,WI-02,B,FAIL,ABNORMAL,ABNORMAL,783.683,-0.286,36.759,4.956,99.376,,,,,,,,,,,,,,,,,,,,1,ttv_um=-0.286,True,True,True
2026-03-08 02:36:00,UNIT05928,LOT040,WAFER5928,PKG05928,5,Die Attach,OSAT/ATMP,Assembly,DA-01,C,FAIL,ABNORMAL,ABNORMAL,,,,,,,,,9.732,56.609,,,,,,,,,,,,,,,1,attach_offset_um=56.609,True,True,True
2026-03-08 02:22:00,UNIT05927,LOT040,WAFER5927,PKG05927,7,Encapsulation / Molding,OSAT/ATMP,Packaging,MO-01,C,FAIL,ABNORMAL,ABNORMAL,,,,,,,,,,,,,169.822,134.093,1.672,,,,,,,,,,1,mold_temperature_c=169.822,True,True,True
2026-03-08 02:04:00,UNIT05926,LOT040,WAFER5926,PKG05926,5,Die Attach,OSAT/ATMP,Assembly,DA-02,A,FAIL,ABNORMAL,ABNORMAL,,,,,,,,,7.533,27.358,,,,,,,,,,,,,,,1,attach_force_n=7.533,True,True,True
2026-03-08 01:45:00,UNIT05925,LOT040,WAFER5925,PKG05925,2,Wafer Sort,OSAT,Wafer Test,WS-01,C,FAIL,ABNORMAL,ABNORMAL,,,,,,10.574,,,,,,,,,,,,,,,,,,,1,sort_current_a=10.574,True,True,True
2026-03-08 01:29:00,UNIT05924,LOT040,WAFER5924,PKG05924,2,Wafer Sort,OSAT,Wafer Test,WS-02,C,FAIL,ABNORMAL,ABNORMAL,,,,,,9.415,,,,,,,,,,,,,,,,,,,1,sort_current_a=9.415,True,True,True
2026-03-08 01:26:00,UNIT05923,LOT040,WAFER5923,PKG05923,15,Final Inspection,ATMP,Final Inspection,FI-02,B,FAIL,ABNORMAL,ABNORMAL,,,,,,,,,,,,,,,,94.599,,9.722,,,,,,,1,package_dimension_mm=9.722,True,True,True
2026-03-08 00:24:00,UNIT05920,LOT040,WAFER5920,PKG05920,1,Wafer Inspection,ATMP,Wafer Metrology,WI-01,C,FAIL,ABNORMAL,ABNORMAL,773.54,1.979,33.861,58.906,98.231,,,,,,,,,,,,,,,,,,,,1,warp_um=58.906,True,True,True
2026-03-07 23:52:00,UNIT05918,LOT040,WAFER5918,PKG05918,1,Wafer Inspection,ATMP,Wafer Metrology,WI-01,B,FAIL,ABNORMAL,ABNORMAL,785.686,1.279,13.998,35.481,79.207,,,,,,,,,,,,,,,,,,,,1,tape_thickness_um=79.207,True,True,True
2026-03-07 23:47:00,UNIT05917,LOT040,WAFER5917,PKG05917,12,ICT,OSAT,Electrical Testing,ICT-02,C,FAIL,ABNORMAL,ABNORMAL,,,,,,,,,,,,,,,,,,,,,9.368,,,,1,ict_current_a=9.368,True,True,True
2026-03-07 23:06:00,UNIT05915,LOT040,WAFER5915,PKG05915,3,Back Grinding,ATMP,Wafer Processing,BG-01,B,FAIL,ABNORMAL,ABNORMAL,793.142,,,,,,5.549,,,,,,,,,,,,,,,,,,1,thickness_variation_um=5.549,True,True,True
2026-03-07 22:57:00,UNIT05914,LOT040,WAFER5914,PKG05914,10,Package Inspection,OSAT/ATMP,Package Inspection,PI-02,B,FAIL,ABNORMAL,ABNORMAL,,,,,,,,,,,,,,,,,,9.786,,,,,,,1,package_dimension_mm=9.786,True,True,True
2026-03-07 22:38:00,UNIT05913,LOT040,WAFER5913,PKG05913,7,Encapsulation / Molding,OSAT/ATMP,Packaging,MO-01,B,FAIL,ABNORMAL,ABNORMAL,,,,,,,,,,,,,189.443,138.891,-0.52,,,,,,,,,,1,void_percentage=-0.52,True,True,True
2026-03-07 22:20:00,UNIT05912,LOT040,WAFER5912,PKG05912,5,Die Attach,OSAT/ATMP,Assembly,DA-01,A,FAIL,ABNORMAL,ABNORMAL,,,,,,,,,7.421,33.572,,,,,,,,,,,,,,,1,attach_force_n=7.421,True,True,True
2026-03-07 22:04:00,UNIT05911,LOT040,WAFER5911,PKG05911,5,Die Attach,OSAT/ATMP,Assembly,DA-01,B,FAIL,ABNORMAL,ABNORMAL,,,,,,,,,9.353,58.782,,,,,,,,,,,,,,,1,attach_offset_um=58.782,True,True,True
2026-03-07 21:44:00,UNIT05910,LOT040,WAFER5910,PKG05910,1,Wafer Inspection,ATMP,Wafer Metrology,WI-02,B,FAIL,ABNORMAL,ABNORMAL,817.497,3.094,7.71,46.298,103.05,,,,,,,,,,,,,,,,,,,,1,wafer_thickness_um=817.497,True,True,True
2026-03-07 21:30:00,UNIT05909,LOT040,WAFER5909,PKG05909,3,Back Grinding,ATMP,Wafer Processing,BG-01,A,FAIL,ABNORMAL,ABNORMAL,738.374,,,,,,-0.933,,,,,,,,,,,,,,,,,,1,thickness_variation_um=-0.933,True,True,True
2026-03-07 21:22:00,UNIT05908,LOT040,WAFER5908,PKG05908,11,Burn-in,OSAT,Testing,BI-02,C,FAIL,ABNORMAL,ABNORMAL,,,,,,,,,,,,,,,,,,,131.784,5.452,,,,,1,burn_in_temperature_c=131.784,True,True,True
2026-03-07 21:06:00,UNIT05907,LOT040,WAFER5907,PKG05907,11,Burn-in,OSAT,Testing,BI-02,A,FAIL,ABNORMAL,ABNORMAL,,,,,,,,,,,,,,,,,,,120.86,8.425,,,,,1,burn_in_hours=8.425,True,True,True
2026-03-07 20:41:00,UNIT05906,LOT040,WAFER5906,PKG05906,2,Wafer Sort,OSAT,Wafer Test,WS-02,A,FAIL,ABNORMAL,ABNORMAL,,,,,,9.411,,,,,,,,,,,,,,,,,,,1,sort_current_a=9.411,True,True,True
2026-03-07 20:39:00,UNIT05905,LOT040,WAFER5905,PKG05905,16,Packing / Dispatch,ATMP,Packaging,PK-01,A,FAIL,ABNORMAL,ABNORMAL,,,,,,,,,,,,,,,,,,,,,,,,-1.824,1,packaging_damage_score=-1.824,True,True,True
2026-03-07 20:08:00,UNIT05904,LOT040,WAFER5904,PKG05904,1,Wafer Inspection,ATMP,Wafer Metrology,WI-01,A,FAIL,ABNORMAL,ABNORMAL,817.201,4.143,42.974,41.289,85.324,,,,,,,,,,,,,,,,,,,,1,wafer_thickness_um=817.201,True,True,True
2026-03-07 19:58:00,UNIT05903,LOT040,WAFER5903,PKG05903,7,Encapsulation / Molding,OSAT/ATMP,Packaging,MO-02,C,FAIL,ABNORMAL,ABNORMAL,,,,,,,,,,,,,185.577,95.739,1.249,,,,,,,,,,1,mold_cure_time_s=95.739,True,True,True
2026-03-07 19:45:00,UNIT05902,LOT040,WAFER5902,PKG05902,10,Package Inspection,OSAT/ATMP,Package Inspection,PI-02,B,FAIL,ABNORMAL,ABNORMAL,,,,,,,,,,,,,,,,,,9.774,,,,,,,1,package_dimension_mm=9.774,True,True,True
2026-03-07 19:15:00,UNIT05900,LOT040,WAFER5900,PKG05900,12,ICT,OSAT,Electrical Testing,ICT-01,C,FAIL,ABNORMAL,ABNORMAL,,,,,,,,,,,,,,,,,,,,,10.554,,,,1,ict_current_a=10.554,True,True,True
2026-03-07 18:49:00,UNIT05899,LOT040,WAFER5899,PKG05899,2,Wafer Sort,OSAT,Wafer Test,WS-02,A,FAIL,ABNORMAL,ABNORMAL,,,,,,9.357,,,,,,,,,,,,,,,,,,,1,sort_current_a=9.357,True,True,True
2026-03-07 18:32:00,UNIT05898,LOT040,WAFER5898,PKG05898,1,Wafer Inspection,ATMP,Wafer Metrology,WI-02,A,FAIL,ABNORMAL,ABNORMAL,713.592,3.958,34.371,59.412,94.118,,,,,,,,,,,,,,,,,,,,1,warp_um=59.412,True,True,True
2026-03-07 18:26:00,UNIT05897,LOT040,WAFER5897,PKG05897,11,Burn-in,OSAT,Testing,BI-01,A,FAIL,ABNORMAL,ABNORMAL,,,,,,,,,,,,,,,,,,,119.173,5.85,,,,,1,burn_in_temperature_c=119.173,True,True,True
2026-03-07 18:06:00,UNIT05896,LOT040,WAFER5896,PKG05896,7,Encapsulation / Molding,OSAT/ATMP,Packaging,MO-01,B,FAIL,ABNORMAL,ABNORMAL,,,,,,,,,,,,,167.733,111.181,4.215,,,,,,,,,,1,mold_temperature_c=167.733,True,True,True
2026-03-07 17:48:00,UNIT05895,LOT040,WAFER5895,PKG05895,5,Die Attach,OSAT/ATMP,Assembly,DA-02,B,FAIL,ABNORMAL,ABNORMAL,,,,,,,,,8.207,-4.682,,,,,,,,,,,,,,,1,attach_offset_um=-4.682,True,True,True
2026-03-07 17:34:00,UNIT05894,LOT040,WAFER5894,PKG05894,7,Encapsulation / Molding,OSAT/ATMP,Packaging,MO-01,C,FAIL,ABNORMAL,ABNORMAL,,,,,,,,,,,,,175.023,98.271,3.802,,,,,,,,,,1,mold_cure_time_s=98.271,True,True,True
2026-03-07 17:27:00,UNIT05893,LOT040,WAFER5893,PKG05893,16,Packing / Dispatch,ATMP,Packaging,PK-02,A,FAIL,ABNORMAL,ABNORMAL,,,,,,,,,,,,,,,,,,,,,,,,10.741,1,packaging_damage_score=10.741,True,True,True
2026-03-07 16:56:00,UNIT05892,LOT040,WAFER5892,PKG05892,1,Wafer Inspection,ATMP,Wafer Metrology,WI-01,A,FAIL,ABNORMAL,ABNORMAL,730.886,2.636,15.898,-5.037,113.687,,,,,,,,,,,,,,,,,,,,1,warp_um=-5.037,True,True,True
2026-03-07 16:18:00,UNIT05889,LOT040,WAFER5889,PKG05889,11,Burn-in,OSAT,Testing,BI-02,B,FAIL,ABNORMAL,ABNORMAL,,,,,,,,,,,,,,,,,,,120.301,3.996,,,,,1,burn_in_hours=3.996,True,True,True
2026-03-07 15:52:00,UNIT05888,LOT040,WAFER5888,PKG05888,1,Wafer Inspection,ATMP,Wafer Metrology,WI-01,A,FAIL,ABNORMAL,ABNORMAL,758.208,5.299,7.219,34.699,106.589,,,,,,,,,,,,,,,,,,,,1,ttv_um=5.299,True,True,True
2026-03-07 15:36:00,UNIT05887,LOT040,WAFER5887,PKG05887,1,Wafer Inspection,ATMP,Wafer Metrology,WI-01,A,FAIL,ABNORMAL,ABNORMAL,754.496,1.557,27.032,19.217,127.11,,,,,,,,,,,,,,,,,,,,1,tape_thickness_um=127.11,True,True,True
2026-03-07 15:27:00,UNIT05886,LOT040,WAFER5886,PKG05886,8,Marking,ATMP,Package Marking,MK-01,A,FAIL,ABNORMAL,ABNORMAL,,,,,,,,,,,,,,,,89.122,,,,,,,,,1,marking_quality_score=89.122,True,True,True
2026-03-07 15:09:00,UNIT05885,LOT040,WAFER5885,PKG05885,6,Wire Bonding,OSAT/ATMP,Assembly,WB-01,B,FAIL,ABNORMAL,ABNORMAL,,,,,,,,,,,63.744,4.7,,,,,,,,,,,,,1,bond_pull_strength_gf=4.7,True,True,True
2026-03-07 14:34:00,UNIT05883,LOT040,WAFER5883,PKG05883,3,Back Grinding,ATMP,Wafer Processing,BG-02,C,FAIL,ABNORMAL,ABNORMAL,814.285,,,,,,3.018,,,,,,,,,,,,,,,,,,1,wafer_thickness_um=814.285,True,True,True
2026-03-07 14:24:00,UNIT05882,LOT040,WAFER5882,PKG05882,9,Singulation,ATMP,Package Processing,SG-02,B,FAIL,ABNORMAL,ABNORMAL,,,,,,,,,,,,,,,,,11.158,,,,,,,,1,singulation_damage_score=11.158,True,True,True
2026-03-07 14:00:00,UNIT05881,LOT040,WAFER5881,PKG05881,1,Wafer Inspection,ATMP,Wafer Metrology,WI-01,B,FAIL,ABNORMAL,ABNORMAL,751.768,4.941,35.035,58.869,118.931,,,,,,,,,,,,,,,,,,,,1,warp_um=58.869,True,True,True
2026-03-07 13:44:00,UNIT05880,LOT040,WAFER5880,PKG05880,1,Wafer Inspection,ATMP,Wafer Metrology,WI-01,C,FAIL,ABNORMAL,ABNORMAL,736.293,-0.975,37.215,23.518,115.863,,,,,,,,,,,,,,,,,,,,1,ttv_um=-0.975,True,True,True
2026-03-07 13:38:00,UNIT05879,LOT040,WAFER5879,PKG05879,11,Burn-in,OSAT,Testing,BI-02,B,FAIL,ABNORMAL,ABNORMAL,,,,,,,,,,,,,,,,,,,130.482,5.143,,,,,1,burn_in_temperature_c=130.482,True,True,True
2026-03-07 13:09:00,UNIT05877,LOT040,WAFER5877,PKG05877,14,EOL,OSAT,Final Testing,EOL-01,B,FAIL,ABNORMAL,ABNORMAL,,,,,,,,,,,,,,,,,,,,,,,101.986,,1,eol_temperature_c=101.986,True,True,True
2026-03-07 12:47:00,UNIT05876,LOT040,WAFER5876,PKG05876,8,Marking,ATMP,Package Marking,MK-02,C,FAIL,ABNORMAL,ABNORMAL,,,,,,,,,,,,,,,,100.089,,,,,,,,,1,marking_quality_score=100.089,True,True,True
2026-03-07 12:26:00,UNIT05875,LOT040,WAFER5875,PKG05875,3,Back Grinding,ATMP,Wafer Processing,BG-02,C,FAIL,ABNORMAL,ABNORMAL,696.167,,,,,,1.108,,,,,,,,,,,,,,,,,,1,wafer_thickness_um=696.167,True,True,True
2026-03-07 12:12:00,UNIT05874,LOT040,WAFER5874,PKG05874,5,Die Attach,OSAT/ATMP,Assembly,DA-01,A,FAIL,ABNORMAL,ABNORMAL,,,,,,,,,11.24,57.368,,,,,,,,,,,,,,,1,attach_offset_um=57.368,True,True,True
2026-03-07 11:57:00,UNIT05873,LOT040,WAFER5873,PKG05873,6,Wire Bonding,OSAT/ATMP,Assembly,WB-02,B,FAIL,ABNORMAL,ABNORMAL,,,,,,,,,,,65.366,4.975,,,,,,,,,,,,,1,bond_pull_strength_gf=4.975,True,True,True
2026-03-07 11:20:00,UNIT05871,LOT040,WAFER5871,PKG05871,1,Wafer Inspection,ATMP,Wafer Metrology,WI-02,A,FAIL,ABNORMAL,ABNORMAL,709.562,4.917,-6.841,33.942,119.451,,,,,,,,,,,,,,,,,,,,1,bow_um=-6.841,True,True,True
2026-03-07 11:06:00,UNIT05870,LOT040,WAFER5870,PKG05870,3,Back Grinding,ATMP,Wafer Processing,BG-02,C,FAIL,ABNORMAL,ABNORMAL,815.813,,,,,,4.626,,,,,,,,,,,,,,,,,,1,wafer_thickness_um=815.813,True,True,True
2026-03-07 11:01:00,UNIT05869,LOT040,WAFER5869,PKG05869,14,EOL,OSAT,Final Testing,EOL-01,B,FAIL,ABNORMAL,ABNORMAL,,,,,,,,,,,,,,,,,,,,,,,103.795,,1,eol_temperature_c=103.795,True,True,True
2026-03-07 10:34:00,UNIT05868,LOT040,WAFER5868,PKG05868,3,Back Grinding,ATMP,Wafer Processing,BG-01,C,FAIL,ABNORMAL,ABNORMAL,702.861,,,,,,-0.797,,,,,,,,,,,,,,,,,,1,thickness_variation_um=-0.797,True,True,True
2026-03-07 10:18:00,UNIT05867,LOT040,WAFER5867,PKG05867,3,Back Grinding,ATMP,Wafer Processing,BG-02,C,FAIL,ABNORMAL,ABNORMAL,722.698,,,,,,5.881,,,,,,,,,,,,,,,,,,1,thickness_variation_um=5.881,True,True,True
2026-03-07 10:00:00,UNIT05866,LOT040,WAFER5866,PKG05866,1,Wafer Inspection,ATMP,Wafer Metrology,WI-02,A,FAIL,ABNORMAL,ABNORMAL,815.235,3.283,10.963,42.992,119.253,,,,,,,,,,,,,,,,,,,,1,wafer_thickness_um=815.235,True,True,True
2026-03-07 09:46:00,UNIT05865,LOT040,WAFER5865,PKG05865,3,Back Grinding,ATMP,Wafer Processing,BG-02,C,FAIL,ABNORMAL,ABNORMAL,683.913,,,,,,1.533,,,,,,,,,,,,,,,,,,1,wafer_thickness_um=683.913,True,True,True
2026-03-07 09:38:00,UNIT05864,LOT040,WAFER5864,PKG05864,11,Burn-in,OSAT,Testing,BI-02,A,FAIL,ABNORMAL,ABNORMAL,,,,,,,,,,,,,,,,,,,127.981,8.759,,,,,1,burn_in_hours=8.759,True,True,True
2026-03-07 09:01:00,UNIT05862,LOT040,WAFER5862,PKG05862,6,Wire Bonding,OSAT/ATMP,Assembly,WB-02,A,FAIL,ABNORMAL,ABNORMAL,,,,,,,,,,,64.702,4.837,,,,,,,,,,,,,1,bond_pull_strength_gf=4.837,True,True,True
2026-03-07 08:41:00,UNIT05861,LOT040,WAFER5861,PKG05861,2,Wafer Sort,OSAT,Wafer Test,WS-02,A,FAIL,ABNORMAL,ABNORMAL,,,,,,10.576,,,,,,,,,,,,,,,,,,,1,sort_current_a=10.576,True,True,True
2026-03-07 07:20:00,UNIT05856,LOT040,WAFER5856,PKG05856,1,Wafer Inspection,ATMP,Wafer Metrology,WI-02,A,FAIL,ABNORMAL,ABNORMAL,793.901,3.449,9.584,-6.87,90.649,,,,,,,,,,,,,,,,,,,,1,warp_um=-6.87,True,True,True
2026-03-07 06:34:00,UNIT05853,LOT040,WAFER5853,PKG05853,3,Back Grinding,ATMP,Wafer Processing,BG-01,B,FAIL,ABNORMAL,ABNORMAL,706.635,,,,,,-0.011,,,,,,,,,,,,,,,,,,1,thickness_variation_um=-0.011,True,True,True
2026-03-07 06:16:00,UNIT05852,LOT040,WAFER5852,PKG05852,1,Wafer Inspection,ATMP,Wafer Metrology,WI-01,C,FAIL,ABNORMAL,ABNORMAL,717.187,3.611,21.975,52.394,117.735,,,,,,,,,,,,,,,,,,,,1,warp_um=52.394,True,True,True
2026-03-07 06:04:00,UNIT05851,LOT040,WAFER5851,PKG05851,5,Die Attach,OSAT/ATMP,Assembly,DA-02,A,FAIL,ABNORMAL,ABNORMAL,,,,,,,,,12.377,14.206,,,,,,,,,,,,,,,1,attach_force_n=12.377,True,True,True
2026-03-07 05:50:00,UNIT05850,LOT039,WAFER5850,PKG05850,7,Encapsulation / Molding,OSAT/ATMP,Packaging,MO-01,C,FAIL,ABNORMAL,ABNORMAL,,,,,,,,,,,,,166.854,122.499,4.454,,,,,,,,,,1,mold_temperature_c=166.854,True,True,True
2026-03-07 05:42:00,UNIT05849,LOT039,WAFER5849,PKG05849,15,Final Inspection,ATMP,Final Inspection,FI-02,A,FAIL,ABNORMAL,ABNORMAL,,,,,,,,,,,,,,,,88.572,,9.93,,,,,,,1,marking_quality_score=88.572,True,True,True
2026-03-07 05:18:00,UNIT05848,LOT039,WAFER5848,PKG05848,7,Encapsulation / Molding,OSAT/ATMP,Packaging,MO-02,A,FAIL,ABNORMAL,ABNORMAL,,,,,,,,,,,,,180.319,101.896,-0.785,,,,,,,,,,1,void_percentage=-0.785,True,True,True
2026-03-07 04:46:00,UNIT05846,LOT039,WAFER5846,PKG05846,7,Encapsulation / Molding,OSAT/ATMP,Packaging,MO-01,C,FAIL,ABNORMAL,ABNORMAL,,,,,,,,,,,,,191.657,105.284,4.505,,,,,,,,,,1,mold_temperature_c=191.657,True,True,True
2026-03-07 04:30:00,UNIT05845,LOT039,WAFER5845,PKG05845,7,Encapsulation / Molding,OSAT/ATMP,Packaging,MO-02,B,FAIL,ABNORMAL,ABNORMAL,,,,,,,,,,,,,185.545,96.255,4.03,,,,,,,,,,1,mold_cure_time_s=96.255,True,True,True
2026-03-07 04:08:00,UNIT05844,LOT039,WAFER5844,PKG05844,1,Wafer Inspection,ATMP,Wafer Metrology,WI-01,B,FAIL,ABNORMAL,ABNORMAL,764.419,1.273,37.999,57.611,111.37,,,,,,,,,,,,,,,,,,,,1,warp_um=57.611,True,True,True
2026-03-07 03:56:00,UNIT05843,LOT039,WAFER5843,PKG05843,5,Die Attach,OSAT/ATMP,Assembly,DA-01,C,FAIL,ABNORMAL,ABNORMAL,,,,,,,,,7.388,6.938,,,,,,,,,,,,,,,1,attach_force_n=7.388,True,True,True
2026-03-07 03:25:00,UNIT05841,LOT039,WAFER5841,PKG05841,6,Wire Bonding,OSAT/ATMP,Assembly,WB-01,A,FAIL,ABNORMAL,ABNORMAL,,,,,,,,,,,60.678,4.957,,,,,,,,,,,,,1,bond_pull_strength_gf=4.957,True,True,True
2026-03-07 03:16:00,UNIT05840,LOT039,WAFER5840,PKG05840,13,FCT,OSAT,Functional Testing,FCT-01,C,FAIL,ABNORMAL,ABNORMAL,,,,,,,,,,,,,,,,,,,,,,3.506,,,1,fct_voltage_v=3.506,True,True,True
2026-03-07 02:56:00,UNIT05839,LOT039,WAFER5839,PKG05839,9,Singulation,ATMP,Package Processing,SG-02,C,FAIL,ABNORMAL,ABNORMAL,,,,,,,,,,,,,,,,,-0.018,,,,,,,,1,singulation_damage_score=-0.018,True,True,True
2026-03-07 02:32:00,UNIT05838,LOT039,WAFER5838,PKG05838,1,Wafer Inspection,ATMP,Wafer Metrology,WI-02,A,FAIL,ABNORMAL,ABNORMAL,681.652,1.927,9.912,1.894,89.015,,,,,,,,,,,,,,,,,,,,1,wafer_thickness_um=681.652,True,True,True
2026-03-07 02:15:00,UNIT05836,LOT039,WAFER5836,PKG05836,16,Packing / Dispatch,ATMP,Packaging,PK-02,B,FAIL,ABNORMAL,ABNORMAL,,,,,,,,,,,,,,,,,,,,,,,,-0.179,1,packaging_damage_score=-0.179,True,True,True
2026-03-07 01:49:00,UNIT05835,LOT039,WAFER5835,PKG05835,6,Wire Bonding,OSAT/ATMP,Assembly,WB-02,B,FAIL,ABNORMAL,ABNORMAL,,,,,,,,,,,58.996,5.482,,,,,,,,,,,,,1,wire_bond_force_n=58.996,True,True,True
2026-03-07 00:28:00,UNIT05830,LOT039,WAFER5830,PKG05830,5,Die Attach,OSAT/ATMP,Assembly,DA-01,A,FAIL,ABNORMAL,ABNORMAL,,,,,,,,,10.001,55.582,,,,,,,,,,,,,,,1,attach_offset_um=55.582,True,True,True
2026-03-06 23:42:00,UNIT05827,LOT039,WAFER5827,PKG05827,7,Encapsulation / Molding,OSAT/ATMP,Packaging,MO-01,C,FAIL,ABNORMAL,ABNORMAL,,,,,,,,,,,,,180.046,127.809,5.996,,,,,,,,,,1,void_percentage=5.996,True,True,True
2026-03-06 23:23:00,UNIT05826,LOT039,WAFER5826,PKG05826,4,Wafer Dicing,ATMP,Wafer Processing,WD-01,B,FAIL,ABNORMAL,ABNORMAL,,,,,,,,55.795,,,,,,,,,,,,,,,,,1,kerf_width_um=55.795,True,True,True
2026-03-06 23:04:00,UNIT05825,LOT039,WAFER5825,PKG05825,1,Wafer Inspection,ATMP,Wafer Metrology,WI-02,B,FAIL,ABNORMAL,ABNORMAL,732.843,0.6,5.213,48.437,127.647,,,,,,,,,,,,,,,,,,,,1,tape_thickness_um=127.647,True,True,True
2026-03-06 22:28:00,UNIT05822,LOT039,WAFER5822,PKG05822,13,FCT,OSAT,Functional Testing,FCT-02,B,FAIL,ABNORMAL,ABNORMAL,,,,,,,,,,,,,,,,,,,,,,3.05,,,1,fct_voltage_v=3.05,True,True,True
2026-03-06 22:01:00,UNIT05821,LOT039,WAFER5821,PKG05821,2,Wafer Sort,OSAT,Wafer Test,WS-01,B,FAIL,ABNORMAL,ABNORMAL,,,,,,10.675,,,,,,,,,,,,,,,,,,,1,sort_current_a=10.675,True,True,True
2026-03-06 21:18:00,UNIT05818,LOT039,WAFER5818,PKG05818,7,Encapsulation / Molding,OSAT/ATMP,Packaging,MO-01,C,FAIL,ABNORMAL,ABNORMAL,,,,,,,,,,,,,176.815,138.946,5.986,,,,,,,,,,1,void_percentage=5.986,True,True,True
2026-03-06 20:56:00,UNIT05817,LOT039,WAFER5817,PKG05817,1,Wafer Inspection,ATMP,Wafer Metrology,WI-01,A,FAIL,ABNORMAL,ABNORMAL,766.708,0.751,21.773,0.245,74.089,,,,,,,,,,,,,,,,,,,,1,tape_thickness_um=74.089,True,True,True
2026-03-06 20:49:00,UNIT05816,LOT039,WAFER5816,PKG05816,10,Package Inspection,OSAT/ATMP,Package Inspection,PI-02,B,FAIL,ABNORMAL,ABNORMAL,,,,,,,,,,,,,,,,,,9.742,,,,,,,1,package_dimension_mm=9.742,True,True,True
2026-03-06 20:24:00,UNIT05815,LOT039,WAFER5815,PKG05815,1,Wafer Inspection,ATMP,Wafer Metrology,WI-02,B,FAIL,ABNORMAL,ABNORMAL,784.889,0.535,-9.346,32.812,76.83,,,,,,,,,,,,,,,,,,,,2,bow_um=-9.346; tape_thickness_um=76.83,True,True,True
2026-03-06 20:10:00,UNIT05814,LOT039,WAFER5814,PKG05814,3,Back Grinding,ATMP,Wafer Processing,BG-01,A,FAIL,ABNORMAL,ABNORMAL,809.481,,,,,,2.782,,,,,,,,,,,,,,,,,,1,wafer_thickness_um=809.481,True,True,True
2026-03-06 19:56:00,UNIT05813,LOT039,WAFER5813,PKG05813,5,Die Attach,OSAT/ATMP,Assembly,DA-02,B,FAIL,ABNORMAL,ABNORMAL,,,,,,,,,7.651,14.55,,,,,,,,,,,,,,,1,attach_force_n=7.651,True,True,True
2026-03-06 19:40:00,UNIT05812,LOT039,WAFER5812,PKG05812,5,Die Attach,OSAT/ATMP,Assembly,DA-02,C,FAIL,ABNORMAL,ABNORMAL,,,,,,,,,7.58,18.009,,,,,,,,,,,,,,,1,attach_force_n=7.58,True,True,True
2026-03-06 19:10:00,UNIT05810,LOT039,WAFER5810,PKG05810,7,Encapsulation / Molding,OSAT/ATMP,Packaging,MO-02,A,FAIL,ABNORMAL,ABNORMAL,,,,,,,,,,,,,169.336,127.618,3.417,,,,,,,,,,1,mold_temperature_c=169.336,True,True,True
2026-03-06 18:32:00,UNIT05808,LOT039,WAFER5808,PKG05808,1,Wafer Inspection,ATMP,Wafer Metrology,WI-02,A,FAIL,ABNORMAL,ABNORMAL,750.552,1.86,1.37,47.484,120.316,,,,,,,,,,,,,,,,,,,,1,tape_thickness_um=120.316,True,True,True
2026-03-06 18:16:00,UNIT05807,LOT039,WAFER5807,PKG05807,1,Wafer Inspection,ATMP,Wafer Metrology,WI-01,A,FAIL,ABNORMAL,ABNORMAL,752.043,1.068,-4.188,12.934,86.601,,,,,,,,,,,,,,,,,,,,1,bow_um=-4.188,True,True,True
2026-03-06 18:06:00,UNIT05806,LOT039,WAFER5806,PKG05806,7,Encapsulation / Molding,OSAT/ATMP,Packaging,MO-01,B,FAIL,ABNORMAL,ABNORMAL,,,,,,,,,,,,,176.162,121.605,-0.353,,,,,,,,,,1,void_percentage=-0.353,True,True,True
2026-03-06 17:53:00,UNIT05805,LOT039,WAFER5805,PKG05805,10,Package Inspection,OSAT/ATMP,Package Inspection,PI-02,C,FAIL,ABNORMAL,ABNORMAL,,,,,,,,,,,,,,,,,,9.781,,,,,,,1,package_dimension_mm=9.781,True,True,True
2026-03-06 17:30:00,UNIT05804,LOT039,WAFER5804,PKG05804,3,Back Grinding,ATMP,Wafer Processing,BG-02,A,FAIL,ABNORMAL,ABNORMAL,701.584,,,,,,-0.506,,,,,,,,,,,,,,,,,,1,thickness_variation_um=-0.506,True,True,True
2026-03-06 17:16:00,UNIT05803,LOT039,WAFER5803,PKG05803,5,Die Attach,OSAT/ATMP,Assembly,DA-01,C,FAIL,ABNORMAL,ABNORMAL,,,,,,,,,11.48,54.271,,,,,,,,,,,,,,,1,attach_offset_um=54.271,True,True,True
2026-03-06 16:56:00,UNIT05802,LOT039,WAFER5802,PKG05802,1,Wafer Inspection,ATMP,Wafer Metrology,WI-02,A,FAIL,ABNORMAL,ABNORMAL,783.276,3.218,29.577,39.404,77.658,,,,,,,,,,,,,,,,,,,,1,tape_thickness_um=77.658,True,True,True
2026-03-06 16:50:00,UNIT05801,LOT039,WAFER5801,PKG05801,11,Burn-in,OSAT,Testing,BI-01,B,FAIL,ABNORMAL,ABNORMAL,,,,,,,,,,,,,,,,,,,130.154,6.357,,,,,1,burn_in_temperature_c=130.154,True,True,True
2026-03-06 16:29:00,UNIT05800,LOT039,WAFER5800,PKG05800,6,Wire Bonding,OSAT/ATMP,Assembly,WB-02,A,FAIL,ABNORMAL,ABNORMAL,,,,,,,,,,,60.479,4.417,,,,,,,,,,,,,1,bond_pull_strength_gf=4.417,True,True,True
2026-03-06 16:14:00,UNIT05799,LOT039,WAFER5799,PKG05799,7,Encapsulation / Molding,OSAT/ATMP,Packaging,MO-01,A,FAIL,ABNORMAL,ABNORMAL,,,,,,,,,,,,,168.658,122.999,2.981,,,,,,,,,,1,mold_temperature_c=168.658,True,True,True
2026-03-06 15:52:00,UNIT05798,LOT039,WAFER5798,PKG05798,1,Wafer Inspection,ATMP,Wafer Metrology,WI-02,A,FAIL,ABNORMAL,ABNORMAL,808.717,0.08,16.811,17.703,80.094,,,,,,,,,,,,,,,,,,,,1,wafer_thickness_um=808.717,True,True,True
2026-03-06 15:37:00,UNIT05797,LOT039,WAFER5797,PKG05797,2,Wafer Sort,OSAT,Wafer Test,WS-01,C,FAIL,ABNORMAL,ABNORMAL,,,,,,10.502,,,,,,,,,,,,,,,,,,,1,sort_current_a=10.502,True,True,True
2026-03-06 15:04:00,UNIT05795,LOT039,WAFER5795,PKG05795,1,Wafer Inspection,ATMP,Wafer Metrology,WI-02,C,FAIL,ABNORMAL,ABNORMAL,771.915,0.835,50.988,22.258,119.518,,,,,,,,,,,,,,,,,,,,1,bow_um=50.988,True,True,True
2026-03-06 14:42:00,UNIT05793,LOT039,WAFER5793,PKG05793,11,Burn-in,OSAT,Testing,BI-02,A,FAIL,ABNORMAL,ABNORMAL,,,,,,,,,,,,,,,,,,,128.792,3.9,,,,,1,burn_in_hours=3.9,True,True,True
2026-03-06 14:16:00,UNIT05792,LOT039,WAFER5792,PKG05792,1,Wafer Inspection,ATMP,Wafer Metrology,WI-01,C,FAIL,ABNORMAL,ABNORMAL,785.833,1.125,29.446,36.049,73.736,,,,,,,,,,,,,,,,,,,,1,tape_thickness_um=73.736,True,True,True
2026-03-06 13:44:00,UNIT05790,LOT039,WAFER5790,PKG05790,1,Wafer Inspection,ATMP,Wafer Metrology,WI-02,B,FAIL,ABNORMAL,ABNORMAL,709.92,5.321,30.626,23.639,93.288,,,,,,,,,,,,,,,,,,,,1,ttv_um=5.321,True,True,True
2026-03-06 13:28:00,UNIT05789,LOT039,WAFER5789,PKG05789,1,Wafer Inspection,ATMP,Wafer Metrology,WI-01,B,FAIL,ABNORMAL,ABNORMAL,723.595,0.268,14.984,-3.305,87.318,,,,,,,,,,,,,,,,,,,,1,warp_um=-3.305,True,True,True
2026-03-06 13:05:00,UNIT05787,LOT039,WAFER5787,PKG05787,10,Package Inspection,OSAT/ATMP,Package Inspection,PI-02,C,FAIL,ABNORMAL,ABNORMAL,,,,,,,,,,,,,,,,,,9.773,,,,,,,1,package_dimension_mm=9.773,True,True,True
2026-03-06 12:33:00,UNIT05785,LOT039,WAFER5785,PKG05785,10,Package Inspection,OSAT/ATMP,Package Inspection,PI-01,C,FAIL,ABNORMAL,ABNORMAL,,,,,,,,,,,,,,,,,,10.203,,,,,,,1,package_dimension_mm=10.203,True,True,True
2026-03-06 12:21:00,UNIT05784,LOT039,WAFER5784,PKG05784,14,EOL,OSAT,Final Testing,EOL-02,B,FAIL,ABNORMAL,ABNORMAL,,,,,,,,,,,,,,,,,,,,,,,79.532,,1,eol_temperature_c=79.532,True,True,True
2026-03-06 11:45:00,UNIT05782,LOT039,WAFER5782,PKG05782,10,Package Inspection,OSAT/ATMP,Package Inspection,PI-01,A,FAIL,ABNORMAL,ABNORMAL,,,,,,,,,,,,,,,,,,10.232,,,,,,,1,package_dimension_mm=10.232,True,True,True
2026-03-06 11:30:00,UNIT05781,LOT039,WAFER5781,PKG05781,11,Burn-in,OSAT,Testing,BI-01,B,FAIL,ABNORMAL,ABNORMAL,,,,,,,,,,,,,,,,,,,130.412,4.221,,,,,1,burn_in_temperature_c=130.412,True,True,True
2026-03-06 11:16:00,UNIT05780,LOT039,WAFER5780,PKG05780,13,FCT,OSAT,Functional Testing,FCT-02,B,FAIL,ABNORMAL,ABNORMAL,,,,,,,,,,,,,,,,,,,,,,3.531,,,1,fct_voltage_v=3.531,True,True,True
2026-03-06 10:38:00,UNIT05778,LOT039,WAFER5778,PKG05778,7,Encapsulation / Molding,OSAT/ATMP,Packaging,MO-01,A,FAIL,ABNORMAL,ABNORMAL,,,,,,,,,,,,,187.828,97.721,0.496,,,,,,,,,,1,mold_cure_time_s=97.721,True,True,True
2026-03-06 10:12:00,UNIT05776,LOT039,WAFER5776,PKG05776,13,FCT,OSAT,Functional Testing,FCT-02,C,FAIL,ABNORMAL,ABNORMAL,,,,,,,,,,,,,,,,,,,,,,3.544,,,1,fct_voltage_v=3.544,True,True,True
2026-03-06 09:48:00,UNIT05775,LOT039,WAFER5775,PKG05775,5,Die Attach,OSAT/ATMP,Assembly,DA-02,B,FAIL,ABNORMAL,ABNORMAL,,,,,,,,,10.003,53.777,,,,,,,,,,,,,,,1,attach_offset_um=53.777,True,True,True
2026-03-06 09:34:00,UNIT05774,LOT039,WAFER5774,PKG05774,7,Encapsulation / Molding,OSAT/ATMP,Packaging,MO-02,A,FAIL,ABNORMAL,ABNORMAL,,,,,,,,,,,,,170.346,144.559,3.355,,,,,,,,,,1,mold_cure_time_s=144.559,True,True,True
2026-03-06 09:12:00,UNIT05773,LOT039,WAFER5773,PKG05773,1,Wafer Inspection,ATMP,Wafer Metrology,WI-01,C,FAIL,ABNORMAL,ABNORMAL,787.648,4.982,31.974,-9.183,112.912,,,,,,,,,,,,,,,,,,,,1,warp_um=-9.183,True,True,True
2026-03-06 09:02:00,UNIT05772,LOT039,WAFER5772,PKG05772,7,Encapsulation / Molding,OSAT/ATMP,Packaging,MO-01,A,FAIL,ABNORMAL,ABNORMAL,,,,,,,,,,,,,166.114,138.212,4.327,,,,,,,,,,1,mold_temperature_c=166.114,True,True,True
2026-03-06 08:34:00,UNIT05770,LOT039,WAFER5770,PKG05770,11,Burn-in,OSAT,Testing,BI-01,A,FAIL,ABNORMAL,ABNORMAL,,,,,,,,,,,,,,,,,,,130.585,6.885,,,,,1,burn_in_temperature_c=130.585,True,True,True
2026-03-06 08:08:00,UNIT05769,LOT039,WAFER5769,PKG05769,1,Wafer Inspection,ATMP,Wafer Metrology,WI-01,B,FAIL,ABNORMAL,ABNORMAL,685.042,3.821,17.538,29.193,110.466,,,,,,,,,,,,,,,,,,,,1,wafer_thickness_um=685.042,True,True,True
2026-03-06 08:05:00,UNIT05768,LOT039,WAFER5768,PKG05768,14,EOL,OSAT,Final Testing,EOL-02,A,FAIL,ABNORMAL,ABNORMAL,,,,,,,,,,,,,,,,,,,,,,,100.716,,1,eol_temperature_c=100.716,True,True,True
2026-03-06 07:34:00,UNIT05766,LOT039,WAFER5766,PKG05766,15,Final Inspection,ATMP,Final Inspection,FI-01,B,FAIL,ABNORMAL,ABNORMAL,,,,,,,,,,,,,,,,100.947,,9.995,,,,,,,1,marking_quality_score=100.947,True,True,True
2026-03-06 06:32:00,UNIT05763,LOT039,WAFER5763,PKG05763,1,Wafer Inspection,ATMP,Wafer Metrology,WI-01,A,FAIL,ABNORMAL,ABNORMAL,794.818,1.524,26.672,28.556,73.709,,,,,,,,,,,,,,,,,,,,1,tape_thickness_um=73.709,True,True,True
2026-03-06 06:18:00,UNIT05762,LOT039,WAFER5762,PKG05762,3,Back Grinding,ATMP,Wafer Processing,BG-02,C,FAIL,ABNORMAL,ABNORMAL,812.774,,,,,,1.073,,,,,,,,,,,,,,,,,,1,wafer_thickness_um=812.774,True,True,True
2026-03-06 05:44:00,UNIT05760,LOT039,WAFER5760,PKG05760,1,Wafer Inspection,ATMP,Wafer Metrology,WI-01,A,FAIL,ABNORMAL,ABNORMAL,720.37,0.905,56.074,1.448,103.505,,,,,,,,,,,,,,,,,,,,1,bow_um=56.074,True,True,True
2026-03-06 05:31:00,UNIT05759,LOT039,WAFER5759,PKG05759,4,Wafer Dicing,ATMP,Wafer Processing,WD-01,A,FAIL,ABNORMAL,ABNORMAL,,,,,,,,43.391,,,,,,,,,,,,,,,,,1,kerf_width_um=43.391,True,True,True
2026-03-06 05:12:00,UNIT05758,LOT039,WAFER5758,PKG05758,1,Wafer Inspection,ATMP,Wafer Metrology,WI-02,A,FAIL,ABNORMAL,ABNORMAL,758.858,2.223,-0.913,7.331,99.589,,,,,,,,,,,,,,,,,,,,1,bow_um=-0.913,True,True,True
2026-03-06 04:40:00,UNIT05756,LOT039,WAFER5756,PKG05756,1,Wafer Inspection,ATMP,Wafer Metrology,WI-02,C,FAIL,ABNORMAL,ABNORMAL,773.719,1.419,33.895,39.545,124.555,,,,,,,,,,,,,,,,,,,,1,tape_thickness_um=124.555,True,True,True
2026-03-06 04:24:00,UNIT05755,LOT039,WAFER5755,PKG05755,1,Wafer Inspection,ATMP,Wafer Metrology,WI-02,A,FAIL,ABNORMAL,ABNORMAL,788.941,5.109,43.334,23.768,87.343,,,,,,,,,,,,,,,,,,,,1,ttv_um=5.109,True,True,True
2026-03-06 04:23:00,UNIT05754,LOT039,WAFER5754,PKG05754,16,Packing / Dispatch,ATMP,Packaging,PK-01,C,FAIL,ABNORMAL,ABNORMAL,,,,,,,,,,,,,,,,,,,,,,,,-1.32,1,packaging_damage_score=-1.32,True,True,True
2026-03-06 04:04:00,UNIT05753,LOT039,WAFER5753,PKG05753,13,FCT,OSAT,Functional Testing,FCT-01,C,FAIL,ABNORMAL,ABNORMAL,,,,,,,,,,,,,,,,,,,,,,3.502,,,1,fct_voltage_v=3.502,True,True,True
2026-03-06 03:03:00,UNIT05749,LOT039,WAFER5749,PKG05749,16,Packing / Dispatch,ATMP,Packaging,PK-01,B,FAIL,ABNORMAL,ABNORMAL,,,,,,,,,,,,,,,,,,,,,,,,10.117,1,packaging_damage_score=10.117,True,True,True
2026-03-06 02:35:00,UNIT05748,LOT039,WAFER5748,PKG05748,4,Wafer Dicing,ATMP,Wafer Processing,WD-02,A,FAIL,ABNORMAL,ABNORMAL,,,,,,,,56.934,,,,,,,,,,,,,,,,,1,kerf_width_um=56.934,True,True,True
2026-03-06 02:20:00,UNIT05747,LOT039,WAFER5747,PKG05747,5,Die Attach,OSAT/ATMP,Assembly,DA-01,A,FAIL,ABNORMAL,ABNORMAL,,,,,,,,,12.572,11.569,,,,,,,,,,,,,,,1,attach_force_n=12.572,True,True,True
2026-03-06 01:51:00,UNIT05745,LOT039,WAFER5745,PKG05745,8,Marking,ATMP,Package Marking,MK-02,C,FAIL,ABNORMAL,ABNORMAL,,,,,,,,,,,,,,,,88.432,,,,,,,,,1,marking_quality_score=88.432,True,True,True
2026-03-06 01:35:00,UNIT05744,LOT039,WAFER5744,PKG05744,8,Marking,ATMP,Package Marking,MK-01,A,FAIL,ABNORMAL,ABNORMAL,,,,,,,,,,,,,,,,88.999,,,,,,,,,1,marking_quality_score=88.999,True,True,True
2026-03-06 00:57:00,UNIT05742,LOT039,WAFER5742,PKG05742,2,Wafer Sort,OSAT,Wafer Test,WS-01,A,FAIL,ABNORMAL,ABNORMAL,,,,,,9.364,,,,,,,,,,,,,,,,,,,1,sort_current_a=9.364,True,True,True
2026-03-05 23:53:00,UNIT05738,LOT039,WAFER5738,PKG05738,2,Wafer Sort,OSAT,Wafer Test,WS-02,B,FAIL,ABNORMAL,ABNORMAL,,,,,,9.365,,,,,,,,,,,,,,,,,,,1,sort_current_a=9.365,True,True,True
2026-03-05 23:36:00,UNIT05737,LOT039,WAFER5737,PKG05737,1,Wafer Inspection,ATMP,Wafer Metrology,WI-02,B,FAIL,ABNORMAL,ABNORMAL,794.306,5.402,54.922,16.712,88.358,,,,,,,,,,,,,,,,,,,,2,ttv_um=5.402; bow_um=54.922,True,True,True
2026-03-05 23:17:00,UNIT05735,LOT039,WAFER5735,PKG05735,14,EOL,OSAT,Final Testing,EOL-02,A,FAIL,ABNORMAL,ABNORMAL,,,,,,,,,,,,,,,,,,,,,,,101.545,,1,eol_temperature_c=101.545,True,True,True
2026-03-05 22:48:00,UNIT05734,LOT039,WAFER5734,PKG05734,1,Wafer Inspection,ATMP,Wafer Metrology,WI-02,C,FAIL,ABNORMAL,ABNORMAL,712.303,1.835,22.866,55.096,84.898,,,,,,,,,,,,,,,,,,,,1,warp_um=55.096,True,True,True
2026-03-05 22:32:00,UNIT05733,LOT039,WAFER5733,PKG05733,1,Wafer Inspection,ATMP,Wafer Metrology,WI-02,B,FAIL,ABNORMAL,ABNORMAL,801.204,4.2,45.49,10.971,97.028,,,,,,,,,,,,,,,,,,,,1,wafer_thickness_um=801.204,True,True,True
2026-03-05 22:16:00,UNIT05732,LOT039,WAFER5732,PKG05732,1,Wafer Inspection,ATMP,Wafer Metrology,WI-01,A,FAIL,ABNORMAL,ABNORMAL,765.302,4.802,14.981,10.03,127.665,,,,,,,,,,,,,,,,,,,,1,tape_thickness_um=127.665,True,True,True
2026-03-05 22:00:00,UNIT05731,LOT039,WAFER5731,PKG05731,1,Wafer Inspection,ATMP,Wafer Metrology,WI-01,A,FAIL,ABNORMAL,ABNORMAL,758.988,4.216,29.925,30.035,75.303,,,,,,,,,,,,,,,,,,,,1,tape_thickness_um=75.303,True,True,True
2026-03-05 21:52:00,UNIT05730,LOT039,WAFER5730,PKG05730,9,Singulation,ATMP,Package Processing,SG-02,A,FAIL,ABNORMAL,ABNORMAL,,,,,,,,,,,,,,,,,-1.506,,,,,,,,1,singulation_damage_score=-1.506,True,True,True
2026-03-05 21:33:00,UNIT05729,LOT039,WAFER5729,PKG05729,6,Wire Bonding,OSAT/ATMP,Assembly,WB-01,C,FAIL,ABNORMAL,ABNORMAL,,,,,,,,,,,59.017,8.334,,,,,,,,,,,,,1,wire_bond_force_n=59.017,True,True,True
2026-03-05 21:12:00,UNIT05728,LOT039,WAFER5728,PKG05728,1,Wafer Inspection,ATMP,Wafer Metrology,WI-01,C,FAIL,ABNORMAL,ABNORMAL,811.921,1.109,17.937,22.983,107.55,,,,,,,,,,,,,,,,,,,,1,wafer_thickness_um=811.921,True,True,True
2026-03-05 20:58:00,UNIT05727,LOT039,WAFER5727,PKG05727,3,Back Grinding,ATMP,Wafer Processing,BG-02,B,FAIL,ABNORMAL,ABNORMAL,698.486,,,,,,1.597,,,,,,,,,,,,,,,,,,1,wafer_thickness_um=698.486,True,True,True
2026-03-05 20:49:00,UNIT05726,LOT039,WAFER5726,PKG05726,10,Package Inspection,OSAT/ATMP,Package Inspection,PI-02,C,FAIL,ABNORMAL,ABNORMAL,,,,,,,,,,,,,,,,,,10.242,,,,,,,1,package_dimension_mm=10.242,True,True,True
2026-03-05 20:24:00,UNIT05725,LOT039,WAFER5725,PKG05725,1,Wafer Inspection,ATMP,Wafer Metrology,WI-02,B,FAIL,ABNORMAL,ABNORMAL,712.759,0.731,12.671,52.308,91.182,,,,,,,,,,,,,,,,,,,,1,warp_um=52.308,True,True,True
2026-03-05 20:21:00,UNIT05724,LOT039,WAFER5724,PKG05724,14,EOL,OSAT,Final Testing,EOL-01,B,FAIL,ABNORMAL,ABNORMAL,,,,,,,,,,,,,,,,,,,,,,,77.257,,1,eol_temperature_c=77.257,True,True,True
2026-03-05 19:53:00,UNIT05723,LOT039,WAFER5723,PKG05723,2,Wafer Sort,OSAT,Wafer Test,WS-01,B,FAIL,ABNORMAL,ABNORMAL,,,,,,10.519,,,,,,,,,,,,,,,,,,,1,sort_current_a=10.519,True,True,True
2026-03-05 19:50:00,UNIT05722,LOT039,WAFER5722,PKG05722,15,Final Inspection,ATMP,Final Inspection,FI-01,A,FAIL,ABNORMAL,ABNORMAL,,,,,,,,,,,,,,,,99.93,,10.234,,,,,,,1,package_dimension_mm=10.234,True,True,True
2026-03-05 19:26:00,UNIT05721,LOT039,WAFER5721,PKG05721,7,Encapsulation / Molding,OSAT/ATMP,Packaging,MO-01,B,FAIL,ABNORMAL,ABNORMAL,,,,,,,,,,,,,170.245,106.051,5.353,,,,,,,,,,1,void_percentage=5.353,True,True,True
2026-03-05 19:04:00,UNIT05720,LOT039,WAFER5720,PKG05720,1,Wafer Inspection,ATMP,Wafer Metrology,WI-02,A,FAIL,ABNORMAL,ABNORMAL,696.054,0.807,38.224,18.711,81.082,,,,,,,,,,,,,,,,,,,,1,wafer_thickness_um=696.054,True,True,True
2026-03-05 18:59:00,UNIT05719,LOT039,WAFER5719,PKG05719,12,ICT,OSAT,Electrical Testing,ICT-02,B,FAIL,ABNORMAL,ABNORMAL,,,,,,,,,,,,,,,,,,,,,9.386,,,,1,ict_current_a=9.386,True,True,True
2026-03-05 18:32:00,UNIT05718,LOT039,WAFER5718,PKG05718,1,Wafer Inspection,ATMP,Wafer Metrology,WI-01,B,FAIL,ABNORMAL,ABNORMAL,758.6,1.522,1.072,37.443,123.797,,,,,,,,,,,,,,,,,,,,1,tape_thickness_um=123.797,True,True,True
2026-03-05 18:30:00,UNIT05717,LOT039,WAFER5717,PKG05717,15,Final Inspection,ATMP,Final Inspection,FI-02,C,FAIL,ABNORMAL,ABNORMAL,,,,,,,,,,,,,,,,101.47,,9.876,,,,,,,1,marking_quality_score=101.47,True,True,True
2026-03-05 18:00:00,UNIT05716,LOT039,WAFER5716,PKG05716,1,Wafer Inspection,ATMP,Wafer Metrology,WI-02,B,FAIL,ABNORMAL,ABNORMAL,755.798,3.888,1.341,-7.323,94.184,,,,,,,,,,,,,,,,,,,,1,warp_um=-7.323,True,True,True
2026-03-05 17:44:00,UNIT05715,LOT039,WAFER5715,PKG05715,1,Wafer Inspection,ATMP,Wafer Metrology,WI-02,B,FAIL,ABNORMAL,ABNORMAL,796.65,4.995,57.592,24.265,91.841,,,,,,,,,,,,,,,,,,,,1,bow_um=57.592,True,True,True
2026-03-05 17:28:00,UNIT05714,LOT039,WAFER5714,PKG05714,1,Wafer Inspection,ATMP,Wafer Metrology,WI-01,A,FAIL,ABNORMAL,ABNORMAL,752.861,4.863,56.465,26.44,114.801,,,,,,,,,,,,,,,,,,,,1,bow_um=56.465,True,True,True
2026-03-05 17:18:00,UNIT05713,LOT039,WAFER5713,PKG05713,7,Encapsulation / Molding,OSAT/ATMP,Packaging,MO-01,B,FAIL,ABNORMAL,ABNORMAL,,,,,,,,,,,,,191.938,135.817,4.958,,,,,,,,,,1,mold_temperature_c=191.938,True,True,True
2026-03-05 17:02:00,UNIT05712,LOT039,WAFER5712,PKG05712,7,Encapsulation / Molding,OSAT/ATMP,Packaging,MO-02,A,FAIL,ABNORMAL,ABNORMAL,,,,,,,,,,,,,191.266,110.288,1.635,,,,,,,,,,1,mold_temperature_c=191.266,True,True,True
2026-03-05 16:44:00,UNIT05711,LOT039,WAFER5711,PKG05711,5,Die Attach,OSAT/ATMP,Assembly,DA-01,A,FAIL,ABNORMAL,ABNORMAL,,,,,,,,,12.618,45.691,,,,,,,,,,,,,,,1,attach_force_n=12.618,True,True,True
2026-03-05 16:24:00,UNIT05710,LOT039,WAFER5710,PKG05710,1,Wafer Inspection,ATMP,Wafer Metrology,WI-01,B,FAIL,ABNORMAL,ABNORMAL,810.096,-0.789,43.358,41.407,81.37,,,,,,,,,,,,,,,,,,,,2,wafer_thickness_um=810.096; ttv_um=-0.789,True,True,True
2026-03-05 16:13:00,UNIT05709,LOT039,WAFER5709,PKG05709,6,Wire Bonding,OSAT/ATMP,Assembly,WB-02,B,FAIL,ABNORMAL,ABNORMAL,,,,,,,,,,,68.97,10.498,,,,,,,,,,,,,1,bond_pull_strength_gf=10.498,True,True,True
2026-03-05 15:52:00,UNIT05708,LOT039,WAFER5708,PKG05708,1,Wafer Inspection,ATMP,Wafer Metrology,WI-02,B,FAIL,ABNORMAL,ABNORMAL,690.816,2.518,20.464,21.344,86.888,,,,,,,,,,,,,,,,,,,,1,wafer_thickness_um=690.816,True,True,True
2026-03-05 15:36:00,UNIT05707,LOT039,WAFER5707,PKG05707,1,Wafer Inspection,ATMP,Wafer Metrology,WI-01,C,FAIL,ABNORMAL,ABNORMAL,718.227,4.453,56.487,6.789,87.324,,,,,,,,,,,,,,,,,,,,1,bow_um=56.487,True,True,True
2026-03-05 15:25:00,UNIT05706,LOT039,WAFER5706,PKG05706,6,Wire Bonding,OSAT/ATMP,Assembly,WB-02,B,FAIL,ABNORMAL,ABNORMAL,,,,,,,,,,,68.172,4.485,,,,,,,,,,,,,1,bond_pull_strength_gf=4.485,True,True,True
2026-03-05 15:04:00,UNIT05705,LOT039,WAFER5705,PKG05705,1,Wafer Inspection,ATMP,Wafer Metrology,WI-02,B,FAIL,ABNORMAL,ABNORMAL,767.57,-0.443,6.262,41.811,87.343,,,,,,,,,,,,,,,,,,,,1,ttv_um=-0.443,True,True,True
2026-03-05 14:32:00,UNIT05703,LOT039,WAFER5703,PKG05703,1,Wafer Inspection,ATMP,Wafer Metrology,WI-01,B,FAIL,ABNORMAL,ABNORMAL,807.172,0.865,26.049,26.49,97.492,,,,,,,,,,,,,,,,,,,,1,wafer_thickness_um=807.172,True,True,True
2026-03-05 14:02:00,UNIT05701,LOT039,WAFER5701,PKG05701,3,Back Grinding,ATMP,Wafer Processing,BG-02,B,FAIL,ABNORMAL,ABNORMAL,778.219,,,,,,-0.035,,,,,,,,,,,,,,,,,,1,thickness_variation_um=-0.035,True,True,True
2026-03-05 13:50:00,UNIT05700,LOT038,WAFER5700,PKG05700,7,Encapsulation / Molding,OSAT/ATMP,Packaging,MO-02,B,FAIL,ABNORMAL,ABNORMAL,,,,,,,,,,,,,172.01,127.128,-0.117,,,,,,,,,,1,void_percentage=-0.117,True,True,True
2026-03-05 13:38:00,UNIT05699,LOT038,WAFER5699,PKG05699,11,Burn-in,OSAT,Testing,BI-01,A,FAIL,ABNORMAL,ABNORMAL,,,,,,,,,,,,,,,,,,,127.747,8.247,,,,,1,burn_in_hours=8.247,True,True,True
2026-03-05 13:13:00,UNIT05698,LOT038,WAFER5698,PKG05698,2,Wafer Sort,OSAT,Wafer Test,WS-02,C,FAIL,ABNORMAL,ABNORMAL,,,,,,9.325,,,,,,,,,,,,,,,,,,,1,sort_current_a=9.325,True,True,True
2026-03-05 12:56:00,UNIT05697,LOT038,WAFER5697,PKG05697,1,Wafer Inspection,ATMP,Wafer Metrology,WI-02,B,FAIL,ABNORMAL,ABNORMAL,795.601,2.104,5.124,-0.278,91.221,,,,,,,,,,,,,,,,,,,,1,warp_um=-0.278,True,True,True
2026-03-05 12:52:00,UNIT05696,LOT038,WAFER5696,PKG05696,13,FCT,OSAT,Functional Testing,FCT-02,A,FAIL,ABNORMAL,ABNORMAL,,,,,,,,,,,,,,,,,,,,,,3.026,,,1,fct_voltage_v=3.026,True,True,True
2026-03-05 12:10:00,UNIT05694,LOT038,WAFER5694,PKG05694,3,Back Grinding,ATMP,Wafer Processing,BG-01,A,FAIL,ABNORMAL,ABNORMAL,764.074,,,,,,5.498,,,,,,,,,,,,,,,,,,1,thickness_variation_um=5.498,True,True,True
2026-03-05 11:52:00,UNIT05693,LOT038,WAFER5693,PKG05693,1,Wafer Inspection,ATMP,Wafer Metrology,WI-02,C,FAIL,ABNORMAL,ABNORMAL,793.207,2.775,1.395,34.305,72.404,,,,,,,,,,,,,,,,,,,,1,tape_thickness_um=72.404,True,True,True
2026-03-05 11:42:00,UNIT05692,LOT038,WAFER5692,PKG05692,7,Encapsulation / Molding,OSAT/ATMP,Packaging,MO-01,B,FAIL,ABNORMAL,ABNORMAL,,,,,,,,,,,,,176.103,96.795,2.579,,,,,,,,,,1,mold_cure_time_s=96.795,True,True,True
2026-03-05 11:34:00,UNIT05691,LOT038,WAFER5691,PKG05691,15,Final Inspection,ATMP,Final Inspection,FI-02,A,FAIL,ABNORMAL,ABNORMAL,,,,,,,,,,,,,,,,88.117,,9.905,,,,,,,1,marking_quality_score=88.117,True,True,True
2026-03-05 10:52:00,UNIT05689,LOT038,WAFER5689,PKG05689,5,Die Attach,OSAT/ATMP,Assembly,DA-01,C,FAIL,ABNORMAL,ABNORMAL,,,,,,,,,12.043,29.163,,,,,,,,,,,,,,,1,attach_force_n=12.043,True,True,True
2026-03-05 10:37:00,UNIT05688,LOT038,WAFER5688,PKG05688,6,Wire Bonding,OSAT/ATMP,Assembly,WB-02,A,FAIL,ABNORMAL,ABNORMAL,,,,,,,,,,,70.957,5.84,,,,,,,,,,,,,1,wire_bond_force_n=70.957,True,True,True
2026-03-05 10:20:00,UNIT05687,LOT038,WAFER5687,PKG05687,5,Die Attach,OSAT/ATMP,Assembly,DA-02,C,FAIL,ABNORMAL,ABNORMAL,,,,,,,,,7.549,14.188,,,,,,,,,,,,,,,1,attach_force_n=7.549,True,True,True
2026-03-05 09:53:00,UNIT05685,LOT038,WAFER5685,PKG05685,10,Package Inspection,OSAT/ATMP,Package Inspection,PI-02,A,FAIL,ABNORMAL,ABNORMAL,,,,,,,,,,,,,,,,,,10.278,,,,,,,1,package_dimension_mm=10.278,True,True,True
2026-03-05 09:30:00,UNIT05684,LOT038,WAFER5684,PKG05684,3,Back Grinding,ATMP,Wafer Processing,BG-01,A,FAIL,ABNORMAL,ABNORMAL,791.459,,,,,,5.347,,,,,,,,,,,,,,,,,,1,thickness_variation_um=5.347,True,True,True
2026-03-05 09:23:00,UNIT05683,LOT038,WAFER5683,PKG05683,12,ICT,OSAT,Electrical Testing,ICT-02,B,FAIL,ABNORMAL,ABNORMAL,,,,,,,,,,,,,,,,,,,,,9.386,,,,1,ict_current_a=9.386,True,True,True
2026-03-05 09:03:00,UNIT05682,LOT038,WAFER5682,PKG05682,8,Marking,ATMP,Package Marking,MK-01,A,FAIL,ABNORMAL,ABNORMAL,,,,,,,,,,,,,,,,101.313,,,,,,,,,1,marking_quality_score=101.313,True,True,True
2026-03-05 08:42:00,UNIT05681,LOT038,WAFER5681,PKG05681,3,Back Grinding,ATMP,Wafer Processing,BG-02,C,FAIL,ABNORMAL,ABNORMAL,775.944,,,,,,5.427,,,,,,,,,,,,,,,,,,1,thickness_variation_um=5.427,True,True,True
2026-03-05 08:08:00,UNIT05679,LOT038,WAFER5679,PKG05679,1,Wafer Inspection,ATMP,Wafer Metrology,WI-01,B,FAIL,ABNORMAL,ABNORMAL,690.316,5.115,47.993,6.034,127.432,,,,,,,,,,,,,,,,,,,,3,wafer_thickness_um=690.316; ttv_um=5.115; tape_thickness_um=127.432,True,True,True
2026-03-05 07:52:00,UNIT05678,LOT038,WAFER5678,PKG05678,1,Wafer Inspection,ATMP,Wafer Metrology,WI-01,C,FAIL,ABNORMAL,ABNORMAL,764.973,2.445,43.069,-0.467,94.847,,,,,,,,,,,,,,,,,,,,1,warp_um=-0.467,True,True,True
2026-03-05 07:36:00,UNIT05677,LOT038,WAFER5677,PKG05677,1,Wafer Inspection,ATMP,Wafer Metrology,WI-01,A,FAIL,ABNORMAL,ABNORMAL,799.75,3.6,28.991,51.834,117.916,,,,,,,,,,,,,,,,,,,,1,warp_um=51.834,True,True,True
2026-03-05 07:25:00,UNIT05676,LOT038,WAFER5676,PKG05676,6,Wire Bonding,OSAT/ATMP,Assembly,WB-02,B,FAIL,ABNORMAL,ABNORMAL,,,,,,,,,,,61.742,4.781,,,,,,,,,,,,,1,bond_pull_strength_gf=4.781,True,True,True
2026-03-05 07:06:00,UNIT05675,LOT038,WAFER5675,PKG05675,3,Back Grinding,ATMP,Wafer Processing,BG-02,A,FAIL,ABNORMAL,ABNORMAL,814.969,,,,,,2.82,,,,,,,,,,,,,,,,,,1,wafer_thickness_um=814.969,True,True,True
2026-03-05 06:49:00,UNIT05674,LOT038,WAFER5674,PKG05674,2,Wafer Sort,OSAT,Wafer Test,WS-02,A,FAIL,ABNORMAL,ABNORMAL,,,,,,10.543,,,,,,,,,,,,,,,,,,,1,sort_current_a=10.543,True,True,True
2026-03-05 06:30:00,UNIT05672,LOT038,WAFER5672,PKG05672,15,Final Inspection,ATMP,Final Inspection,FI-01,B,FAIL,ABNORMAL,ABNORMAL,,,,,,,,,,,,,,,,98.101,,10.227,,,,,,,1,package_dimension_mm=10.227,True,True,True
2026-03-05 06:01:00,UNIT05671,LOT038,WAFER5671,PKG05671,2,Wafer Sort,OSAT,Wafer Test,WS-02,A,FAIL,ABNORMAL,ABNORMAL,,,,,,9.467,,,,,,,,,,,,,,,,,,,1,sort_current_a=9.467,True,True,True
2026-03-05 05:52:00,UNIT05670,LOT038,WAFER5670,PKG05670,9,Singulation,ATMP,Package Processing,SG-01,A,FAIL,ABNORMAL,ABNORMAL,,,,,,,,,,,,,,,,,-0.744,,,,,,,,1,singulation_damage_score=-0.744,True,True,True
2026-03-05 05:33:00,UNIT05669,LOT038,WAFER5669,PKG05669,6,Wire Bonding,OSAT/ATMP,Assembly,WB-01,C,FAIL,ABNORMAL,ABNORMAL,,,,,,,,,,,59.37,6.1,,,,,,,,,,,,,1,wire_bond_force_n=59.37,True,True,True
2026-03-05 05:12:00,UNIT05668,LOT038,WAFER5668,PKG05668,1,Wafer Inspection,ATMP,Wafer Metrology,WI-01,B,FAIL,ABNORMAL,ABNORMAL,729.188,5.499,30.956,14.552,111.814,,,,,,,,,,,,,,,,,,,,1,ttv_um=5.499,True,True,True
2026-03-05 05:04:00,UNIT05667,LOT038,WAFER5667,PKG05667,9,Singulation,ATMP,Package Processing,SG-01,B,FAIL,ABNORMAL,ABNORMAL,,,,,,,,,,,,,,,,,10.596,,,,,,,,1,singulation_damage_score=10.596,True,True,True
2026-03-05 04:50:00,UNIT05666,LOT038,WAFER5666,PKG05666,11,Burn-in,OSAT,Testing,BI-02,B,FAIL,ABNORMAL,ABNORMAL,,,,,,,,,,,,,,,,,,,130.125,6.903,,,,,1,burn_in_temperature_c=130.125,True,True,True
2026-03-05 04:12:00,UNIT05664,LOT038,WAFER5664,PKG05664,5,Die Attach,OSAT/ATMP,Assembly,DA-02,C,FAIL,ABNORMAL,ABNORMAL,,,,,,,,,12.604,13.962,,,,,,,,,,,,,,,1,attach_force_n=12.604,True,True,True
2026-03-05 04:04:00,UNIT05663,LOT038,WAFER5663,PKG05663,13,FCT,OSAT,Functional Testing,FCT-02,A,FAIL,ABNORMAL,ABNORMAL,,,,,,,,,,,,,,,,,,,,,,3.56,,,1,fct_voltage_v=3.56,True,True,True
2026-03-05 03:41:00,UNIT05662,LOT038,WAFER5662,PKG05662,6,Wire Bonding,OSAT/ATMP,Assembly,WB-01,B,FAIL,ABNORMAL,ABNORMAL,,,,,,,,,,,71.975,8.145,,,,,,,,,,,,,1,wire_bond_force_n=71.975,True,True,True
2026-03-05 03:23:00,UNIT05661,LOT038,WAFER5661,PKG05661,4,Wafer Dicing,ATMP,Wafer Processing,WD-01,B,FAIL,ABNORMAL,ABNORMAL,,,,,,,,56.017,,,,,,,,,,,,,,,,,1,kerf_width_um=56.017,True,True,True
2026-03-05 02:48:00,UNIT05659,LOT038,WAFER5659,PKG05659,1,Wafer Inspection,ATMP,Wafer Metrology,WI-02,A,FAIL,ABNORMAL,ABNORMAL,724.048,4.114,57.101,48.37,107.794,,,,,,,,,,,,,,,,,,,,1,bow_um=57.101,True,True,True
2026-03-05 02:22:00,UNIT05657,LOT038,WAFER5657,PKG05657,7,Encapsulation / Molding,OSAT/ATMP,Packaging,MO-01,B,FAIL,ABNORMAL,ABNORMAL,,,,,,,,,,,,,168.144,138.215,4.347,,,,,,,,,,1,mold_temperature_c=168.144,True,True,True
2026-03-05 01:50:00,UNIT05655,LOT038,WAFER5655,PKG05655,7,Encapsulation / Molding,OSAT/ATMP,Packaging,MO-02,C,FAIL,ABNORMAL,ABNORMAL,,,,,,,,,,,,,177.781,115.744,-0.812,,,,,,,,,,1,void_percentage=-0.812,True,True,True
2026-03-05 01:28:00,UNIT05654,LOT038,WAFER5654,PKG05654,1,Wafer Inspection,ATMP,Wafer Metrology,WI-02,B,FAIL,ABNORMAL,ABNORMAL,702.703,4.696,28.081,8.676,75.331,,,,,,,,,,,,,,,,,,,,1,tape_thickness_um=75.331,True,True,True
2026-03-05 01:19:00,UNIT05653,LOT038,WAFER5653,PKG05653,8,Marking,ATMP,Package Marking,MK-01,B,FAIL,ABNORMAL,ABNORMAL,,,,,,,,,,,,,,,,100.935,,,,,,,,,1,marking_quality_score=100.935,True,True,True
2026-03-05 01:09:00,UNIT05652,LOT038,WAFER5652,PKG05652,14,EOL,OSAT,Final Testing,EOL-02,A,FAIL,ABNORMAL,ABNORMAL,,,,,,,,,,,,,,,,,,,,,,,78.559,,1,eol_temperature_c=78.559,True,True,True
2026-03-05 00:24:00,UNIT05650,LOT038,WAFER5650,PKG05650,1,Wafer Inspection,ATMP,Wafer Metrology,WI-01,B,FAIL,ABNORMAL,ABNORMAL,696.534,1.053,8.623,34.779,106.259,,,,,,,,,,,,,,,,,,,,1,wafer_thickness_um=696.534,True,True,True
2026-03-05 00:02:00,UNIT05648,LOT038,WAFER5648,PKG05648,11,Burn-in,OSAT,Testing,BI-01,C,FAIL,ABNORMAL,ABNORMAL,,,,,,,,,,,,,,,,,,,120.667,8.087,,,,,1,burn_in_hours=8.087,True,True,True
2026-03-04 23:41:00,UNIT05647,LOT038,WAFER5647,PKG05647,6,Wire Bonding,OSAT/ATMP,Assembly,WB-01,A,FAIL,ABNORMAL,ABNORMAL,,,,,,,,,,,70.838,8.804,,,,,,,,,,,,,1,wire_bond_force_n=70.838,True,True,True
2026-03-04 23:26:00,UNIT05646,LOT038,WAFER5646,PKG05646,7,Encapsulation / Molding,OSAT/ATMP,Packaging,MO-02,A,FAIL,ABNORMAL,ABNORMAL,,,,,,,,,,,,,171.296,146.44,1.629,,,,,,,,,,1,mold_cure_time_s=146.44,True,True,True
2026-03-04 23:04:00,UNIT05645,LOT038,WAFER5645,PKG05645,1,Wafer Inspection,ATMP,Wafer Metrology,WI-02,C,FAIL,ABNORMAL,ABNORMAL,731.331,5.389,43.0,33.22,99.619,,,,,,,,,,,,,,,,,,,,1,ttv_um=5.389,True,True,True
2026-03-04 22:54:00,UNIT05644,LOT038,WAFER5644,PKG05644,7,Encapsulation / Molding,OSAT/ATMP,Packaging,MO-02,A,FAIL,ABNORMAL,ABNORMAL,,,,,,,,,,,,,182.098,131.164,5.115,,,,,,,,,,1,void_percentage=5.115,True,True,True
2026-03-04 22:46:00,UNIT05643,LOT038,WAFER5643,PKG05643,15,Final Inspection,ATMP,Final Inspection,FI-01,A,FAIL,ABNORMAL,ABNORMAL,,,,,,,,,,,,,,,,96.333,,10.215,,,,,,,1,package_dimension_mm=10.215,True,True,True
2026-03-04 22:00:00,UNIT05641,LOT038,WAFER5641,PKG05641,1,Wafer Inspection,ATMP,Wafer Metrology,WI-02,B,FAIL,ABNORMAL,ABNORMAL,785.84,-0.284,15.202,16.397,102.784,,,,,,,,,,,,,,,,,,,,1,ttv_um=-0.284,True,True,True
2026-03-04 21:44:00,UNIT05640,LOT038,WAFER5640,PKG05640,1,Wafer Inspection,ATMP,Wafer Metrology,WI-02,A,FAIL,ABNORMAL,ABNORMAL,743.069,-0.714,0.836,17.371,82.865,,,,,,,,,,,,,,,,,,,,1,ttv_um=-0.714,True,True,True
2026-03-04 20:56:00,UNIT05637,LOT038,WAFER5637,PKG05637,1,Wafer Inspection,ATMP,Wafer Metrology,WI-01,B,FAIL,ABNORMAL,ABNORMAL,681.393,4.057,44.551,13.244,85.675,,,,,,,,,,,,,,,,,,,,1,wafer_thickness_um=681.393,True,True,True
2026-03-04 20:42:00,UNIT05636,LOT038,WAFER5636,PKG05636,3,Back Grinding,ATMP,Wafer Processing,BG-02,A,FAIL,ABNORMAL,ABNORMAL,806.474,,,,,,3.78,,,,,,,,,,,,,,,,,,1,wafer_thickness_um=806.474,True,True,True
2026-03-04 20:31:00,UNIT05635,LOT038,WAFER5635,PKG05635,8,Marking,ATMP,Package Marking,MK-02,A,FAIL,ABNORMAL,ABNORMAL,,,,,,,,,,,,,,,,89.313,,,,,,,,,1,marking_quality_score=89.313,True,True,True
2026-03-04 20:15:00,UNIT05634,LOT038,WAFER5634,PKG05634,8,Marking,ATMP,Package Marking,MK-02,A,FAIL,ABNORMAL,ABNORMAL,,,,,,,,,,,,,,,,89.416,,,,,,,,,1,marking_quality_score=89.416,True,True,True
2026-03-04 19:53:00,UNIT05633,LOT038,WAFER5633,PKG05633,2,Wafer Sort,OSAT,Wafer Test,WS-01,B,FAIL,ABNORMAL,ABNORMAL,,,,,,10.531,,,,,,,,,,,,,,,,,,,1,sort_current_a=10.531,True,True,True
2026-03-04 19:38:00,UNIT05632,LOT038,WAFER5632,PKG05632,3,Back Grinding,ATMP,Wafer Processing,BG-01,C,FAIL,ABNORMAL,ABNORMAL,681.568,,,,,,3.739,,,,,,,,,,,,,,,,,,1,wafer_thickness_um=681.568,True,True,True
2026-03-04 19:09:00,UNIT05630,LOT038,WAFER5630,PKG05630,6,Wire Bonding,OSAT/ATMP,Assembly,WB-01,C,FAIL,ABNORMAL,ABNORMAL,,,,,,,,,,,70.77,8.592,,,,,,,,,,,,,1,wire_bond_force_n=70.77,True,True,True
2026-03-04 18:53:00,UNIT05629,LOT038,WAFER5629,PKG05629,6,Wire Bonding,OSAT/ATMP,Assembly,WB-01,B,FAIL,ABNORMAL,ABNORMAL,,,,,,,,,,,71.574,7.342,,,,,,,,,,,,,1,wire_bond_force_n=71.574,True,True,True
2026-03-04 18:00:00,UNIT05626,LOT038,WAFER5626,PKG05626,1,Wafer Inspection,ATMP,Wafer Metrology,WI-02,A,FAIL,ABNORMAL,ABNORMAL,705.381,0.761,50.635,37.613,91.996,,,,,,,,,,,,,,,,,,,,1,bow_um=50.635,True,True,True
2026-03-04 17:49:00,UNIT05625,LOT038,WAFER5625,PKG05625,6,Wire Bonding,OSAT/ATMP,Assembly,WB-02,C,FAIL,ABNORMAL,ABNORMAL,,,,,,,,,,,58.847,7.597,,,,,,,,,,,,,1,wire_bond_force_n=58.847,True,True,True
2026-03-04 17:33:00,UNIT05624,LOT038,WAFER5624,PKG05624,6,Wire Bonding,OSAT/ATMP,Assembly,WB-01,B,FAIL,ABNORMAL,ABNORMAL,,,,,,,,,,,71.217,8.998,,,,,,,,,,,,,1,wire_bond_force_n=71.217,True,True,True
2026-03-04 17:17:00,UNIT05623,LOT038,WAFER5623,PKG05623,6,Wire Bonding,OSAT/ATMP,Assembly,WB-02,C,FAIL,ABNORMAL,ABNORMAL,,,,,,,,,,,70.121,6.295,,,,,,,,,,,,,1,wire_bond_force_n=70.121,True,True,True
2026-03-04 16:59:00,UNIT05622,LOT038,WAFER5622,PKG05622,4,Wafer Dicing,ATMP,Wafer Processing,WD-01,C,FAIL,ABNORMAL,ABNORMAL,,,,,,,,55.067,,,,,,,,,,,,,,,,,1,kerf_width_um=55.067,True,True,True
2026-03-04 16:44:00,UNIT05621,LOT038,WAFER5621,PKG05621,5,Die Attach,OSAT/ATMP,Assembly,DA-01,C,FAIL,ABNORMAL,ABNORMAL,,,,,,,,,10.724,-2.676,,,,,,,,,,,,,,,1,attach_offset_um=-2.676,True,True,True
2026-03-04 16:29:00,UNIT05620,LOT038,WAFER5620,PKG05620,6,Wire Bonding,OSAT/ATMP,Assembly,WB-02,B,FAIL,ABNORMAL,ABNORMAL,,,,,,,,,,,58.084,5.012,,,,,,,,,,,,,1,wire_bond_force_n=58.084,True,True,True
2026-03-04 16:08:00,UNIT05619,LOT038,WAFER5619,PKG05619,1,Wafer Inspection,ATMP,Wafer Metrology,WI-01,A,FAIL,ABNORMAL,ABNORMAL,767.242,1.148,16.139,54.621,103.582,,,,,,,,,,,,,,,,,,,,1,warp_um=54.621,True,True,True
2026-03-04 16:03:00,UNIT05618,LOT038,WAFER5618,PKG05618,12,ICT,OSAT,Electrical Testing,ICT-02,B,FAIL,ABNORMAL,ABNORMAL,,,,,,,,,,,,,,,,,,,,,10.573,,,,1,ict_current_a=10.573,True,True,True
2026-03-04 15:36:00,UNIT05617,LOT038,WAFER5617,PKG05617,1,Wafer Inspection,ATMP,Wafer Metrology,WI-02,C,FAIL,ABNORMAL,ABNORMAL,800.464,0.364,55.341,36.508,99.179,,,,,,,,,,,,,,,,,,,,2,wafer_thickness_um=800.464; bow_um=55.341,True,True,True
2026-03-04 15:27:00,UNIT05616,LOT038,WAFER5616,PKG05616,8,Marking,ATMP,Package Marking,MK-02,C,FAIL,ABNORMAL,ABNORMAL,,,,,,,,,,,,,,,,100.44,,,,,,,,,1,marking_quality_score=100.44,True,True,True
2026-03-04 14:28:00,UNIT05612,LOT038,WAFER5612,PKG05612,13,FCT,OSAT,Functional Testing,FCT-01,C,FAIL,ABNORMAL,ABNORMAL,,,,,,,,,,,,,,,,,,,,,,3.095,,,1,fct_voltage_v=3.095,True,True,True
2026-03-04 14:02:00,UNIT05611,LOT038,WAFER5611,PKG05611,3,Back Grinding,ATMP,Wafer Processing,BG-01,C,FAIL,ABNORMAL,ABNORMAL,684.16,,,,,,2.397,,,,,,,,,,,,,,,,,,1,wafer_thickness_um=684.16,True,True,True
2026-03-04 13:44:00,UNIT05610,LOT038,WAFER5610,PKG05610,1,Wafer Inspection,ATMP,Wafer Metrology,WI-01,B,FAIL,ABNORMAL,ABNORMAL,789.806,4.832,11.764,9.14,78.919,,,,,,,,,,,,,,,,,,,,1,tape_thickness_um=78.919,True,True,True
2026-03-04 13:36:00,UNIT05609,LOT038,WAFER5609,PKG05609,9,Singulation,ATMP,Package Processing,SG-02,B,FAIL,ABNORMAL,ABNORMAL,,,,,,,,,,,,,,,,,-1.038,,,,,,,,1,singulation_damage_score=-1.038,True,True,True
2026-03-04 13:12:00,UNIT05608,LOT038,WAFER5608,PKG05608,1,Wafer Inspection,ATMP,Wafer Metrology,WI-01,B,FAIL,ABNORMAL,ABNORMAL,741.691,1.044,12.045,12.233,77.837,,,,,,,,,,,,,,,,,,,,1,tape_thickness_um=77.837,True,True,True
2026-03-04 12:56:00,UNIT05607,LOT038,WAFER5607,PKG05607,1,Wafer Inspection,ATMP,Wafer Metrology,WI-02,C,FAIL,ABNORMAL,ABNORMAL,691.722,4.312,49.988,8.931,77.277,,,,,,,,,,,,,,,,,,,,2,wafer_thickness_um=691.722; tape_thickness_um=77.277,True,True,True
2026-03-04 12:42:00,UNIT05606,LOT038,WAFER5606,PKG05606,3,Back Grinding,ATMP,Wafer Processing,BG-02,A,FAIL,ABNORMAL,ABNORMAL,690.174,,,,,,4.506,,,,,,,,,,,,,,,,,,1,wafer_thickness_um=690.174,True,True,True
2026-03-04 12:28:00,UNIT05605,LOT038,WAFER5605,PKG05605,5,Die Attach,OSAT/ATMP,Assembly,DA-02,C,FAIL,ABNORMAL,ABNORMAL,,,,,,,,,11.474,54.059,,,,,,,,,,,,,,,1,attach_offset_um=54.059,True,True,True
2026-03-04 12:08:00,UNIT05604,LOT038,WAFER5604,PKG05604,1,Wafer Inspection,ATMP,Wafer Metrology,WI-01,C,FAIL,ABNORMAL,ABNORMAL,689.851,1.096,40.653,37.787,108.009,,,,,,,,,,,,,,,,,,,,1,wafer_thickness_um=689.851,True,True,True
2026-03-04 11:52:00,UNIT05603,LOT038,WAFER5603,PKG05603,1,Wafer Inspection,ATMP,Wafer Metrology,WI-02,B,FAIL,ABNORMAL,ABNORMAL,749.52,1.812,51.875,29.746,114.768,,,,,,,,,,,,,,,,,,,,1,bow_um=51.875,True,True,True
2026-03-04 11:23:00,UNIT05601,LOT038,WAFER5601,PKG05601,4,Wafer Dicing,ATMP,Wafer Processing,WD-01,A,FAIL,ABNORMAL,ABNORMAL,,,,,,,,43.485,,,,,,,,,,,,,,,,,1,kerf_width_um=43.485,True,True,True
2026-03-04 11:06:00,UNIT05600,LOT038,WAFER5600,PKG05600,3,Back Grinding,ATMP,Wafer Processing,BG-01,C,FAIL,ABNORMAL,ABNORMAL,689.313,,,,,,1.997,,,,,,,,,,,,,,,,,,1,wafer_thickness_um=689.313,True,True,True
2026-03-04 10:32:00,UNIT05598,LOT038,WAFER5598,PKG05598,1,Wafer Inspection,ATMP,Wafer Metrology,WI-01,A,FAIL,ABNORMAL,ABNORMAL,715.579,-0.077,10.454,22.098,109.195,,,,,,,,,,,,,,,,,,,,1,ttv_um=-0.077,True,True,True
2026-03-04 10:27:00,UNIT05597,LOT038,WAFER5597,PKG05597,12,ICT,OSAT,Electrical Testing,ICT-01,B,FAIL,ABNORMAL,ABNORMAL,,,,,,,,,,,,,,,,,,,,,9.34,,,,1,ict_current_a=9.34,True,True,True
2026-03-04 10:04:00,UNIT05596,LOT038,WAFER5596,PKG05596,5,Die Attach,OSAT/ATMP,Assembly,DA-02,C,FAIL,ABNORMAL,ABNORMAL,,,,,,,,,12.005,41.496,,,,,,,,,,,,,,,1,attach_force_n=12.005,True,True,True
2026-03-04 09:53:00,UNIT05595,LOT038,WAFER5595,PKG05595,10,Package Inspection,OSAT/ATMP,Package Inspection,PI-02,B,FAIL,ABNORMAL,ABNORMAL,,,,,,,,,,,,,,,,,,10.239,,,,,,,1,package_dimension_mm=10.239,True,True,True
2026-03-04 09:31:00,UNIT05594,LOT038,WAFER5594,PKG05594,4,Wafer Dicing,ATMP,Wafer Processing,WD-01,B,FAIL,ABNORMAL,ABNORMAL,,,,,,,,55.807,,,,,,,,,,,,,,,,,1,kerf_width_um=55.807,True,True,True
2026-03-04 09:17:00,UNIT05593,LOT038,WAFER5593,PKG05593,6,Wire Bonding,OSAT/ATMP,Assembly,WB-02,C,FAIL,ABNORMAL,ABNORMAL,,,,,,,,,,,71.225,7.495,,,,,,,,,,,,,1,wire_bond_force_n=71.225,True,True,True
2026-03-04 08:46:00,UNIT05591,LOT038,WAFER5591,PKG05591,7,Encapsulation / Molding,OSAT/ATMP,Packaging,MO-01,A,FAIL,ABNORMAL,ABNORMAL,,,,,,,,,,,,,189.62,145.148,1.246,,,,,,,,,,1,mold_cure_time_s=145.148,True,True,True
2026-03-04 08:24:00,UNIT05590,LOT038,WAFER5590,PKG05590,1,Wafer Inspection,ATMP,Wafer Metrology,WI-02,A,FAIL,ABNORMAL,ABNORMAL,766.895,0.815,-7.433,3.006,119.899,,,,,,,,,,,,,,,,,,,,1,bow_um=-7.433,True,True,True
2026-03-04 08:08:00,UNIT05589,LOT038,WAFER5589,PKG05589,1,Wafer Inspection,ATMP,Wafer Metrology,WI-01,C,FAIL,ABNORMAL,ABNORMAL,724.414,0.792,0.334,38.9,124.346,,,,,,,,,,,,,,,,,,,,1,tape_thickness_um=124.346,True,True,True
2026-03-04 07:37:00,UNIT05587,LOT038,WAFER5587,PKG05587,2,Wafer Sort,OSAT,Wafer Test,WS-02,A,FAIL,ABNORMAL,ABNORMAL,,,,,,10.502,,,,,,,,,,,,,,,,,,,1,sort_current_a=10.502,True,True,True
2026-03-04 07:26:00,UNIT05586,LOT038,WAFER5586,PKG05586,7,Encapsulation / Molding,OSAT/ATMP,Packaging,MO-02,C,FAIL,ABNORMAL,ABNORMAL,,,,,,,,,,,,,188.493,122.939,-0.658,,,,,,,,,,1,void_percentage=-0.658,True,True,True
2026-03-04 07:06:00,UNIT05585,LOT038,WAFER5585,PKG05585,3,Back Grinding,ATMP,Wafer Processing,BG-01,C,FAIL,ABNORMAL,ABNORMAL,692.435,,,,,,0.438,,,,,,,,,,,,,,,,,,1,wafer_thickness_um=692.435,True,True,True
2026-03-04 06:30:00,UNIT05582,LOT038,WAFER5582,PKG05582,15,Final Inspection,ATMP,Final Inspection,FI-01,C,FAIL,ABNORMAL,ABNORMAL,,,,,,,,,,,,,,,,98.5,,10.255,,,,,,,1,package_dimension_mm=10.255,True,True,True
2026-03-04 06:03:00,UNIT05581,LOT038,WAFER5581,PKG05581,4,Wafer Dicing,ATMP,Wafer Processing,WD-02,B,FAIL,ABNORMAL,ABNORMAL,,,,,,,,55.682,,,,,,,,,,,,,,,,,1,kerf_width_um=55.682,True,True,True
2026-03-04 05:50:00,UNIT05580,LOT038,WAFER5580,PKG05580,7,Encapsulation / Molding,OSAT/ATMP,Packaging,MO-02,B,FAIL,ABNORMAL,ABNORMAL,,,,,,,,,,,,,188.101,139.386,-0.243,,,,,,,,,,1,void_percentage=-0.243,True,True,True
2026-03-04 05:40:00,UNIT05579,LOT038,WAFER5579,PKG05579,13,FCT,OSAT,Functional Testing,FCT-01,B,FAIL,ABNORMAL,ABNORMAL,,,,,,,,,,,,,,,,,,,,,,3.503,,,1,fct_voltage_v=3.503,True,True,True
2026-03-04 04:56:00,UNIT05577,LOT038,WAFER5577,PKG05577,1,Wafer Inspection,ATMP,Wafer Metrology,WI-01,B,FAIL,ABNORMAL,ABNORMAL,689.459,1.67,18.501,18.527,115.247,,,,,,,,,,,,,,,,,,,,1,wafer_thickness_um=689.459,True,True,True
2026-03-04 04:48:00,UNIT05576,LOT038,WAFER5576,PKG05576,9,Singulation,ATMP,Package Processing,SG-02,C,FAIL,ABNORMAL,ABNORMAL,,,,,,,,,,,,,,,,,-1.922,,,,,,,,1,singulation_damage_score=-1.922,True,True,True
2026-03-04 04:30:00,UNIT05575,LOT038,WAFER5575,PKG05575,7,Encapsulation / Molding,OSAT/ATMP,Packaging,MO-01,A,FAIL,ABNORMAL,ABNORMAL,,,,,,,,,,,,,184.096,92.086,0.995,,,,,,,,,,1,mold_cure_time_s=92.086,True,True,True
2026-03-04 04:12:00,UNIT05574,LOT038,WAFER5574,PKG05574,5,Die Attach,OSAT/ATMP,Assembly,DA-02,B,FAIL,ABNORMAL,ABNORMAL,,,,,,,,,11.736,51.452,,,,,,,,,,,,,,,1,attach_offset_um=51.452,True,True,True
2026-03-04 04:04:00,UNIT05573,LOT038,WAFER5573,PKG05573,13,FCT,OSAT,Functional Testing,FCT-02,C,FAIL,ABNORMAL,ABNORMAL,,,,,,,,,,,,,,,,,,,,,,3.09,,,1,fct_voltage_v=3.09,True,True,True
2026-03-04 03:39:00,UNIT05572,LOT038,WAFER5572,PKG05572,4,Wafer Dicing,ATMP,Wafer Processing,WD-01,C,FAIL,ABNORMAL,ABNORMAL,,,,,,,,43.528,,,,,,,,,,,,,,,,,1,kerf_width_um=43.528,True,True,True
2026-03-04 03:20:00,UNIT05571,LOT038,WAFER5571,PKG05571,1,Wafer Inspection,ATMP,Wafer Metrology,WI-01,A,FAIL,ABNORMAL,ABNORMAL,683.178,0.113,32.083,30.149,109.372,,,,,,,,,,,,,,,,,,,,1,wafer_thickness_um=683.178,True,True,True
2026-03-04 02:49:00,UNIT05569,LOT038,WAFER5569,PKG05569,2,Wafer Sort,OSAT,Wafer Test,WS-01,B,FAIL,ABNORMAL,ABNORMAL,,,,,,10.662,,,,,,,,,,,,,,,,,,,1,sort_current_a=10.662,True,True,True
2026-03-04 02:37:00,UNIT05568,LOT038,WAFER5568,PKG05568,6,Wire Bonding,OSAT/ATMP,Assembly,WB-02,C,FAIL,ABNORMAL,ABNORMAL,,,,,,,,,,,63.47,4.472,,,,,,,,,,,,,1,bond_pull_strength_gf=4.472,True,True,True
2026-03-04 02:22:00,UNIT05567,LOT038,WAFER5567,PKG05567,7,Encapsulation / Molding,OSAT/ATMP,Packaging,MO-01,C,FAIL,ABNORMAL,ABNORMAL,,,,,,,,,,,,,166.428,104.676,3.509,,,,,,,,,,1,mold_temperature_c=166.428,True,True,True
2026-03-04 01:28:00,UNIT05564,LOT038,WAFER5564,PKG05564,1,Wafer Inspection,ATMP,Wafer Metrology,WI-02,C,FAIL,ABNORMAL,ABNORMAL,817.022,1.515,35.064,39.005,116.056,,,,,,,,,,,,,,,,,,,,1,wafer_thickness_um=817.022,True,True,True
2026-03-04 00:56:00,UNIT05562,LOT038,WAFER5562,PKG05562,1,Wafer Inspection,ATMP,Wafer Metrology,WI-02,C,FAIL,ABNORMAL,ABNORMAL,746.017,1.378,25.358,54.566,96.052,,,,,,,,,,,,,,,,,,,,1,warp_um=54.566,True,True,True
2026-03-04 00:40:00,UNIT05561,LOT038,WAFER5561,PKG05561,1,Wafer Inspection,ATMP,Wafer Metrology,WI-02,A,FAIL,ABNORMAL,ABNORMAL,796.519,5.998,0.086,34.338,101.42,,,,,,,,,,,,,,,,,,,,1,ttv_um=5.998,True,True,True
2026-03-04 00:26:00,UNIT05560,LOT038,WAFER5560,PKG05560,3,Back Grinding,ATMP,Wafer Processing,BG-01,C,FAIL,ABNORMAL,ABNORMAL,727.453,,,,,,-0.67,,,,,,,,,,,,,,,,,,1,thickness_variation_um=-0.67,True,True,True
2026-03-03 23:57:00,UNIT05558,LOT038,WAFER5558,PKG05558,6,Wire Bonding,OSAT/ATMP,Assembly,WB-02,A,FAIL,ABNORMAL,ABNORMAL,,,,,,,,,,,59.969,8.283,,,,,,,,,,,,,1,wire_bond_force_n=59.969,True,True,True
2026-03-03 23:14:00,UNIT05555,LOT038,WAFER5555,PKG05555,11,Burn-in,OSAT,Testing,BI-02,B,FAIL,ABNORMAL,ABNORMAL,,,,,,,,,,,,,,,,,,,130.663,7.081,,,,,1,burn_in_temperature_c=130.663,True,True,True
2026-03-03 22:49:00,UNIT05554,LOT038,WAFER5554,PKG05554,2,Wafer Sort,OSAT,Wafer Test,WS-02,C,FAIL,ABNORMAL,ABNORMAL,,,,,,9.486,,,,,,,,,,,,,,,,,,,1,sort_current_a=9.486,True,True,True
2026-03-03 22:34:00,UNIT05553,LOT038,WAFER5553,PKG05553,3,Back Grinding,ATMP,Wafer Processing,BG-01,A,FAIL,ABNORMAL,ABNORMAL,811.434,,,,,,3.937,,,,,,,,,,,,,,,,,,1,wafer_thickness_um=811.434,True,True,True
2026-03-03 22:16:00,UNIT05552,LOT038,WAFER5552,PKG05552,1,Wafer Inspection,ATMP,Wafer Metrology,WI-01,A,FAIL,ABNORMAL,ABNORMAL,808.268,1.435,31.647,9.443,102.281,,,,,,,,,,,,,,,,,,,,1,wafer_thickness_um=808.268,True,True,True
2026-03-03 22:07:00,UNIT05551,LOT038,WAFER5551,PKG05551,8,Marking,ATMP,Package Marking,MK-02,C,FAIL,ABNORMAL,ABNORMAL,,,,,,,,,,,,,,,,101.959,,,,,,,,,1,marking_quality_score=101.959,True,True,True
2026-03-03 21:33:00,UNIT05549,LOT037,WAFER5549,PKG05549,6,Wire Bonding,OSAT/ATMP,Assembly,WB-02,B,FAIL,ABNORMAL,ABNORMAL,,,,,,,,,,,61.743,10.378,,,,,,,,,,,,,1,bond_pull_strength_gf=10.378,True,True,True
2026-03-03 21:22:00,UNIT05548,LOT037,WAFER5548,PKG05548,11,Burn-in,OSAT,Testing,BI-01,B,FAIL,ABNORMAL,ABNORMAL,,,,,,,,,,,,,,,,,,,119.053,5.604,,,,,1,burn_in_temperature_c=119.053,True,True,True
2026-03-03 21:03:00,UNIT05547,LOT037,WAFER5547,PKG05547,8,Marking,ATMP,Package Marking,MK-01,A,FAIL,ABNORMAL,ABNORMAL,,,,,,,,,,,,,,,,100.72,,,,,,,,,1,marking_quality_score=100.72,True,True,True
2026-03-03 20:44:00,UNIT05546,LOT037,WAFER5546,PKG05546,5,Die Attach,OSAT/ATMP,Assembly,DA-01,C,FAIL,ABNORMAL,ABNORMAL,,,,,,,,,9.207,57.827,,,,,,,,,,,,,,,1,attach_offset_um=57.827,True,True,True
2026-03-03 20:24:00,UNIT05545,LOT037,WAFER5545,PKG05545,1,Wafer Inspection,ATMP,Wafer Metrology,WI-02,C,FAIL,ABNORMAL,ABNORMAL,778.753,3.494,4.367,-1.007,92.211,,,,,,,,,,,,,,,,,,,,1,warp_um=-1.007,True,True,True
2026-03-03 20:11:00,UNIT05544,LOT037,WAFER5544,PKG05544,4,Wafer Dicing,ATMP,Wafer Processing,WD-02,A,FAIL,ABNORMAL,ABNORMAL,,,,,,,,44.814,,,,,,,,,,,,,,,,,1,kerf_width_um=44.814,True,True,True
2026-03-03 19:56:00,UNIT05543,LOT037,WAFER5543,PKG05543,5,Die Attach,OSAT/ATMP,Assembly,DA-01,B,FAIL,ABNORMAL,ABNORMAL,,,,,,,,,7.958,10.14,,,,,,,,,,,,,,,1,attach_force_n=7.958,True,True,True
2026-03-03 19:36:00,UNIT05542,LOT037,WAFER5542,PKG05542,1,Wafer Inspection,ATMP,Wafer Metrology,WI-02,A,FAIL,ABNORMAL,ABNORMAL,781.405,1.779,12.255,51.242,87.265,,,,,,,,,,,,,,,,,,,,1,warp_um=51.242,True,True,True
2026-03-03 19:32:00,UNIT05541,LOT037,WAFER5541,PKG05541,13,FCT,OSAT,Functional Testing,FCT-02,A,FAIL,ABNORMAL,ABNORMAL,,,,,,,,,,,,,,,,,,,,,,3.075,,,1,fct_voltage_v=3.075,True,True,True
2026-03-03 19:10:00,UNIT05540,LOT037,WAFER5540,PKG05540,7,Encapsulation / Molding,OSAT/ATMP,Packaging,MO-02,C,FAIL,ABNORMAL,ABNORMAL,,,,,,,,,,,,,184.834,128.475,-0.313,,,,,,,,,,1,void_percentage=-0.313,True,True,True
2026-03-03 18:53:00,UNIT05539,LOT037,WAFER5539,PKG05539,6,Wire Bonding,OSAT/ATMP,Assembly,WB-02,C,FAIL,ABNORMAL,ABNORMAL,,,,,,,,,,,70.109,9.562,,,,,,,,,,,,,1,wire_bond_force_n=70.109,True,True,True
2026-03-03 18:04:00,UNIT05536,LOT037,WAFER5536,PKG05536,5,Die Attach,OSAT/ATMP,Assembly,DA-02,B,FAIL,ABNORMAL,ABNORMAL,,,,,,,,,12.748,37.926,,,,,,,,,,,,,,,1,attach_force_n=12.748,True,True,True
2026-03-03 17:51:00,UNIT05535,LOT037,WAFER5535,PKG05535,8,Marking,ATMP,Package Marking,MK-02,C,FAIL,ABNORMAL,ABNORMAL,,,,,,,,,,,,,,,,100.35,,,,,,,,,1,marking_quality_score=100.35,True,True,True
2026-03-03 17:33:00,UNIT05534,LOT037,WAFER5534,PKG05534,6,Wire Bonding,OSAT/ATMP,Assembly,WB-01,A,FAIL,ABNORMAL,ABNORMAL,,,,,,,,,,,65.527,10.343,,,,,,,,,,,,,1,bond_pull_strength_gf=10.343,True,True,True
2026-03-03 16:59:00,UNIT05532,LOT037,WAFER5532,PKG05532,4,Wafer Dicing,ATMP,Wafer Processing,WD-01,A,FAIL,ABNORMAL,ABNORMAL,,,,,,,,56.061,,,,,,,,,,,,,,,,,1,kerf_width_um=56.061,True,True,True
2026-03-03 16:49:00,UNIT05531,LOT037,WAFER5531,PKG05531,10,Package Inspection,OSAT/ATMP,Package Inspection,PI-02,A,FAIL,ABNORMAL,ABNORMAL,,,,,,,,,,,,,,,,,,9.759,,,,,,,1,package_dimension_mm=9.759,True,True,True
2026-03-03 16:24:00,UNIT05530,LOT037,WAFER5530,PKG05530,1,Wafer Inspection,ATMP,Wafer Metrology,WI-01,C,FAIL,ABNORMAL,ABNORMAL,698.847,0.376,35.512,18.854,111.04,,,,,,,,,,,,,,,,,,,,1,wafer_thickness_um=698.847,True,True,True
2026-03-03 16:08:00,UNIT05529,LOT037,WAFER5529,PKG05529,1,Wafer Inspection,ATMP,Wafer Metrology,WI-02,C,FAIL,ABNORMAL,ABNORMAL,713.41,-0.262,24.246,42.691,112.752,,,,,,,,,,,,,,,,,,,,1,ttv_um=-0.262,True,True,True
2026-03-03 15:58:00,UNIT05528,LOT037,WAFER5528,PKG05528,7,Encapsulation / Molding,OSAT/ATMP,Packaging,MO-01,C,FAIL,ABNORMAL,ABNORMAL,,,,,,,,,,,,,190.391,132.508,3.562,,,,,,,,,,1,mold_temperature_c=190.391,True,True,True
2026-03-03 15:42:00,UNIT05527,LOT037,WAFER5527,PKG05527,7,Encapsulation / Molding,OSAT/ATMP,Packaging,MO-02,A,FAIL,ABNORMAL,ABNORMAL,,,,,,,,,,,,,182.085,99.512,0.183,,,,,,,,,,1,mold_cure_time_s=99.512,True,True,True
2026-03-03 15:21:00,UNIT05526,LOT037,WAFER5526,PKG05526,2,Wafer Sort,OSAT,Wafer Test,WS-02,B,FAIL,ABNORMAL,ABNORMAL,,,,,,10.511,,,,,,,,,,,,,,,,,,,1,sort_current_a=10.511,True,True,True
2026-03-03 15:09:00,UNIT05525,LOT037,WAFER5525,PKG05525,6,Wire Bonding,OSAT/ATMP,Assembly,WB-01,A,FAIL,ABNORMAL,ABNORMAL,,,,,,,,,,,71.56,8.971,,,,,,,,,,,,,1,wire_bond_force_n=71.56,True,True,True
2026-03-03 14:48:00,UNIT05524,LOT037,WAFER5524,PKG05524,1,Wafer Inspection,ATMP,Wafer Metrology,WI-01,B,FAIL,ABNORMAL,ABNORMAL,735.502,2.242,32.088,52.198,108.071,,,,,,,,,,,,,,,,,,,,1,warp_um=52.198,True,True,True
2026-03-03 14:34:00,UNIT05523,LOT037,WAFER5523,PKG05523,3,Back Grinding,ATMP,Wafer Processing,BG-01,C,FAIL,ABNORMAL,ABNORMAL,697.729,,,,,,5.741,,,,,,,,,,,,,,,,,,2,wafer_thickness_um=697.729; thickness_variation_um=5.741,True,True,True
2026-03-03 14:16:00,UNIT05522,LOT037,WAFER5522,PKG05522,1,Wafer Inspection,ATMP,Wafer Metrology,WI-01,B,FAIL,ABNORMAL,ABNORMAL,681.477,2.103,40.455,21.942,85.643,,,,,,,,,,,,,,,,,,,,1,wafer_thickness_um=681.477,True,True,True
2026-03-03 14:01:00,UNIT05521,LOT037,WAFER5521,PKG05521,2,Wafer Sort,OSAT,Wafer Test,WS-02,A,FAIL,ABNORMAL,ABNORMAL,,,,,,9.33,,,,,,,,,,,,,,,,,,,1,sort_current_a=9.33,True,True,True
2026-03-03 13:44:00,UNIT05520,LOT037,WAFER5520,PKG05520,1,Wafer Inspection,ATMP,Wafer Metrology,WI-02,C,FAIL,ABNORMAL,ABNORMAL,685.492,3.143,0.76,3.768,96.374,,,,,,,,,,,,,,,,,,,,1,wafer_thickness_um=685.492,True,True,True
2026-03-03 13:30:00,UNIT05519,LOT037,WAFER5519,PKG05519,3,Back Grinding,ATMP,Wafer Processing,BG-01,B,FAIL,ABNORMAL,ABNORMAL,804.576,,,,,,0.18,,,,,,,,,,,,,,,,,,1,wafer_thickness_um=804.576,True,True,True
2026-03-03 13:12:00,UNIT05518,LOT037,WAFER5518,PKG05518,1,Wafer Inspection,ATMP,Wafer Metrology,WI-02,B,FAIL,ABNORMAL,ABNORMAL,752.262,5.148,13.032,8.315,86.636,,,,,,,,,,,,,,,,,,,,1,ttv_um=5.148,True,True,True
2026-03-03 12:52:00,UNIT05516,LOT037,WAFER5516,PKG05516,13,FCT,OSAT,Functional Testing,FCT-01,B,FAIL,ABNORMAL,ABNORMAL,,,,,,,,,,,,,,,,,,,,,,3.573,,,1,fct_voltage_v=3.573,True,True,True
2026-03-03 12:24:00,UNIT05515,LOT037,WAFER5515,PKG05515,1,Wafer Inspection,ATMP,Wafer Metrology,WI-01,C,FAIL,ABNORMAL,ABNORMAL,717.551,-0.512,39.17,35.723,99.743,,,,,,,,,,,,,,,,,,,,1,ttv_um=-0.512,True,True,True
2026-03-03 11:58:00,UNIT05513,LOT037,WAFER5513,PKG05513,7,Encapsulation / Molding,OSAT/ATMP,Packaging,MO-02,B,FAIL,ABNORMAL,ABNORMAL,,,,,,,,,,,,,188.054,131.869,-0.194,,,,,,,,,,1,void_percentage=-0.194,True,True,True
2026-03-03 11:38:00,UNIT05512,LOT037,WAFER5512,PKG05512,3,Back Grinding,ATMP,Wafer Processing,BG-02,B,FAIL,ABNORMAL,ABNORMAL,805.144,,,,,,3.882,,,,,,,,,,,,,,,,,,1,wafer_thickness_um=805.144,True,True,True
2026-03-03 11:33:00,UNIT05511,LOT037,WAFER5511,PKG05511,14,EOL,OSAT,Final Testing,EOL-02,A,FAIL,ABNORMAL,ABNORMAL,,,,,,,,,,,,,,,,,,,,,,,103.352,,1,eol_temperature_c=103.352,True,True,True
2026-03-03 11:04:00,UNIT05510,LOT037,WAFER5510,PKG05510,1,Wafer Inspection,ATMP,Wafer Metrology,WI-01,B,FAIL,ABNORMAL,ABNORMAL,752.793,3.351,43.544,28.238,75.251,,,,,,,,,,,,,,,,,,,,1,tape_thickness_um=75.251,True,True,True
2026-03-03 10:48:00,UNIT05509,LOT037,WAFER5509,PKG05509,1,Wafer Inspection,ATMP,Wafer Metrology,WI-01,C,FAIL,ABNORMAL,ABNORMAL,811.429,0.074,29.275,47.326,102.14,,,,,,,,,,,,,,,,,,,,1,wafer_thickness_um=811.429,True,True,True
2026-03-03 10:36:00,UNIT05508,LOT037,WAFER5508,PKG05508,5,Die Attach,OSAT/ATMP,Assembly,DA-01,A,FAIL,ABNORMAL,ABNORMAL,,,,,,,,,12.358,40.667,,,,,,,,,,,,,,,1,attach_force_n=12.358,True,True,True
2026-03-03 10:19:00,UNIT05507,LOT037,WAFER5507,PKG05507,4,Wafer Dicing,ATMP,Wafer Processing,WD-01,C,FAIL,ABNORMAL,ABNORMAL,,,,,,,,55.158,,,,,,,,,,,,,,,,,1,kerf_width_um=55.158,True,True,True
2026-03-03 10:00:00,UNIT05506,LOT037,WAFER5506,PKG05506,1,Wafer Inspection,ATMP,Wafer Metrology,WI-02,C,FAIL,ABNORMAL,ABNORMAL,730.439,-0.076,7.435,23.692,106.434,,,,,,,,,,,,,,,,,,,,1,ttv_um=-0.076,True,True,True
2026-03-03 09:57:00,UNIT05505,LOT037,WAFER5505,PKG05505,14,EOL,OSAT,Final Testing,EOL-01,A,FAIL,ABNORMAL,ABNORMAL,,,,,,,,,,,,,,,,,,,,,,,76.762,,1,eol_temperature_c=76.762,True,True,True
2026-03-03 09:29:00,UNIT05504,LOT037,WAFER5504,PKG05504,2,Wafer Sort,OSAT,Wafer Test,WS-01,A,FAIL,ABNORMAL,ABNORMAL,,,,,,10.629,,,,,,,,,,,,,,,,,,,1,sort_current_a=10.629,True,True,True
2026-03-03 08:34:00,UNIT05500,LOT037,WAFER5500,PKG05500,11,Burn-in,OSAT,Testing,BI-01,A,FAIL,ABNORMAL,ABNORMAL,,,,,,,,,,,,,,,,,,,119.122,4.764,,,,,1,burn_in_temperature_c=119.122,True,True,True
2026-03-03 08:13:00,UNIT05499,LOT037,WAFER5499,PKG05499,6,Wire Bonding,OSAT/ATMP,Assembly,WB-01,B,FAIL,ABNORMAL,ABNORMAL,,,,,,,,,,,60.132,4.908,,,,,,,,,,,,,1,bond_pull_strength_gf=4.908,True,True,True
2026-03-03 07:52:00,UNIT05498,LOT037,WAFER5498,PKG05498,1,Wafer Inspection,ATMP,Wafer Metrology,WI-01,B,FAIL,ABNORMAL,ABNORMAL,797.119,4.653,25.167,25.55,127.266,,,,,,,,,,,,,,,,,,,,1,tape_thickness_um=127.266,True,True,True
2026-03-03 07:36:00,UNIT05497,LOT037,WAFER5497,PKG05497,1,Wafer Inspection,ATMP,Wafer Metrology,WI-02,A,FAIL,ABNORMAL,ABNORMAL,697.045,0.282,23.059,8.904,113.502,,,,,,,,,,,,,,,,,,,,1,wafer_thickness_um=697.045,True,True,True
2026-03-03 07:22:00,UNIT05496,LOT037,WAFER5496,PKG05496,3,Back Grinding,ATMP,Wafer Processing,BG-02,A,FAIL,ABNORMAL,ABNORMAL,786.546,,,,,,5.547,,,,,,,,,,,,,,,,,,1,thickness_variation_um=5.547,True,True,True
2026-03-03 07:18:00,UNIT05495,LOT037,WAFER5495,PKG05495,15,Final Inspection,ATMP,Final Inspection,FI-01,A,FAIL,ABNORMAL,ABNORMAL,,,,,,,,,,,,,,,,89.747,,10.03,,,,,,,1,marking_quality_score=89.747,True,True,True
2026-03-03 06:59:00,UNIT05494,LOT037,WAFER5494,PKG05494,12,ICT,OSAT,Electrical Testing,ICT-02,C,FAIL,ABNORMAL,ABNORMAL,,,,,,,,,,,,,,,,,,,,,9.365,,,,1,ict_current_a=9.365,True,True,True
2026-03-03 06:32:00,UNIT05493,LOT037,WAFER5493,PKG05493,1,Wafer Inspection,ATMP,Wafer Metrology,WI-02,B,FAIL,ABNORMAL,ABNORMAL,711.665,3.059,8.393,57.114,119.063,,,,,,,,,,,,,,,,,,,,1,warp_um=57.114,True,True,True
2026-03-03 05:45:00,UNIT05490,LOT037,WAFER5490,PKG05490,2,Wafer Sort,OSAT,Wafer Test,WS-02,A,FAIL,ABNORMAL,ABNORMAL,,,,,,10.626,,,,,,,,,,,,,,,,,,,1,sort_current_a=10.626,True,True,True
2026-03-03 05:35:00,UNIT05489,LOT037,WAFER5489,PKG05489,8,Marking,ATMP,Package Marking,MK-02,B,FAIL,ABNORMAL,ABNORMAL,,,,,,,,,,,,,,,,100.462,,,,,,,,,1,marking_quality_score=100.462,True,True,True
2026-03-03 05:12:00,UNIT05488,LOT037,WAFER5488,PKG05488,1,Wafer Inspection,ATMP,Wafer Metrology,WI-02,C,FAIL,ABNORMAL,ABNORMAL,773.434,0.895,42.263,50.511,100.302,,,,,,,,,,,,,,,,,,,,1,warp_um=50.511,True,True,True
2026-03-03 04:56:00,UNIT05487,LOT037,WAFER5487,PKG05487,1,Wafer Inspection,ATMP,Wafer Metrology,WI-01,A,FAIL,ABNORMAL,ABNORMAL,725.688,5.003,48.593,24.186,115.15,,,,,,,,,,,,,,,,,,,,1,ttv_um=5.003,True,True,True
2026-03-03 04:45:00,UNIT05486,LOT037,WAFER5486,PKG05486,6,Wire Bonding,OSAT/ATMP,Assembly,WB-01,A,FAIL,ABNORMAL,ABNORMAL,,,,,,,,,,,62.311,10.943,,,,,,,,,,,,,1,bond_pull_strength_gf=10.943,True,True,True
2026-03-03 04:24:00,UNIT05485,LOT037,WAFER5485,PKG05485,1,Wafer Inspection,ATMP,Wafer Metrology,WI-01,C,FAIL,ABNORMAL,ABNORMAL,744.781,5.337,24.947,-7.786,72.007,,,,,,,,,,,,,,,,,,,,3,ttv_um=5.337; warp_um=-7.786; tape_thickness_um=72.007,True,True,True
2026-03-03 04:11:00,UNIT05484,LOT037,WAFER5484,PKG05484,4,Wafer Dicing,ATMP,Wafer Processing,WD-02,C,FAIL,ABNORMAL,ABNORMAL,,,,,,,,44.642,,,,,,,,,,,,,,,,,1,kerf_width_um=44.642,True,True,True
2026-03-03 03:55:00,UNIT05483,LOT037,WAFER5483,PKG05483,4,Wafer Dicing,ATMP,Wafer Processing,WD-01,B,FAIL,ABNORMAL,ABNORMAL,,,,,,,,56.891,,,,,,,,,,,,,,,,,1,kerf_width_um=56.891,True,True,True
2026-03-03 03:21:00,UNIT05481,LOT037,WAFER5481,PKG05481,2,Wafer Sort,OSAT,Wafer Test,WS-01,B,FAIL,ABNORMAL,ABNORMAL,,,,,,9.404,,,,,,,,,,,,,,,,,,,1,sort_current_a=9.404,True,True,True
2026-03-03 03:04:00,UNIT05480,LOT037,WAFER5480,PKG05480,1,Wafer Inspection,ATMP,Wafer Metrology,WI-01,B,FAIL,ABNORMAL,ABNORMAL,713.55,-0.1,23.672,19.743,97.06,,,,,,,,,,,,,,,,,,,,1,ttv_um=-0.1,True,True,True
2026-03-03 02:33:00,UNIT05478,LOT037,WAFER5478,PKG05478,2,Wafer Sort,OSAT,Wafer Test,WS-02,B,FAIL,ABNORMAL,ABNORMAL,,,,,,9.368,,,,,,,,,,,,,,,,,,,1,sort_current_a=9.368,True,True,True
2026-03-03 02:21:00,UNIT05477,LOT037,WAFER5477,PKG05477,6,Wire Bonding,OSAT/ATMP,Assembly,WB-02,C,FAIL,ABNORMAL,ABNORMAL,,,,,,,,,,,66.627,10.293,,,,,,,,,,,,,1,bond_pull_strength_gf=10.293,True,True,True
2026-03-03 02:00:00,UNIT05476,LOT037,WAFER5476,PKG05476,1,Wafer Inspection,ATMP,Wafer Metrology,WI-02,C,FAIL,ABNORMAL,ABNORMAL,713.422,2.605,50.358,45.224,111.087,,,,,,,,,,,,,,,,,,,,1,bow_um=50.358,True,True,True
2026-03-03 01:56:00,UNIT05475,LOT037,WAFER5475,PKG05475,13,FCT,OSAT,Functional Testing,FCT-02,B,FAIL,ABNORMAL,ABNORMAL,,,,,,,,,,,,,,,,,,,,,,3.521,,,1,fct_voltage_v=3.521,True,True,True
2026-03-03 01:34:00,UNIT05474,LOT037,WAFER5474,PKG05474,7,Encapsulation / Molding,OSAT/ATMP,Packaging,MO-01,C,FAIL,ABNORMAL,ABNORMAL,,,,,,,,,,,,,193.07,103.081,1.369,,,,,,,,,,1,mold_temperature_c=193.07,True,True,True
2026-03-03 01:12:00,UNIT05473,LOT037,WAFER5473,PKG05473,1,Wafer Inspection,ATMP,Wafer Metrology,WI-01,B,FAIL,ABNORMAL,ABNORMAL,701.241,0.098,-5.712,9.149,88.476,,,,,,,,,,,,,,,,,,,,1,bow_um=-5.712,True,True,True
2026-03-03 01:08:00,UNIT05472,LOT037,WAFER5472,PKG05472,13,FCT,OSAT,Functional Testing,FCT-01,A,FAIL,ABNORMAL,ABNORMAL,,,,,,,,,,,,,,,,,,,,,,3.036,,,1,fct_voltage_v=3.036,True,True,True
2026-03-03 00:40:00,UNIT05471,LOT037,WAFER5471,PKG05471,1,Wafer Inspection,ATMP,Wafer Metrology,WI-01,B,FAIL,ABNORMAL,ABNORMAL,798.744,1.653,-2.849,21.065,81.109,,,,,,,,,,,,,,,,,,,,1,bow_um=-2.849,True,True,True
2026-03-03 00:06:00,UNIT05468,LOT037,WAFER5468,PKG05468,15,Final Inspection,ATMP,Final Inspection,FI-02,C,FAIL,ABNORMAL,ABNORMAL,,,,,,,,,,,,,,,,88.658,,9.888,,,,,,,1,marking_quality_score=88.658,True,True,True
2026-03-02 23:36:00,UNIT05467,LOT037,WAFER5467,PKG05467,1,Wafer Inspection,ATMP,Wafer Metrology,WI-02,B,FAIL,ABNORMAL,ABNORMAL,804.156,0.293,45.543,16.661,100.11,,,,,,,,,,,,,,,,,,,,1,wafer_thickness_um=804.156,True,True,True
2026-03-02 22:41:00,UNIT05463,LOT037,WAFER5463,PKG05463,10,Package Inspection,OSAT/ATMP,Package Inspection,PI-01,C,FAIL,ABNORMAL,ABNORMAL,,,,,,,,,,,,,,,,,,10.274,,,,,,,1,package_dimension_mm=10.274,True,True,True
2026-03-02 22:20:00,UNIT05462,LOT037,WAFER5462,PKG05462,5,Die Attach,OSAT/ATMP,Assembly,DA-01,A,FAIL,ABNORMAL,ABNORMAL,,,,,,,,,10.189,56.941,,,,,,,,,,,,,,,1,attach_offset_um=56.941,True,True,True
2026-03-02 22:11:00,UNIT05461,LOT037,WAFER5461,PKG05461,12,ICT,OSAT,Electrical Testing,ICT-01,A,FAIL,ABNORMAL,ABNORMAL,,,,,,,,,,,,,,,,,,,,,9.315,,,,1,ict_current_a=9.315,True,True,True
2026-03-02 21:28:00,UNIT05459,LOT037,WAFER5459,PKG05459,1,Wafer Inspection,ATMP,Wafer Metrology,WI-02,C,FAIL,ABNORMAL,ABNORMAL,750.331,2.074,-8.571,44.812,74.138,,,,,,,,,,,,,,,,,,,,2,bow_um=-8.571; tape_thickness_um=74.138,True,True,True
2026-03-02 21:12:00,UNIT05458,LOT037,WAFER5458,PKG05458,1,Wafer Inspection,ATMP,Wafer Metrology,WI-02,C,FAIL,ABNORMAL,ABNORMAL,774.719,2.863,18.578,33.276,78.66,,,,,,,,,,,,,,,,,,,,1,tape_thickness_um=78.66,True,True,True
2026-03-02 20:40:00,UNIT05456,LOT037,WAFER5456,PKG05456,1,Wafer Inspection,ATMP,Wafer Metrology,WI-02,C,FAIL,ABNORMAL,ABNORMAL,812.796,0.704,17.583,36.322,102.95,,,,,,,,,,,,,,,,,,,,1,wafer_thickness_um=812.796,True,True,True
2026-03-02 20:32:00,UNIT05455,LOT037,WAFER5455,PKG05455,9,Singulation,ATMP,Package Processing,SG-02,A,FAIL,ABNORMAL,ABNORMAL,,,,,,,,,,,,,,,,,10.706,,,,,,,,1,singulation_damage_score=10.706,True,True,True
2026-03-02 20:08:00,UNIT05454,LOT037,WAFER5454,PKG05454,1,Wafer Inspection,ATMP,Wafer Metrology,WI-02,C,FAIL,ABNORMAL,ABNORMAL,727.096,0.124,59.179,1.452,81.984,,,,,,,,,,,,,,,,,,,,1,bow_um=59.179,True,True,True
2026-03-02 19:56:00,UNIT05453,LOT037,WAFER5453,PKG05453,5,Die Attach,OSAT/ATMP,Assembly,DA-02,B,FAIL,ABNORMAL,ABNORMAL,,,,,,,,,12.365,1.219,,,,,,,,,,,,,,,1,attach_force_n=12.365,True,True,True
2026-03-02 19:39:00,UNIT05452,LOT037,WAFER5452,PKG05452,4,Wafer Dicing,ATMP,Wafer Processing,WD-02,A,FAIL,ABNORMAL,ABNORMAL,,,,,,,,43.125,,,,,,,,,,,,,,,,,1,kerf_width_um=43.125,True,True,True
2026-03-02 19:34:00,UNIT05451,LOT037,WAFER5451,PKG05451,15,Final Inspection,ATMP,Final Inspection,FI-01,B,FAIL,ABNORMAL,ABNORMAL,,,,,,,,,,,,,,,,89.989,,9.746,,,,,,,2,marking_quality_score=89.989; package_dimension_mm=9.746,True,True,True
2026-03-02 19:18:00,UNIT05450,LOT037,WAFER5450,PKG05450,15,Final Inspection,ATMP,Final Inspection,FI-02,B,FAIL,ABNORMAL,ABNORMAL,,,,,,,,,,,,,,,,92.263,,10.227,,,,,,,1,package_dimension_mm=10.227,True,True,True
2026-03-02 18:45:00,UNIT05448,LOT037,WAFER5448,PKG05448,14,EOL,OSAT,Final Testing,EOL-01,A,FAIL,ABNORMAL,ABNORMAL,,,,,,,,,,,,,,,,,,,,,,,102.54,,1,eol_temperature_c=102.54,True,True,True
2026-03-02 17:46:00,UNIT05445,LOT037,WAFER5445,PKG05445,3,Back Grinding,ATMP,Wafer Processing,BG-01,A,FAIL,ABNORMAL,ABNORMAL,699.298,,,,,,0.118,,,,,,,,,,,,,,,,,,1,wafer_thickness_um=699.298,True,True,True
2026-03-02 17:12:00,UNIT05443,LOT037,WAFER5443,PKG05443,1,Wafer Inspection,ATMP,Wafer Metrology,WI-02,C,FAIL,ABNORMAL,ABNORMAL,774.564,0.47,50.946,49.12,101.654,,,,,,,,,,,,,,,,,,,,1,bow_um=50.946,True,True,True
2026-03-02 17:09:00,UNIT05442,LOT037,WAFER5442,PKG05442,14,EOL,OSAT,Final Testing,EOL-01,B,FAIL,ABNORMAL,ABNORMAL,,,,,,,,,,,,,,,,,,,,,,,103.589,,1,eol_temperature_c=103.589,True,True,True
2026-03-02 16:30:00,UNIT05440,LOT037,WAFER5440,PKG05440,7,Encapsulation / Molding,OSAT/ATMP,Packaging,MO-01,A,FAIL,ABNORMAL,ABNORMAL,,,,,,,,,,,,,183.388,98.406,1.579,,,,,,,,,,1,mold_cure_time_s=98.406,True,True,True
2026-03-02 16:14:00,UNIT05439,LOT037,WAFER5439,PKG05439,7,Encapsulation / Molding,OSAT/ATMP,Packaging,MO-01,C,FAIL,ABNORMAL,ABNORMAL,,,,,,,,,,,,,176.397,135.233,5.381,,,,,,,,,,1,void_percentage=5.381,True,True,True
2026-03-02 15:24:00,UNIT05436,LOT037,WAFER5436,PKG05436,5,Die Attach,OSAT/ATMP,Assembly,DA-02,A,FAIL,ABNORMAL,ABNORMAL,,,,,,,,,7.662,44.752,,,,,,,,,,,,,,,1,attach_force_n=7.662,True,True,True
2026-03-02 15:16:00,UNIT05435,LOT037,WAFER5435,PKG05435,13,FCT,OSAT,Functional Testing,FCT-02,B,FAIL,ABNORMAL,ABNORMAL,,,,,,,,,,,,,,,,,,,,,,3.05,,,1,fct_voltage_v=3.05,True,True,True
2026-03-02 15:02:00,UNIT05434,LOT037,WAFER5434,PKG05434,15,Final Inspection,ATMP,Final Inspection,FI-02,A,FAIL,ABNORMAL,ABNORMAL,,,,,,,,,,,,,,,,100.56,,9.921,,,,,,,1,marking_quality_score=100.56,True,True,True
2026-03-02 14:32:00,UNIT05433,LOT037,WAFER5433,PKG05433,1,Wafer Inspection,ATMP,Wafer Metrology,WI-01,B,FAIL,ABNORMAL,ABNORMAL,722.362,2.724,25.44,54.007,97.328,,,,,,,,,,,,,,,,,,,,1,warp_um=54.007,True,True,True
2026-03-02 14:16:00,UNIT05432,LOT037,WAFER5432,PKG05432,1,Wafer Inspection,ATMP,Wafer Metrology,WI-01,A,FAIL,ABNORMAL,ABNORMAL,701.29,5.113,40.126,12.412,100.138,,,,,,,,,,,,,,,,,,,,1,ttv_um=5.113,True,True,True
2026-03-02 14:10:00,UNIT05431,LOT037,WAFER5431,PKG05431,11,Burn-in,OSAT,Testing,BI-01,B,FAIL,ABNORMAL,ABNORMAL,,,,,,,,,,,,,,,,,,,119.095,4.033,,,,,1,burn_in_temperature_c=119.095,True,True,True
2026-03-02 13:44:00,UNIT05430,LOT037,WAFER5430,PKG05430,1,Wafer Inspection,ATMP,Wafer Metrology,WI-02,A,FAIL,ABNORMAL,ABNORMAL,715.116,4.275,30.921,1.087,78.059,,,,,,,,,,,,,,,,,,,,1,tape_thickness_um=78.059,True,True,True
2026-03-02 13:28:00,UNIT05429,LOT037,WAFER5429,PKG05429,1,Wafer Inspection,ATMP,Wafer Metrology,WI-02,B,FAIL,ABNORMAL,ABNORMAL,754.205,5.026,17.505,48.966,116.092,,,,,,,,,,,,,,,,,,,,1,ttv_um=5.026,True,True,True
2026-03-02 13:17:00,UNIT05428,LOT037,WAFER5428,PKG05428,6,Wire Bonding,OSAT/ATMP,Assembly,WB-01,A,FAIL,ABNORMAL,ABNORMAL,,,,,,,,,,,58.296,9.918,,,,,,,,,,,,,1,wire_bond_force_n=58.296,True,True,True
2026-03-02 12:41:00,UNIT05426,LOT037,WAFER5426,PKG05426,2,Wafer Sort,OSAT,Wafer Test,WS-02,A,FAIL,ABNORMAL,ABNORMAL,,,,,,10.582,,,,,,,,,,,,,,,,,,,1,sort_current_a=10.582,True,True,True
2026-03-02 12:16:00,UNIT05424,LOT037,WAFER5424,PKG05424,9,Singulation,ATMP,Package Processing,SG-01,A,FAIL,ABNORMAL,ABNORMAL,,,,,,,,,,,,,,,,,10.061,,,,,,,,1,singulation_damage_score=10.061,True,True,True
2026-03-02 12:01:00,UNIT05423,LOT037,WAFER5423,PKG05423,10,Package Inspection,OSAT/ATMP,Package Inspection,PI-01,C,FAIL,ABNORMAL,ABNORMAL,,,,,,,,,,,,,,,,,,9.779,,,,,,,1,package_dimension_mm=9.779,True,True,True
2026-03-02 11:36:00,UNIT05422,LOT037,WAFER5422,PKG05422,1,Wafer Inspection,ATMP,Wafer Metrology,WI-02,C,FAIL,ABNORMAL,ABNORMAL,683.779,2.306,-0.205,47.608,116.091,,,,,,,,,,,,,,,,,,,,2,wafer_thickness_um=683.779; bow_um=-0.205,True,True,True
2026-03-02 11:20:00,UNIT05421,LOT037,WAFER5421,PKG05421,1,Wafer Inspection,ATMP,Wafer Metrology,WI-02,B,FAIL,ABNORMAL,ABNORMAL,764.061,3.728,3.557,-3.263,85.58,,,,,,,,,,,,,,,,,,,,1,warp_um=-3.263,True,True,True
2026-03-02 11:08:00,UNIT05420,LOT037,WAFER5420,PKG05420,5,Die Attach,OSAT/ATMP,Assembly,DA-01,B,FAIL,ABNORMAL,ABNORMAL,,,,,,,,,12.631,21.668,,,,,,,,,,,,,,,1,attach_force_n=12.631,True,True,True
2026-03-02 10:54:00,UNIT05419,LOT037,WAFER5419,PKG05419,7,Encapsulation / Molding,OSAT/ATMP,Packaging,MO-01,B,FAIL,ABNORMAL,ABNORMAL,,,,,,,,,,,,,182.731,98.72,1.723,,,,,,,,,,1,mold_cure_time_s=98.72,True,True,True
2026-03-02 10:34:00,UNIT05418,LOT037,WAFER5418,PKG05418,3,Back Grinding,ATMP,Wafer Processing,BG-02,B,FAIL,ABNORMAL,ABNORMAL,761.751,,,,,,5.037,,,,,,,,,,,,,,,,,,1,thickness_variation_um=5.037,True,True,True
2026-03-02 10:21:00,UNIT05417,LOT037,WAFER5417,PKG05417,6,Wire Bonding,OSAT/ATMP,Assembly,WB-02,A,FAIL,ABNORMAL,ABNORMAL,,,,,,,,,,,59.407,5.645,,,,,,,,,,,,,1,wire_bond_force_n=59.407,True,True,True
2026-03-02 10:00:00,UNIT05416,LOT037,WAFER5416,PKG05416,1,Wafer Inspection,ATMP,Wafer Metrology,WI-02,B,FAIL,ABNORMAL,ABNORMAL,791.923,4.207,-4.122,27.208,86.005,,,,,,,,,,,,,,,,,,,,1,bow_um=-4.122,True,True,True
2026-03-02 09:44:00,UNIT05415,LOT037,WAFER5415,PKG05415,1,Wafer Inspection,ATMP,Wafer Metrology,WI-01,A,FAIL,ABNORMAL,ABNORMAL,789.853,2.474,39.391,0.561,127.899,,,,,,,,,,,,,,,,,,,,1,tape_thickness_um=127.899,True,True,True
2026-03-02 09:32:00,UNIT05414,LOT037,WAFER5414,PKG05414,5,Die Attach,OSAT/ATMP,Assembly,DA-02,A,FAIL,ABNORMAL,ABNORMAL,,,,,,,,,12.626,36.446,,,,,,,,,,,,,,,1,attach_force_n=12.626,True,True,True
2026-03-02 09:12:00,UNIT05413,LOT037,WAFER5413,PKG05413,1,Wafer Inspection,ATMP,Wafer Metrology,WI-02,A,FAIL,ABNORMAL,ABNORMAL,783.513,1.185,34.673,22.115,73.72,,,,,,,,,,,,,,,,,,,,1,tape_thickness_um=73.72,True,True,True
2026-03-02 09:01:00,UNIT05412,LOT037,WAFER5412,PKG05412,6,Wire Bonding,OSAT/ATMP,Assembly,WB-01,B,FAIL,ABNORMAL,ABNORMAL,,,,,,,,,,,70.572,9.463,,,,,,,,,,,,,1,wire_bond_force_n=70.572,True,True,True
2026-03-02 08:46:00,UNIT05411,LOT037,WAFER5411,PKG05411,7,Encapsulation / Molding,OSAT/ATMP,Packaging,MO-01,A,FAIL,ABNORMAL,ABNORMAL,,,,,,,,,,,,,168.09,102.104,4.417,,,,,,,,,,1,mold_temperature_c=168.09,True,True,True
2026-03-02 08:26:00,UNIT05410,LOT037,WAFER5410,PKG05410,3,Back Grinding,ATMP,Wafer Processing,BG-02,B,FAIL,ABNORMAL,ABNORMAL,802.012,,,,,,1.094,,,,,,,,,,,,,,,,,,1,wafer_thickness_um=802.012,True,True,True
2026-03-02 07:52:00,UNIT05408,LOT037,WAFER5408,PKG05408,1,Wafer Inspection,ATMP,Wafer Metrology,WI-02,C,FAIL,ABNORMAL,ABNORMAL,700.654,0.933,51.755,0.022,108.686,,,,,,,,,,,,,,,,,,,,1,bow_um=51.755,True,True,True
2026-03-02 07:20:00,UNIT05406,LOT037,WAFER5406,PKG05406,1,Wafer Inspection,ATMP,Wafer Metrology,WI-01,B,FAIL,ABNORMAL,ABNORMAL,687.26,3.974,47.682,46.946,82.225,,,,,,,,,,,,,,,,,,,,1,wafer_thickness_um=687.26,True,True,True
2026-03-02 06:35:00,UNIT05403,LOT037,WAFER5403,PKG05403,4,Wafer Dicing,ATMP,Wafer Processing,WD-02,B,FAIL,ABNORMAL,ABNORMAL,,,,,,,,44.527,,,,,,,,,,,,,,,,,1,kerf_width_um=44.527,True,True,True
2026-03-02 06:20:00,UNIT05402,LOT037,WAFER5402,PKG05402,5,Die Attach,OSAT/ATMP,Assembly,DA-02,C,FAIL,ABNORMAL,ABNORMAL,,,,,,,,,10.644,-6.175,,,,,,,,,,,,,,,1,attach_offset_um=-6.175,True,True,True
2026-03-02 05:44:00,UNIT05400,LOT036,WAFER5400,PKG05400,1,Wafer Inspection,ATMP,Wafer Metrology,WI-02,C,FAIL,ABNORMAL,ABNORMAL,701.723,5.798,44.242,24.127,100.797,,,,,,,,,,,,,,,,,,,,1,ttv_um=5.798,True,True,True
2026-03-02 05:41:00,UNIT05399,LOT036,WAFER5399,PKG05399,14,EOL,OSAT,Final Testing,EOL-02,C,FAIL,ABNORMAL,ABNORMAL,,,,,,,,,,,,,,,,,,,,,,,76.371,,1,eol_temperature_c=76.371,True,True,True
2026-03-02 05:16:00,UNIT05398,LOT036,WAFER5398,PKG05398,5,Die Attach,OSAT/ATMP,Assembly,DA-01,A,FAIL,ABNORMAL,ABNORMAL,,,,,,,,,11.369,-6.957,,,,,,,,,,,,,,,1,attach_offset_um=-6.957,True,True,True
2026-03-02 04:40:00,UNIT05396,LOT036,WAFER5396,PKG05396,1,Wafer Inspection,ATMP,Wafer Metrology,WI-02,B,FAIL,ABNORMAL,ABNORMAL,733.593,3.875,37.431,50.498,87.106,,,,,,,,,,,,,,,,,,,,1,warp_um=50.498,True,True,True
2026-03-02 04:24:00,UNIT05395,LOT036,WAFER5395,PKG05395,1,Wafer Inspection,ATMP,Wafer Metrology,WI-02,C,FAIL,ABNORMAL,ABNORMAL,774.589,4.336,23.506,16.05,127.293,,,,,,,,,,,,,,,,,,,,1,tape_thickness_um=127.293,True,True,True
2026-03-02 04:14:00,UNIT05394,LOT036,WAFER5394,PKG05394,7,Encapsulation / Molding,OSAT/ATMP,Packaging,MO-01,C,FAIL,ABNORMAL,ABNORMAL,,,,,,,,,,,,,176.643,142.299,2.359,,,,,,,,,,1,mold_cure_time_s=142.299,True,True,True
2026-03-02 03:20:00,UNIT05391,LOT036,WAFER5391,PKG05391,1,Wafer Inspection,ATMP,Wafer Metrology,WI-01,A,FAIL,ABNORMAL,ABNORMAL,809.923,4.873,12.183,49.311,112.485,,,,,,,,,,,,,,,,,,,,1,wafer_thickness_um=809.923,True,True,True
2026-03-02 03:08:00,UNIT05390,LOT036,WAFER5390,PKG05390,5,Die Attach,OSAT/ATMP,Assembly,DA-01,C,FAIL,ABNORMAL,ABNORMAL,,,,,,,,,12.585,36.764,,,,,,,,,,,,,,,1,attach_force_n=12.585,True,True,True
2026-03-02 02:48:00,UNIT05389,LOT036,WAFER5389,PKG05389,1,Wafer Inspection,ATMP,Wafer Metrology,WI-01,C,FAIL,ABNORMAL,ABNORMAL,692.631,1.628,2.715,7.441,102.634,,,,,,,,,,,,,,,,,,,,1,wafer_thickness_um=692.631,True,True,True
2026-03-02 02:44:00,UNIT05388,LOT036,WAFER5388,PKG05388,13,FCT,OSAT,Functional Testing,FCT-01,C,FAIL,ABNORMAL,ABNORMAL,,,,,,,,,,,,,,,,,,,,,,3.072,,,1,fct_voltage_v=3.072,True,True,True
2026-03-02 02:23:00,UNIT05387,LOT036,WAFER5387,PKG05387,8,Marking,ATMP,Package Marking,MK-01,A,FAIL,ABNORMAL,ABNORMAL,,,,,,,,,,,,,,,,101.175,,,,,,,,,1,marking_quality_score=101.175,True,True,True
2026-03-02 02:00:00,UNIT05386,LOT036,WAFER5386,PKG05386,1,Wafer Inspection,ATMP,Wafer Metrology,WI-02,B,FAIL,ABNORMAL,ABNORMAL,762.705,1.173,55.057,20.012,105.779,,,,,,,,,,,,,,,,,,,,1,bow_um=55.057,True,True,True
2026-03-02 01:54:00,UNIT05385,LOT036,WAFER5385,PKG05385,11,Burn-in,OSAT,Testing,BI-02,A,FAIL,ABNORMAL,ABNORMAL,,,,,,,,,,,,,,,,,,,118.777,5.44,,,,,1,burn_in_temperature_c=118.777,True,True,True
2026-03-02 01:12:00,UNIT05383,LOT036,WAFER5383,PKG05383,1,Wafer Inspection,ATMP,Wafer Metrology,WI-02,A,FAIL,ABNORMAL,ABNORMAL,743.757,1.283,29.526,12.509,73.731,,,,,,,,,,,,,,,,,,,,1,tape_thickness_um=73.731,True,True,True
2026-03-02 00:45:00,UNIT05381,LOT036,WAFER5381,PKG05381,6,Wire Bonding,OSAT/ATMP,Assembly,WB-01,A,FAIL,ABNORMAL,ABNORMAL,,,,,,,,,,,58.998,9.472,,,,,,,,,,,,,1,wire_bond_force_n=58.998,True,True,True
2026-03-02 00:24:00,UNIT05380,LOT036,WAFER5380,PKG05380,1,Wafer Inspection,ATMP,Wafer Metrology,WI-02,C,FAIL,ABNORMAL,ABNORMAL,765.644,3.575,31.164,54.583,107.87,,,,,,,,,,,,,,,,,,,,1,warp_um=54.583,True,True,True
2026-03-01 23:53:00,UNIT05378,LOT036,WAFER5378,PKG05378,2,Wafer Sort,OSAT,Wafer Test,WS-02,B,FAIL,ABNORMAL,ABNORMAL,,,,,,10.633,,,,,,,,,,,,,,,,,,,1,sort_current_a=10.633,True,True,True
2026-03-01 23:42:00,UNIT05377,LOT036,WAFER5377,PKG05377,7,Encapsulation / Molding,OSAT/ATMP,Packaging,MO-01,B,FAIL,ABNORMAL,ABNORMAL,,,,,,,,,,,,,189.276,115.132,-0.432,,,,,,,,,,1,void_percentage=-0.432,True,True,True
2026-03-01 23:04:00,UNIT05375,LOT036,WAFER5375,PKG05375,1,Wafer Inspection,ATMP,Wafer Metrology,WI-01,A,FAIL,ABNORMAL,ABNORMAL,749.919,3.974,46.432,10.085,121.855,,,,,,,,,,,,,,,,,,,,1,tape_thickness_um=121.855,True,True,True
2026-03-01 22:54:00,UNIT05374,LOT036,WAFER5374,PKG05374,7,Encapsulation / Molding,OSAT/ATMP,Packaging,MO-01,C,FAIL,ABNORMAL,ABNORMAL,,,,,,,,,,,,,170.21,99.406,5.145,,,,,,,,,,2,mold_cure_time_s=99.406; void_percentage=5.145,True,True,True
2026-03-01 22:30:00,UNIT05372,LOT036,WAFER5372,PKG05372,15,Final Inspection,ATMP,Final Inspection,FI-02,A,FAIL,ABNORMAL,ABNORMAL,,,,,,,,,,,,,,,,93.407,,10.247,,,,,,,1,package_dimension_mm=10.247,True,True,True
2026-03-01 22:02:00,UNIT05371,LOT036,WAFER5371,PKG05371,3,Back Grinding,ATMP,Wafer Processing,BG-02,B,FAIL,ABNORMAL,ABNORMAL,817.545,,,,,,5.065,,,,,,,,,,,,,,,,,,2,wafer_thickness_um=817.545; thickness_variation_um=5.065,True,True,True
2026-03-01 21:36:00,UNIT05369,LOT036,WAFER5369,PKG05369,9,Singulation,ATMP,Package Processing,SG-02,B,FAIL,ABNORMAL,ABNORMAL,,,,,,,,,,,,,,,,,-1.876,,,,,,,,1,singulation_damage_score=-1.876,True,True,True
2026-03-01 21:00:00,UNIT05367,LOT036,WAFER5367,PKG05367,5,Die Attach,OSAT/ATMP,Assembly,DA-02,C,FAIL,ABNORMAL,ABNORMAL,,,,,,,,,9.339,58.131,,,,,,,,,,,,,,,1,attach_offset_um=58.131,True,True,True
2026-03-01 20:42:00,UNIT05366,LOT036,WAFER5366,PKG05366,3,Back Grinding,ATMP,Wafer Processing,BG-01,B,FAIL,ABNORMAL,ABNORMAL,699.023,,,,,,0.284,,,,,,,,,,,,,,,,,,1,wafer_thickness_um=699.023,True,True,True
2026-03-01 20:35:00,UNIT05365,LOT036,WAFER5365,PKG05365,12,ICT,OSAT,Electrical Testing,ICT-02,C,FAIL,ABNORMAL,ABNORMAL,,,,,,,,,,,,,,,,,,,,,10.591,,,,1,ict_current_a=10.591,True,True,True
2026-03-01 20:19:00,UNIT05364,LOT036,WAFER5364,PKG05364,12,ICT,OSAT,Electrical Testing,ICT-01,B,FAIL,ABNORMAL,ABNORMAL,,,,,,,,,,,,,,,,,,,,,10.606,,,,1,ict_current_a=10.606,True,True,True
2026-03-01 19:42:00,UNIT05362,LOT036,WAFER5362,PKG05362,7,Encapsulation / Molding,OSAT/ATMP,Packaging,MO-01,C,FAIL,ABNORMAL,ABNORMAL,,,,,,,,,,,,,190.854,124.217,3.371,,,,,,,,,,1,mold_temperature_c=190.854,True,True,True
2026-03-01 19:31:00,UNIT05361,LOT036,WAFER5361,PKG05361,12,ICT,OSAT,Electrical Testing,ICT-01,C,FAIL,ABNORMAL,ABNORMAL,,,,,,,,,,,,,,,,,,,,,9.465,,,,1,ict_current_a=9.465,True,True,True
2026-03-01 19:08:00,UNIT05360,LOT036,WAFER5360,PKG05360,5,Die Attach,OSAT/ATMP,Assembly,DA-01,B,FAIL,ABNORMAL,ABNORMAL,,,,,,,,,8.615,-9.226,,,,,,,,,,,,,,,1,attach_offset_um=-9.226,True,True,True
2026-03-01 18:50:00,UNIT05359,LOT036,WAFER5359,PKG05359,3,Back Grinding,ATMP,Wafer Processing,BG-01,B,FAIL,ABNORMAL,ABNORMAL,766.227,,,,,,-0.255,,,,,,,,,,,,,,,,,,1,thickness_variation_um=-0.255,True,True,True
2026-03-01 18:47:00,UNIT05358,LOT036,WAFER5358,PKG05358,16,Packing / Dispatch,ATMP,Packaging,PK-01,C,FAIL,ABNORMAL,ABNORMAL,,,,,,,,,,,,,,,,,,,,,,,,-1.899,1,packaging_damage_score=-1.899,True,True,True
2026-03-01 18:17:00,UNIT05357,LOT036,WAFER5357,PKG05357,2,Wafer Sort,OSAT,Wafer Test,WS-02,A,FAIL,ABNORMAL,ABNORMAL,,,,,,10.691,,,,,,,,,,,,,,,,,,,1,sort_current_a=10.691,True,True,True
2026-03-01 18:00:00,UNIT05356,LOT036,WAFER5356,PKG05356,1,Wafer Inspection,ATMP,Wafer Metrology,WI-01,B,FAIL,ABNORMAL,ABNORMAL,776.945,2.635,-6.022,6.286,96.198,,,,,,,,,,,,,,,,,,,,1,bow_um=-6.022,True,True,True
2026-03-01 17:50:00,UNIT05355,LOT036,WAFER5355,PKG05355,7,Encapsulation / Molding,OSAT/ATMP,Packaging,MO-02,A,FAIL,ABNORMAL,ABNORMAL,,,,,,,,,,,,,184.858,144.807,3.519,,,,,,,,,,1,mold_cure_time_s=144.807,True,True,True
2026-03-01 17:31:00,UNIT05354,LOT036,WAFER5354,PKG05354,4,Wafer Dicing,ATMP,Wafer Processing,WD-01,C,FAIL,ABNORMAL,ABNORMAL,,,,,,,,55.863,,,,,,,,,,,,,,,,,1,kerf_width_um=55.863,True,True,True
2026-03-01 17:22:00,UNIT05353,LOT036,WAFER5353,PKG05353,11,Burn-in,OSAT,Testing,BI-01,B,FAIL,ABNORMAL,ABNORMAL,,,,,,,,,,,,,,,,,,,124.708,3.975,,,,,1,burn_in_hours=3.975,True,True,True
2026-03-01 16:56:00,UNIT05352,LOT036,WAFER5352,PKG05352,1,Wafer Inspection,ATMP,Wafer Metrology,WI-02,C,FAIL,ABNORMAL,ABNORMAL,795.283,3.465,7.902,11.104,74.221,,,,,,,,,,,,,,,,,,,,1,tape_thickness_um=74.221,True,True,True
2026-03-01 16:51:00,UNIT05351,LOT036,WAFER5351,PKG05351,12,ICT,OSAT,Electrical Testing,ICT-01,B,FAIL,ABNORMAL,ABNORMAL,,,,,,,,,,,,,,,,,,,,,10.694,,,,1,ict_current_a=10.694,True,True,True
2026-03-01 16:14:00,UNIT05349,LOT036,WAFER5349,PKG05349,7,Encapsulation / Molding,OSAT/ATMP,Packaging,MO-02,A,FAIL,ABNORMAL,ABNORMAL,,,,,,,,,,,,,177.384,115.706,5.796,,,,,,,,,,1,void_percentage=5.796,True,True,True
2026-03-01 15:58:00,UNIT05348,LOT036,WAFER5348,PKG05348,7,Encapsulation / Molding,OSAT/ATMP,Packaging,MO-02,C,FAIL,ABNORMAL,ABNORMAL,,,,,,,,,,,,,183.339,120.827,5.571,,,,,,,,,,1,void_percentage=5.571,True,True,True
2026-03-01 15:38:00,UNIT05347,LOT036,WAFER5347,PKG05347,3,Back Grinding,ATMP,Wafer Processing,BG-01,A,FAIL,ABNORMAL,ABNORMAL,693.006,,,,,,4.012,,,,,,,,,,,,,,,,,,1,wafer_thickness_um=693.006,True,True,True
2026-03-01 15:25:00,UNIT05346,LOT036,WAFER5346,PKG05346,6,Wire Bonding,OSAT/ATMP,Assembly,WB-02,B,FAIL,ABNORMAL,ABNORMAL,,,,,,,,,,,66.061,10.118,,,,,,,,,,,,,1,bond_pull_strength_gf=10.118,True,True,True
2026-03-01 14:48:00,UNIT05344,LOT036,WAFER5344,PKG05344,1,Wafer Inspection,ATMP,Wafer Metrology,WI-02,A,FAIL,ABNORMAL,ABNORMAL,725.279,3.493,33.593,38.173,124.605,,,,,,,,,,,,,,,,,,,,1,tape_thickness_um=124.605,True,True,True
2026-03-01 14:41:00,UNIT05343,LOT036,WAFER5343,PKG05343,10,Package Inspection,OSAT/ATMP,Package Inspection,PI-01,B,FAIL,ABNORMAL,ABNORMAL,,,,,,,,,,,,,,,,,,9.73,,,,,,,1,package_dimension_mm=9.73,True,True,True
2026-03-01 14:21:00,UNIT05342,LOT036,WAFER5342,PKG05342,6,Wire Bonding,OSAT/ATMP,Assembly,WB-02,B,FAIL,ABNORMAL,ABNORMAL,,,,,,,,,,,71.208,6.526,,,,,,,,,,,,,1,wire_bond_force_n=71.208,True,True,True
2026-03-01 14:00:00,UNIT05341,LOT036,WAFER5341,PKG05341,1,Wafer Inspection,ATMP,Wafer Metrology,WI-01,B,FAIL,ABNORMAL,ABNORMAL,705.729,2.162,-8.046,1.929,81.387,,,,,,,,,,,,,,,,,,,,1,bow_um=-8.046,True,True,True
2026-03-01 13:46:00,UNIT05340,LOT036,WAFER5340,PKG05340,3,Back Grinding,ATMP,Wafer Processing,BG-02,B,FAIL,ABNORMAL,ABNORMAL,807.985,,,,,,3.256,,,,,,,,,,,,,,,,,,1,wafer_thickness_um=807.985,True,True,True
2026-03-01 13:36:00,UNIT05339,LOT036,WAFER5339,PKG05339,9,Singulation,ATMP,Package Processing,SG-01,C,FAIL,ABNORMAL,ABNORMAL,,,,,,,,,,,,,,,,,-0.984,,,,,,,,1,singulation_damage_score=-0.984,True,True,True
2026-03-01 13:24:00,UNIT05338,LOT036,WAFER5338,PKG05338,13,FCT,OSAT,Functional Testing,FCT-02,B,FAIL,ABNORMAL,ABNORMAL,,,,,,,,,,,,,,,,,,,,,,3.529,,,1,fct_voltage_v=3.529,True,True,True
2026-03-01 13:06:00,UNIT05337,LOT036,WAFER5337,PKG05337,11,Burn-in,OSAT,Testing,BI-02,A,FAIL,ABNORMAL,ABNORMAL,,,,,,,,,,,,,,,,,,,126.097,3.257,,,,,1,burn_in_hours=3.257,True,True,True
2026-03-01 12:51:00,UNIT05336,LOT036,WAFER5336,PKG05336,12,ICT,OSAT,Electrical Testing,ICT-02,A,FAIL,ABNORMAL,ABNORMAL,,,,,,,,,,,,,,,,,,,,,10.567,,,,1,ict_current_a=10.567,True,True,True
2026-03-01 12:31:00,UNIT05335,LOT036,WAFER5335,PKG05335,8,Marking,ATMP,Package Marking,MK-02,C,FAIL,ABNORMAL,ABNORMAL,,,,,,,,,,,,,,,,100.277,,,,,,,,,1,marking_quality_score=100.277,True,True,True
2026-03-01 12:08:00,UNIT05334,LOT036,WAFER5334,PKG05334,1,Wafer Inspection,ATMP,Wafer Metrology,WI-01,B,FAIL,ABNORMAL,ABNORMAL,752.564,1.043,-9.36,4.414,119.052,,,,,,,,,,,,,,,,,,,,1,bow_um=-9.36,True,True,True
2026-03-01 11:52:00,UNIT05333,LOT036,WAFER5333,PKG05333,1,Wafer Inspection,ATMP,Wafer Metrology,WI-02,A,FAIL,ABNORMAL,ABNORMAL,778.271,-0.111,13.386,30.227,88.665,,,,,,,,,,,,,,,,,,,,1,ttv_um=-0.111,True,True,True
2026-03-01 11:36:00,UNIT05332,LOT036,WAFER5332,PKG05332,1,Wafer Inspection,ATMP,Wafer Metrology,WI-01,B,FAIL,ABNORMAL,ABNORMAL,711.366,3.519,49.606,56.758,108.339,,,,,,,,,,,,,,,,,,,,1,warp_um=56.758,True,True,True
2026-03-01 11:35:00,UNIT05331,LOT036,WAFER5331,PKG05331,16,Packing / Dispatch,ATMP,Packaging,PK-01,B,FAIL,ABNORMAL,ABNORMAL,,,,,,,,,,,,,,,,,,,,,,,,-1.832,1,packaging_damage_score=-1.832,True,True,True
2026-03-01 11:06:00,UNIT05330,LOT036,WAFER5330,PKG05330,3,Back Grinding,ATMP,Wafer Processing,BG-01,C,FAIL,ABNORMAL,ABNORMAL,819.459,,,,,,3.015,,,,,,,,,,,,,,,,,,1,wafer_thickness_um=819.459,True,True,True
2026-03-01 10:56:00,UNIT05329,LOT036,WAFER5329,PKG05329,9,Singulation,ATMP,Package Processing,SG-01,A,FAIL,ABNORMAL,ABNORMAL,,,,,,,,,,,,,,,,,-1.69,,,,,,,,1,singulation_damage_score=-1.69,True,True,True
2026-03-01 10:34:00,UNIT05328,LOT036,WAFER5328,PKG05328,3,Back Grinding,ATMP,Wafer Processing,BG-01,B,FAIL,ABNORMAL,ABNORMAL,787.241,,,,,,5.806,,,,,,,,,,,,,,,,,,1,thickness_variation_um=5.806,True,True,True
2026-03-01 10:16:00,UNIT05327,LOT036,WAFER5327,PKG05327,1,Wafer Inspection,ATMP,Wafer Metrology,WI-01,A,FAIL,ABNORMAL,ABNORMAL,735.88,2.627,-8.998,20.7,103.897,,,,,,,,,,,,,,,,,,,,1,bow_um=-8.998,True,True,True
2026-03-01 10:04:00,UNIT05326,LOT036,WAFER5326,PKG05326,5,Die Attach,OSAT/ATMP,Assembly,DA-01,A,FAIL,ABNORMAL,ABNORMAL,,,,,,,,,7.211,20.879,,,,,,,,,,,,,,,1,attach_force_n=7.211,True,True,True
2026-03-01 09:42:00,UNIT05324,LOT036,WAFER5324,PKG05324,15,Final Inspection,ATMP,Final Inspection,FI-02,A,FAIL,ABNORMAL,ABNORMAL,,,,,,,,,,,,,,,,101.727,,10.032,,,,,,,1,marking_quality_score=101.727,True,True,True
2026-03-01 09:02:00,UNIT05322,LOT036,WAFER5322,PKG05322,7,Encapsulation / Molding,OSAT/ATMP,Packaging,MO-01,A,FAIL,ABNORMAL,ABNORMAL,,,,,,,,,,,,,178.721,135.739,-0.33,,,,,,,,,,1,void_percentage=-0.33,True,True,True
2026-03-01 08:29:00,UNIT05320,LOT036,WAFER5320,PKG05320,6,Wire Bonding,OSAT/ATMP,Assembly,WB-02,A,FAIL,ABNORMAL,ABNORMAL,,,,,,,,,,,71.693,9.783,,,,,,,,,,,,,1,wire_bond_force_n=71.693,True,True,True
2026-03-01 08:06:00,UNIT05318,LOT036,WAFER5318,PKG05318,15,Final Inspection,ATMP,Final Inspection,FI-02,C,FAIL,ABNORMAL,ABNORMAL,,,,,,,,,,,,,,,,98.046,,9.779,,,,,,,1,package_dimension_mm=9.779,True,True,True
2026-03-01 07:36:00,UNIT05317,LOT036,WAFER5317,PKG05317,1,Wafer Inspection,ATMP,Wafer Metrology,WI-02,A,FAIL,ABNORMAL,ABNORMAL,725.712,-0.225,5.83,11.016,100.217,,,,,,,,,,,,,,,,,,,,1,ttv_um=-0.225,True,True,True
2026-03-01 07:09:00,UNIT05315,LOT036,WAFER5315,PKG05315,6,Wire Bonding,OSAT/ATMP,Assembly,WB-02,A,FAIL,ABNORMAL,ABNORMAL,,,,,,,,,,,67.075,4.91,,,,,,,,,,,,,1,bond_pull_strength_gf=4.91,True,True,True
2026-03-01 06:52:00,UNIT05314,LOT036,WAFER5314,PKG05314,5,Die Attach,OSAT/ATMP,Assembly,DA-01,B,FAIL,ABNORMAL,ABNORMAL,,,,,,,,,7.285,21.909,,,,,,,,,,,,,,,1,attach_force_n=7.285,True,True,True
2026-03-01 06:22:00,UNIT05312,LOT036,WAFER5312,PKG05312,7,Encapsulation / Molding,OSAT/ATMP,Packaging,MO-02,C,FAIL,ABNORMAL,ABNORMAL,,,,,,,,,,,,,176.954,140.089,1.108,,,,,,,,,,1,mold_cure_time_s=140.089,True,True,True
2026-03-01 06:05:00,UNIT05311,LOT036,WAFER5311,PKG05311,6,Wire Bonding,OSAT/ATMP,Assembly,WB-02,B,FAIL,ABNORMAL,ABNORMAL,,,,,,,,,,,71.053,5.961,,,,,,,,,,,,,1,wire_bond_force_n=71.053,True,True,True
2026-03-01 05:45:00,UNIT05310,LOT036,WAFER5310,PKG05310,2,Wafer Sort,OSAT,Wafer Test,WS-01,A,FAIL,ABNORMAL,ABNORMAL,,,,,,10.62,,,,,,,,,,,,,,,,,,,1,sort_current_a=10.62,True,True,True
2026-03-01 05:38:00,UNIT05309,LOT036,WAFER5309,PKG05309,11,Burn-in,OSAT,Testing,BI-01,B,FAIL,ABNORMAL,ABNORMAL,,,,,,,,,,,,,,,,,,,119.664,6.003,,,,,1,burn_in_temperature_c=119.664,True,True,True
2026-03-01 04:52:00,UNIT05306,LOT036,WAFER5306,PKG05306,13,FCT,OSAT,Functional Testing,FCT-01,B,FAIL,ABNORMAL,ABNORMAL,,,,,,,,,,,,,,,,,,,,,,3.036,,,1,fct_voltage_v=3.036,True,True,True
2026-03-01 04:30:00,UNIT05305,LOT036,WAFER5305,PKG05305,7,Encapsulation / Molding,OSAT/ATMP,Packaging,MO-01,C,FAIL,ABNORMAL,ABNORMAL,,,,,,,,,,,,,188.283,141.847,0.082,,,,,,,,,,1,mold_cure_time_s=141.847,True,True,True
2026-03-01 04:09:00,UNIT05304,LOT036,WAFER5304,PKG05304,2,Wafer Sort,OSAT,Wafer Test,WS-01,C,FAIL,ABNORMAL,ABNORMAL,,,,,,10.55,,,,,,,,,,,,,,,,,,,1,sort_current_a=10.55,True,True,True
2026-03-01 03:52:00,UNIT05303,LOT036,WAFER5303,PKG05303,1,Wafer Inspection,ATMP,Wafer Metrology,WI-02,C,FAIL,ABNORMAL,ABNORMAL,759.13,2.878,-4.287,26.389,98.177,,,,,,,,,,,,,,,,,,,,1,bow_um=-4.287,True,True,True
2026-03-01 03:38:00,UNIT05302,LOT036,WAFER5302,PKG05302,3,Back Grinding,ATMP,Wafer Processing,BG-02,B,FAIL,ABNORMAL,ABNORMAL,810.675,,,,,,1.845,,,,,,,,,,,,,,,,,,1,wafer_thickness_um=810.675,True,True,True
2026-03-01 03:20:00,UNIT05301,LOT036,WAFER5301,PKG05301,1,Wafer Inspection,ATMP,Wafer Metrology,WI-02,A,FAIL,ABNORMAL,ABNORMAL,812.693,1.603,20.53,41.303,102.844,,,,,,,,,,,,,,,,,,,,1,wafer_thickness_um=812.693,True,True,True
2026-03-01 02:48:00,UNIT05299,LOT036,WAFER5299,PKG05299,1,Wafer Inspection,ATMP,Wafer Metrology,WI-01,C,FAIL,ABNORMAL,ABNORMAL,706.71,-0.852,7.678,29.802,97.154,,,,,,,,,,,,,,,,,,,,1,ttv_um=-0.852,True,True,True
2026-03-01 02:37:00,UNIT05298,LOT036,WAFER5298,PKG05298,6,Wire Bonding,OSAT/ATMP,Assembly,WB-02,C,FAIL,ABNORMAL,ABNORMAL,,,,,,,,,,,65.279,4.464,,,,,,,,,,,,,1,bond_pull_strength_gf=4.464,True,True,True
2026-03-01 02:09:00,UNIT05296,LOT036,WAFER5296,PKG05296,10,Package Inspection,OSAT/ATMP,Package Inspection,PI-02,C,FAIL,ABNORMAL,ABNORMAL,,,,,,,,,,,,,,,,,,10.206,,,,,,,1,package_dimension_mm=10.206,True,True,True
2026-03-01 01:47:00,UNIT05295,LOT036,WAFER5295,PKG05295,4,Wafer Dicing,ATMP,Wafer Processing,WD-02,B,FAIL,ABNORMAL,ABNORMAL,,,,,,,,55.087,,,,,,,,,,,,,,,,,1,kerf_width_um=55.087,True,True,True
2026-03-01 01:12:00,UNIT05293,LOT036,WAFER5293,PKG05293,1,Wafer Inspection,ATMP,Wafer Metrology,WI-01,A,FAIL,ABNORMAL,ABNORMAL,806.726,4.894,10.592,31.559,119.1,,,,,,,,,,,,,,,,,,,,1,wafer_thickness_um=806.726,True,True,True
2026-03-01 01:06:00,UNIT05292,LOT036,WAFER5292,PKG05292,11,Burn-in,OSAT,Testing,BI-01,C,FAIL,ABNORMAL,ABNORMAL,,,,,,,,,,,,,,,,,,,131.919,4.619,,,,,1,burn_in_temperature_c=131.919,True,True,True
2026-03-01 00:26:00,UNIT05290,LOT036,WAFER5290,PKG05290,3,Back Grinding,ATMP,Wafer Processing,BG-01,A,FAIL,ABNORMAL,ABNORMAL,780.305,,,,,,5.025,,,,,,,,,,,,,,,,,,1,thickness_variation_um=5.025,True,True,True
2026-02-28 23:41:00,UNIT05287,LOT036,WAFER5287,PKG05287,6,Wire Bonding,OSAT/ATMP,Assembly,WB-02,B,FAIL,ABNORMAL,ABNORMAL,,,,,,,,,,,71.701,6.615,,,,,,,,,,,,,1,wire_bond_force_n=71.701,True,True,True
2026-02-28 23:22:00,UNIT05286,LOT036,WAFER5286,PKG05286,3,Back Grinding,ATMP,Wafer Processing,BG-01,A,FAIL,ABNORMAL,ABNORMAL,801.483,,,,,,3.662,,,,,,,,,,,,,,,,,,1,wafer_thickness_um=801.483,True,True,True
2026-02-28 23:05:00,UNIT05285,LOT036,WAFER5285,PKG05285,2,Wafer Sort,OSAT,Wafer Test,WS-01,A,FAIL,ABNORMAL,ABNORMAL,,,,,,10.687,,,,,,,,,,,,,,,,,,,1,sort_current_a=10.687,True,True,True
2026-02-28 22:52:00,UNIT05284,LOT036,WAFER5284,PKG05284,5,Die Attach,OSAT/ATMP,Assembly,DA-02,C,FAIL,ABNORMAL,ABNORMAL,,,,,,,,,10.332,50.495,,,,,,,,,,,,,,,1,attach_offset_um=50.495,True,True,True
2026-02-28 22:34:00,UNIT05283,LOT036,WAFER5283,PKG05283,3,Back Grinding,ATMP,Wafer Processing,BG-02,C,FAIL,ABNORMAL,ABNORMAL,695.181,,,,,,2.076,,,,,,,,,,,,,,,,,,1,wafer_thickness_um=695.181,True,True,True
2026-02-28 21:53:00,UNIT05280,LOT036,WAFER5280,PKG05280,10,Package Inspection,OSAT/ATMP,Package Inspection,PI-02,B,FAIL,ABNORMAL,ABNORMAL,,,,,,,,,,,,,,,,,,9.773,,,,,,,1,package_dimension_mm=9.773,True,True,True
2026-02-28 21:33:00,UNIT05279,LOT036,WAFER5279,PKG05279,6,Wire Bonding,OSAT/ATMP,Assembly,WB-01,B,FAIL,ABNORMAL,ABNORMAL,,,,,,,,,,,59.573,9.354,,,,,,,,,,,,,1,wire_bond_force_n=59.573,True,True,True
2026-02-28 21:12:00,UNIT05278,LOT036,WAFER5278,PKG05278,1,Wafer Inspection,ATMP,Wafer Metrology,WI-02,C,FAIL,ABNORMAL,ABNORMAL,717.615,0.387,6.318,36.356,72.127,,,,,,,,,,,,,,,,,,,,1,tape_thickness_um=72.127,True,True,True
2026-02-28 21:07:00,UNIT05277,LOT036,WAFER5277,PKG05277,12,ICT,OSAT,Electrical Testing,ICT-01,B,FAIL,ABNORMAL,ABNORMAL,,,,,,,,,,,,,,,,,,,,,10.588,,,,1,ict_current_a=10.588,True,True,True
2026-02-28 20:41:00,UNIT05276,LOT036,WAFER5276,PKG05276,2,Wafer Sort,OSAT,Wafer Test,WS-01,B,FAIL,ABNORMAL,ABNORMAL,,,,,,9.441,,,,,,,,,,,,,,,,,,,1,sort_current_a=9.441,True,True,True
2026-02-28 20:31:00,UNIT05275,LOT036,WAFER5275,PKG05275,8,Marking,ATMP,Package Marking,MK-01,C,FAIL,ABNORMAL,ABNORMAL,,,,,,,,,,,,,,,,100.521,,,,,,,,,1,marking_quality_score=100.521,True,True,True
2026-02-28 20:14:00,UNIT05274,LOT036,WAFER5274,PKG05274,7,Encapsulation / Molding,OSAT/ATMP,Packaging,MO-01,C,FAIL,ABNORMAL,ABNORMAL,,,,,,,,,,,,,192.004,145.652,3.564,,,,,,,,,,2,mold_temperature_c=192.004; mold_cure_time_s=145.652,True,True,True
2026-02-28 19:45:00,UNIT05272,LOT036,WAFER5272,PKG05272,10,Package Inspection,OSAT/ATMP,Package Inspection,PI-01,A,FAIL,ABNORMAL,ABNORMAL,,,,,,,,,,,,,,,,,,10.237,,,,,,,1,package_dimension_mm=10.237,True,True,True
2026-02-28 19:19:00,UNIT05270,LOT036,WAFER5270,PKG05270,16,Packing / Dispatch,ATMP,Packaging,PK-01,A,FAIL,ABNORMAL,ABNORMAL,,,,,,,,,,,,,,,,,,,,,,,,-0.628,1,packaging_damage_score=-0.628,True,True,True
2026-02-28 18:56:00,UNIT05269,LOT036,WAFER5269,PKG05269,9,Singulation,ATMP,Package Processing,SG-02,C,FAIL,ABNORMAL,ABNORMAL,,,,,,,,,,,,,,,,,10.495,,,,,,,,1,singulation_damage_score=10.495,True,True,True
2026-02-28 18:22:00,UNIT05267,LOT036,WAFER5267,PKG05267,7,Encapsulation / Molding,OSAT/ATMP,Packaging,MO-01,C,FAIL,ABNORMAL,ABNORMAL,,,,,,,,,,,,,188.106,142.926,4.579,,,,,,,,,,1,mold_cure_time_s=142.926,True,True,True
2026-02-28 18:00:00,UNIT05266,LOT036,WAFER5266,PKG05266,1,Wafer Inspection,ATMP,Wafer Metrology,WI-02,A,FAIL,ABNORMAL,ABNORMAL,723.854,1.68,45.099,56.262,103.518,,,,,,,,,,,,,,,,,,,,1,warp_um=56.262,True,True,True
2026-02-28 17:49:00,UNIT05265,LOT036,WAFER5265,PKG05265,6,Wire Bonding,OSAT/ATMP,Assembly,WB-01,B,FAIL,ABNORMAL,ABNORMAL,,,,,,,,,,,64.418,4.179,,,,,,,,,,,,,1,bond_pull_strength_gf=4.179,True,True,True
2026-02-28 16:56:00,UNIT05262,LOT036,WAFER5262,PKG05262,1,Wafer Inspection,ATMP,Wafer Metrology,WI-02,C,FAIL,ABNORMAL,ABNORMAL,752.034,1.543,49.036,52.206,84.373,,,,,,,,,,,,,,,,,,,,1,warp_um=52.206,True,True,True
2026-02-28 16:46:00,UNIT05261,LOT036,WAFER5261,PKG05261,7,Encapsulation / Molding,OSAT/ATMP,Packaging,MO-02,C,FAIL,ABNORMAL,ABNORMAL,,,,,,,,,,,,,180.417,136.572,5.271,,,,,,,,,,1,void_percentage=5.271,True,True,True
2026-02-28 16:06:00,UNIT05258,LOT036,WAFER5258,PKG05258,15,Final Inspection,ATMP,Final Inspection,FI-01,A,FAIL,ABNORMAL,ABNORMAL,,,,,,,,,,,,,,,,95.355,,10.263,,,,,,,1,package_dimension_mm=10.263,True,True,True
2026-02-28 15:40:00,UNIT05257,LOT036,WAFER5257,PKG05257,5,Die Attach,OSAT/ATMP,Assembly,DA-02,C,FAIL,ABNORMAL,ABNORMAL,,,,,,,,,12.743,35.009,,,,,,,,,,,,,,,1,attach_force_n=12.743,True,True,True
2026-02-28 15:20:00,UNIT05256,LOT036,WAFER5256,PKG05256,1,Wafer Inspection,ATMP,Wafer Metrology,WI-01,A,FAIL,ABNORMAL,ABNORMAL,753.741,4.491,33.048,50.792,97.391,,,,,,,,,,,,,,,,,,,,1,warp_um=50.792,True,True,True
2026-02-28 14:54:00,UNIT05254,LOT036,WAFER5254,PKG05254,7,Encapsulation / Molding,OSAT/ATMP,Packaging,MO-02,B,FAIL,ABNORMAL,ABNORMAL,,,,,,,,,,,,,183.724,131.043,5.125,,,,,,,,,,1,void_percentage=5.125,True,True,True
2026-02-28 14:32:00,UNIT05253,LOT036,WAFER5253,PKG05253,1,Wafer Inspection,ATMP,Wafer Metrology,WI-02,B,FAIL,ABNORMAL,ABNORMAL,770.952,0.782,57.12,51.589,106.15,,,,,,,,,,,,,,,,,,,,2,bow_um=57.12; warp_um=51.589,True,True,True
2026-02-28 14:16:00,UNIT05252,LOT036,WAFER5252,PKG05252,1,Wafer Inspection,ATMP,Wafer Metrology,WI-01,C,FAIL,ABNORMAL,ABNORMAL,779.074,4.261,23.462,33.783,78.96,,,,,,,,,,,,,,,,,,,,1,tape_thickness_um=78.96,True,True,True
2026-02-28 14:01:00,UNIT05251,LOT036,WAFER5251,PKG05251,2,Wafer Sort,OSAT,Wafer Test,WS-01,C,FAIL,ABNORMAL,ABNORMAL,,,,,,9.356,,,,,,,,,,,,,,,,,,,1,sort_current_a=9.356,True,True,True
2026-02-28 13:44:00,UNIT05250,LOT035,WAFER5250,PKG05250,1,Wafer Inspection,ATMP,Wafer Metrology,WI-02,C,FAIL,ABNORMAL,ABNORMAL,762.225,5.691,44.619,45.651,85.635,,,,,,,,,,,,,,,,,,,,1,ttv_um=5.691,True,True,True
2026-02-28 13:33:00,UNIT05249,LOT035,WAFER5249,PKG05249,6,Wire Bonding,OSAT/ATMP,Assembly,WB-02,B,FAIL,ABNORMAL,ABNORMAL,,,,,,,,,,,66.09,4.979,,,,,,,,,,,,,1,bond_pull_strength_gf=4.979,True,True,True
2026-02-28 13:18:00,UNIT05248,LOT035,WAFER5248,PKG05248,7,Encapsulation / Molding,OSAT/ATMP,Packaging,MO-02,B,FAIL,ABNORMAL,ABNORMAL,,,,,,,,,,,,,182.243,105.36,5.814,,,,,,,,,,1,void_percentage=5.814,True,True,True
2026-02-28 12:57:00,UNIT05247,LOT035,WAFER5247,PKG05247,2,Wafer Sort,OSAT,Wafer Test,WS-01,C,FAIL,ABNORMAL,ABNORMAL,,,,,,10.609,,,,,,,,,,,,,,,,,,,1,sort_current_a=10.609,True,True,True
2026-02-28 12:44:00,UNIT05246,LOT035,WAFER5246,PKG05246,5,Die Attach,OSAT/ATMP,Assembly,DA-02,C,FAIL,ABNORMAL,ABNORMAL,,,,,,,,,12.689,39.335,,,,,,,,,,,,,,,1,attach_force_n=12.689,True,True,True
2026-02-28 12:30:00,UNIT05245,LOT035,WAFER5245,PKG05245,7,Encapsulation / Molding,OSAT/ATMP,Packaging,MO-02,C,FAIL,ABNORMAL,ABNORMAL,,,,,,,,,,,,,179.97,134.032,5.762,,,,,,,,,,1,void_percentage=5.762,True,True,True
2026-02-28 12:08:00,UNIT05244,LOT035,WAFER5244,PKG05244,1,Wafer Inspection,ATMP,Wafer Metrology,WI-01,B,FAIL,ABNORMAL,ABNORMAL,797.787,2.852,6.392,-9.518,121.947,,,,,,,,,,,,,,,,,,,,2,warp_um=-9.518; tape_thickness_um=121.947,True,True,True
2026-02-28 11:54:00,UNIT05243,LOT035,WAFER5243,PKG05243,3,Back Grinding,ATMP,Wafer Processing,BG-01,A,FAIL,ABNORMAL,ABNORMAL,806.019,,,,,,0.934,,,,,,,,,,,,,,,,,,1,wafer_thickness_um=806.019,True,True,True
2026-02-28 11:48:00,UNIT05242,LOT035,WAFER5242,PKG05242,13,FCT,OSAT,Functional Testing,FCT-02,A,FAIL,ABNORMAL,ABNORMAL,,,,,,,,,,,,,,,,,,,,,,3.094,,,1,fct_voltage_v=3.094,True,True,True
2026-02-28 11:29:00,UNIT05241,LOT035,WAFER5241,PKG05241,10,Package Inspection,OSAT/ATMP,Package Inspection,PI-02,B,FAIL,ABNORMAL,ABNORMAL,,,,,,,,,,,,,,,,,,9.798,,,,,,,1,package_dimension_mm=9.798,True,True,True
2026-02-28 11:06:00,UNIT05240,LOT035,WAFER5240,PKG05240,3,Back Grinding,ATMP,Wafer Processing,BG-02,B,FAIL,ABNORMAL,ABNORMAL,715.25,,,,,,-0.019,,,,,,,,,,,,,,,,,,1,thickness_variation_um=-0.019,True,True,True
2026-02-28 10:50:00,UNIT05239,LOT035,WAFER5239,PKG05239,3,Back Grinding,ATMP,Wafer Processing,BG-01,A,FAIL,ABNORMAL,ABNORMAL,759.062,,,,,,-0.202,,,,,,,,,,,,,,,,,,1,thickness_variation_um=-0.202,True,True,True
2026-02-28 10:38:00,UNIT05238,LOT035,WAFER5238,PKG05238,7,Encapsulation / Molding,OSAT/ATMP,Packaging,MO-02,A,FAIL,ABNORMAL,ABNORMAL,,,,,,,,,,,,,174.154,132.969,5.245,,,,,,,,,,1,void_percentage=5.245,True,True,True
2026-02-28 10:16:00,UNIT05237,LOT035,WAFER5237,PKG05237,1,Wafer Inspection,ATMP,Wafer Metrology,WI-02,B,FAIL,ABNORMAL,ABNORMAL,775.955,3.477,56.605,43.461,93.295,,,,,,,,,,,,,,,,,,,,1,bow_um=56.605,True,True,True
2026-02-28 10:00:00,UNIT05236,LOT035,WAFER5236,PKG05236,1,Wafer Inspection,ATMP,Wafer Metrology,WI-02,C,FAIL,ABNORMAL,ABNORMAL,728.939,-0.661,5.713,22.938,106.779,,,,,,,,,,,,,,,,,,,,1,ttv_um=-0.661,True,True,True
2026-02-28 09:51:00,UNIT05235,LOT035,WAFER5235,PKG05235,8,Marking,ATMP,Package Marking,MK-02,A,FAIL,ABNORMAL,ABNORMAL,,,,,,,,,,,,,,,,89.018,,,,,,,,,1,marking_quality_score=89.018,True,True,True
2026-02-28 09:28:00,UNIT05234,LOT035,WAFER5234,PKG05234,1,Wafer Inspection,ATMP,Wafer Metrology,WI-02,B,FAIL,ABNORMAL,ABNORMAL,736.901,5.055,22.498,12.068,99.93,,,,,,,,,,,,,,,,,,,,1,ttv_um=5.055,True,True,True
2026-02-28 09:12:00,UNIT05233,LOT035,WAFER5233,PKG05233,1,Wafer Inspection,ATMP,Wafer Metrology,WI-02,B,FAIL,ABNORMAL,ABNORMAL,788.658,3.915,51.451,6.8,80.974,,,,,,,,,,,,,,,,,,,,1,bow_um=51.451,True,True,True
2026-02-28 08:56:00,UNIT05232,LOT035,WAFER5232,PKG05232,1,Wafer Inspection,ATMP,Wafer Metrology,WI-02,C,FAIL,ABNORMAL,ABNORMAL,721.576,3.107,22.769,57.727,100.645,,,,,,,,,,,,,,,,,,,,1,warp_um=57.727,True,True,True
2026-02-28 08:40:00,UNIT05231,LOT035,WAFER5231,PKG05231,1,Wafer Inspection,ATMP,Wafer Metrology,WI-02,A,FAIL,ABNORMAL,ABNORMAL,712.372,2.142,-0.605,25.631,97.9,,,,,,,,,,,,,,,,,,,,1,bow_um=-0.605,True,True,True
2026-02-28 08:24:00,UNIT05230,LOT035,WAFER5230,PKG05230,1,Wafer Inspection,ATMP,Wafer Metrology,WI-01,B,FAIL,ABNORMAL,ABNORMAL,796.566,4.084,53.393,1.455,91.214,,,,,,,,,,,,,,,,,,,,1,bow_um=53.393,True,True,True
2026-02-28 08:08:00,UNIT05229,LOT035,WAFER5229,PKG05229,1,Wafer Inspection,ATMP,Wafer Metrology,WI-02,C,FAIL,ABNORMAL,ABNORMAL,798.835,0.23,22.772,49.478,74.623,,,,,,,,,,,,,,,,,,,,1,tape_thickness_um=74.623,True,True,True
2026-02-28 07:52:00,UNIT05228,LOT035,WAFER5228,PKG05228,1,Wafer Inspection,ATMP,Wafer Metrology,WI-02,B,FAIL,ABNORMAL,ABNORMAL,766.532,4.616,53.654,35.131,106.868,,,,,,,,,,,,,,,,,,,,1,bow_um=53.654,True,True,True
2026-02-28 07:42:00,UNIT05227,LOT035,WAFER5227,PKG05227,7,Encapsulation / Molding,OSAT/ATMP,Packaging,MO-01,B,FAIL,ABNORMAL,ABNORMAL,,,,,,,,,,,,,190.297,135.15,2.639,,,,,,,,,,1,mold_temperature_c=190.297,True,True,True
2026-02-28 07:20:00,UNIT05226,LOT035,WAFER5226,PKG05226,1,Wafer Inspection,ATMP,Wafer Metrology,WI-02,C,FAIL,ABNORMAL,ABNORMAL,782.989,4.94,24.75,15.67,126.766,,,,,,,,,,,,,,,,,,,,1,tape_thickness_um=126.766,True,True,True
2026-02-28 07:01:00,UNIT05224,LOT035,WAFER5224,PKG05224,14,EOL,OSAT,Final Testing,EOL-02,B,FAIL,ABNORMAL,ABNORMAL,,,,,,,,,,,,,,,,,,,,,,,103.519,,1,eol_temperature_c=103.519,True,True,True
2026-02-28 06:42:00,UNIT05223,LOT035,WAFER5223,PKG05223,11,Burn-in,OSAT,Testing,BI-01,A,FAIL,ABNORMAL,ABNORMAL,,,,,,,,,,,,,,,,,,,131.501,7.991,,,,,1,burn_in_temperature_c=131.501,True,True,True
2026-02-28 06:30:00,UNIT05222,LOT035,WAFER5222,PKG05222,15,Final Inspection,ATMP,Final Inspection,FI-02,C,FAIL,ABNORMAL,ABNORMAL,,,,,,,,,,,,,,,,89.565,,10.033,,,,,,,1,marking_quality_score=89.565,True,True,True
2026-02-28 06:00:00,UNIT05221,LOT035,WAFER5221,PKG05221,1,Wafer Inspection,ATMP,Wafer Metrology,WI-02,B,FAIL,ABNORMAL,ABNORMAL,790.993,2.248,11.113,32.358,120.974,,,,,,,,,,,,,,,,,,,,1,tape_thickness_um=120.974,True,True,True
2026-02-28 05:44:00,UNIT05220,LOT035,WAFER5220,PKG05220,1,Wafer Inspection,ATMP,Wafer Metrology,WI-01,A,FAIL,ABNORMAL,ABNORMAL,783.882,3.038,23.007,2.473,78.718,,,,,,,,,,,,,,,,,,,,1,tape_thickness_um=78.718,True,True,True
2026-02-28 05:37:00,UNIT05219,LOT035,WAFER5219,PKG05219,10,Package Inspection,OSAT/ATMP,Package Inspection,PI-02,A,FAIL,ABNORMAL,ABNORMAL,,,,,,,,,,,,,,,,,,10.255,,,,,,,1,package_dimension_mm=10.255,True,True,True
2026-02-28 05:00:00,UNIT05217,LOT035,WAFER5217,PKG05217,5,Die Attach,OSAT/ATMP,Assembly,DA-02,A,FAIL,ABNORMAL,ABNORMAL,,,,,,,,,7.93,1.359,,,,,,,,,,,,,,,1,attach_force_n=7.93,True,True,True
2026-02-28 04:40:00,UNIT05216,LOT035,WAFER5216,PKG05216,1,Wafer Inspection,ATMP,Wafer Metrology,WI-02,B,FAIL,ABNORMAL,ABNORMAL,729.828,3.692,3.55,42.041,124.658,,,,,,,,,,,,,,,,,,,,1,tape_thickness_um=124.658,True,True,True
2026-02-28 03:52:00,UNIT05213,LOT035,WAFER5213,PKG05213,1,Wafer Inspection,ATMP,Wafer Metrology,WI-02,B,FAIL,ABNORMAL,ABNORMAL,683.654,3.393,45.291,5.045,93.061,,,,,,,,,,,,,,,,,,,,1,wafer_thickness_um=683.654,True,True,True
2026-02-28 03:37:00,UNIT05212,LOT035,WAFER5212,PKG05212,2,Wafer Sort,OSAT,Wafer Test,WS-01,A,FAIL,ABNORMAL,ABNORMAL,,,,,,10.636,,,,,,,,,,,,,,,,,,,1,sort_current_a=10.636,True,True,True
2026-02-28 03:31:00,UNIT05211,LOT035,WAFER5211,PKG05211,12,ICT,OSAT,Electrical Testing,ICT-02,A,FAIL,ABNORMAL,ABNORMAL,,,,,,,,,,,,,,,,,,,,,10.585,,,,1,ict_current_a=10.585,True,True,True
2026-02-28 03:04:00,UNIT05210,LOT035,WAFER5210,PKG05210,1,Wafer Inspection,ATMP,Wafer Metrology,WI-01,A,FAIL,ABNORMAL,ABNORMAL,740.743,-0.361,33.371,22.262,116.773,,,,,,,,,,,,,,,,,,,,1,ttv_um=-0.361,True,True,True
2026-02-28 02:52:00,UNIT05209,LOT035,WAFER5209,PKG05209,5,Die Attach,OSAT/ATMP,Assembly,DA-02,A,FAIL,ABNORMAL,ABNORMAL,,,,,,,,,12.757,21.408,,,,,,,,,,,,,,,1,attach_force_n=12.757,True,True,True
2026-02-28 02:28:00,UNIT05207,LOT035,WAFER5207,PKG05207,13,FCT,OSAT,Functional Testing,FCT-02,C,FAIL,ABNORMAL,ABNORMAL,,,,,,,,,,,,,,,,,,,,,,3.508,,,1,fct_voltage_v=3.508,True,True,True
2026-02-28 01:45:00,UNIT05205,LOT035,WAFER5205,PKG05205,2,Wafer Sort,OSAT,Wafer Test,WS-01,A,FAIL,ABNORMAL,ABNORMAL,,,,,,10.629,,,,,,,,,,,,,,,,,,,1,sort_current_a=10.629,True,True,True
2026-02-28 01:28:00,UNIT05204,LOT035,WAFER5204,PKG05204,1,Wafer Inspection,ATMP,Wafer Metrology,WI-02,B,FAIL,ABNORMAL,ABNORMAL,761.913,-0.483,44.738,50.304,110.432,,,,,,,,,,,,,,,,,,,,2,ttv_um=-0.483; warp_um=50.304,True,True,True
2026-02-28 01:12:00,UNIT05203,LOT035,WAFER5203,PKG05203,1,Wafer Inspection,ATMP,Wafer Metrology,WI-01,A,FAIL,ABNORMAL,ABNORMAL,805.05,3.923,32.052,47.744,88.156,,,,,,,,,,,,,,,,,,,,1,wafer_thickness_um=805.05,True,True,True
2026-02-28 00:56:00,UNIT05202,LOT035,WAFER5202,PKG05202,1,Wafer Inspection,ATMP,Wafer Metrology,WI-02,C,FAIL,ABNORMAL,ABNORMAL,716.929,4.675,23.489,23.035,124.318,,,,,,,,,,,,,,,,,,,,1,tape_thickness_um=124.318,True,True,True
2026-02-28 00:29:00,UNIT05200,LOT035,WAFER5200,PKG05200,6,Wire Bonding,OSAT/ATMP,Assembly,WB-02,C,FAIL,ABNORMAL,ABNORMAL,,,,,,,,,,,71.724,8.572,,,,,,,,,,,,,1,wire_bond_force_n=71.724,True,True,True
2026-02-28 00:14:00,UNIT05199,LOT035,WAFER5199,PKG05199,7,Encapsulation / Molding,OSAT/ATMP,Packaging,MO-01,B,FAIL,ABNORMAL,ABNORMAL,,,,,,,,,,,,,180.093,93.777,4.425,,,,,,,,,,1,mold_cure_time_s=93.777,True,True,True
2026-02-27 23:55:00,UNIT05198,LOT035,WAFER5198,PKG05198,4,Wafer Dicing,ATMP,Wafer Processing,WD-01,A,FAIL,ABNORMAL,ABNORMAL,,,,,,,,44.754,,,,,,,,,,,,,,,,,1,kerf_width_um=44.754,True,True,True
2026-02-27 23:42:00,UNIT05197,LOT035,WAFER5197,PKG05197,7,Encapsulation / Molding,OSAT/ATMP,Packaging,MO-02,A,FAIL,ABNORMAL,ABNORMAL,,,,,,,,,,,,,168.961,112.611,0.085,,,,,,,,,,1,mold_temperature_c=168.961,True,True,True
2026-02-27 23:31:00,UNIT05196,LOT035,WAFER5196,PKG05196,12,ICT,OSAT,Electrical Testing,ICT-01,A,FAIL,ABNORMAL,ABNORMAL,,,,,,,,,,,,,,,,,,,,,10.52,,,,1,ict_current_a=10.52,True,True,True
2026-02-27 23:04:00,UNIT05195,LOT035,WAFER5195,PKG05195,1,Wafer Inspection,ATMP,Wafer Metrology,WI-02,B,FAIL,ABNORMAL,ABNORMAL,737.364,0.676,45.931,38.084,73.805,,,,,,,,,,,,,,,,,,,,1,tape_thickness_um=73.805,True,True,True
2026-02-27 23:03:00,UNIT05194,LOT035,WAFER5194,PKG05194,16,Packing / Dispatch,ATMP,Packaging,PK-01,A,FAIL,ABNORMAL,ABNORMAL,,,,,,,,,,,,,,,,,,,,,,,,-1.245,1,packaging_damage_score=-1.245,True,True,True
2026-02-27 22:35:00,UNIT05193,LOT035,WAFER5193,PKG05193,4,Wafer Dicing,ATMP,Wafer Processing,WD-02,A,FAIL,ABNORMAL,ABNORMAL,,,,,,,,44.403,,,,,,,,,,,,,,,,,1,kerf_width_um=44.403,True,True,True
2026-02-27 22:09:00,UNIT05191,LOT035,WAFER5191,PKG05191,10,Package Inspection,OSAT/ATMP,Package Inspection,PI-02,B,FAIL,ABNORMAL,ABNORMAL,,,,,,,,,,,,,,,,,,9.763,,,,,,,1,package_dimension_mm=9.763,True,True,True
2026-02-27 21:44:00,UNIT05190,LOT035,WAFER5190,PKG05190,1,Wafer Inspection,ATMP,Wafer Metrology,WI-02,C,FAIL,ABNORMAL,ABNORMAL,733.388,5.497,43.456,8.82,104.639,,,,,,,,,,,,,,,,,,,,1,ttv_um=5.497,True,True,True
2026-02-27 21:32:00,UNIT05189,LOT035,WAFER5189,PKG05189,5,Die Attach,OSAT/ATMP,Assembly,DA-02,A,FAIL,ABNORMAL,ABNORMAL,,,,,,,,,12.158,11.779,,,,,,,,,,,,,,,1,attach_force_n=12.158,True,True,True
2026-02-27 21:20:00,UNIT05188,LOT035,WAFER5188,PKG05188,9,Singulation,ATMP,Package Processing,SG-01,C,FAIL,ABNORMAL,ABNORMAL,,,,,,,,,,,,,,,,,11.53,,,,,,,,1,singulation_damage_score=11.53,True,True,True
2026-02-27 20:40:00,UNIT05186,LOT035,WAFER5186,PKG05186,1,Wafer Inspection,ATMP,Wafer Metrology,WI-02,B,FAIL,ABNORMAL,ABNORMAL,729.608,2.455,-2.079,19.376,118.284,,,,,,,,,,,,,,,,,,,,1,bow_um=-2.079,True,True,True
2026-02-27 20:14:00,UNIT05184,LOT035,WAFER5184,PKG05184,7,Encapsulation / Molding,OSAT/ATMP,Packaging,MO-02,B,FAIL,ABNORMAL,ABNORMAL,,,,,,,,,,,,,179.695,99.378,0.982,,,,,,,,,,1,mold_cure_time_s=99.378,True,True,True
2026-02-27 19:52:00,UNIT05183,LOT035,WAFER5183,PKG05183,1,Wafer Inspection,ATMP,Wafer Metrology,WI-01,B,FAIL,ABNORMAL,ABNORMAL,730.886,0.224,24.87,-0.452,86.439,,,,,,,,,,,,,,,,,,,,1,warp_um=-0.452,True,True,True
2026-02-27 19:46:00,UNIT05182,LOT035,WAFER5182,PKG05182,11,Burn-in,OSAT,Testing,BI-01,A,FAIL,ABNORMAL,ABNORMAL,,,,,,,,,,,,,,,,,,,131.948,5.125,,,,,1,burn_in_temperature_c=131.948,True,True,True
2026-02-27 19:33:00,UNIT05181,LOT035,WAFER5181,PKG05181,14,EOL,OSAT,Final Testing,EOL-01,A,FAIL,ABNORMAL,ABNORMAL,,,,,,,,,,,,,,,,,,,,,,,76.063,,1,eol_temperature_c=76.063,True,True,True
2026-02-27 19:04:00,UNIT05180,LOT035,WAFER5180,PKG05180,1,Wafer Inspection,ATMP,Wafer Metrology,WI-02,C,FAIL,ABNORMAL,ABNORMAL,771.361,2.809,-4.215,0.741,97.682,,,,,,,,,,,,,,,,,,,,1,bow_um=-4.215,True,True,True
2026-02-27 18:37:00,UNIT05178,LOT035,WAFER5178,PKG05178,6,Wire Bonding,OSAT/ATMP,Assembly,WB-02,A,FAIL,ABNORMAL,ABNORMAL,,,,,,,,,,,70.626,8.242,,,,,,,,,,,,,1,wire_bond_force_n=70.626,True,True,True
2026-02-27 18:17:00,UNIT05177,LOT035,WAFER5177,PKG05177,2,Wafer Sort,OSAT,Wafer Test,WS-02,B,FAIL,ABNORMAL,ABNORMAL,,,,,,9.444,,,,,,,,,,,,,,,,,,,1,sort_current_a=9.444,True,True,True
2026-02-27 18:00:00,UNIT05176,LOT035,WAFER5176,PKG05176,1,Wafer Inspection,ATMP,Wafer Metrology,WI-01,C,FAIL,ABNORMAL,ABNORMAL,796.573,-0.199,29.651,57.491,101.025,,,,,,,,,,,,,,,,,,,,2,ttv_um=-0.199; warp_um=57.491,True,True,True
2026-02-27 17:32:00,UNIT05174,LOT035,WAFER5174,PKG05174,5,Die Attach,OSAT/ATMP,Assembly,DA-01,C,FAIL,ABNORMAL,ABNORMAL,,,,,,,,,10.473,-7.903,,,,,,,,,,,,,,,1,attach_offset_um=-7.903,True,True,True
2026-02-27 17:14:00,UNIT05173,LOT035,WAFER5173,PKG05173,3,Back Grinding,ATMP,Wafer Processing,BG-02,A,FAIL,ABNORMAL,ABNORMAL,681.384,,,,,,0.718,,,,,,,,,,,,,,,,,,1,wafer_thickness_um=681.384,True,True,True
2026-02-27 17:11:00,UNIT05172,LOT035,WAFER5172,PKG05172,16,Packing / Dispatch,ATMP,Packaging,PK-01,A,FAIL,ABNORMAL,ABNORMAL,,,,,,,,,,,,,,,,,,,,,,,,10.189,1,packaging_damage_score=10.189,True,True,True
2026-02-27 16:26:00,UNIT05170,LOT035,WAFER5170,PKG05170,3,Back Grinding,ATMP,Wafer Processing,BG-02,A,FAIL,ABNORMAL,ABNORMAL,751.091,,,,,,5.377,,,,,,,,,,,,,,,,,,1,thickness_variation_um=5.377,True,True,True
2026-02-27 16:08:00,UNIT05169,LOT035,WAFER5169,PKG05169,1,Wafer Inspection,ATMP,Wafer Metrology,WI-02,B,FAIL,ABNORMAL,ABNORMAL,789.234,-0.436,20.46,28.853,106.844,,,,,,,,,,,,,,,,,,,,1,ttv_um=-0.436,True,True,True
2026-02-27 15:52:00,UNIT05168,LOT035,WAFER5168,PKG05168,1,Wafer Inspection,ATMP,Wafer Metrology,WI-01,C,FAIL,ABNORMAL,ABNORMAL,817.114,1.148,1.238,2.534,103.289,,,,,,,,,,,,,,,,,,,,1,wafer_thickness_um=817.114,True,True,True
2026-02-27 15:20:00,UNIT05166,LOT035,WAFER5166,PKG05166,1,Wafer Inspection,ATMP,Wafer Metrology,WI-01,A,FAIL,ABNORMAL,ABNORMAL,716.234,2.676,29.415,22.153,72.096,,,,,,,,,,,,,,,,,,,,1,tape_thickness_um=72.096,True,True,True
2026-02-27 15:07:00,UNIT05165,LOT035,WAFER5165,PKG05165,4,Wafer Dicing,ATMP,Wafer Processing,WD-02,A,FAIL,ABNORMAL,ABNORMAL,,,,,,,,55.605,,,,,,,,,,,,,,,,,1,kerf_width_um=55.605,True,True,True
2026-02-27 14:16:00,UNIT05162,LOT035,WAFER5162,PKG05162,1,Wafer Inspection,ATMP,Wafer Metrology,WI-02,B,FAIL,ABNORMAL,ABNORMAL,787.004,1.154,-2.342,36.711,110.537,,,,,,,,,,,,,,,,,,,,1,bow_um=-2.342,True,True,True
2026-02-27 14:04:00,UNIT05161,LOT035,WAFER5161,PKG05161,5,Die Attach,OSAT/ATMP,Assembly,DA-01,C,FAIL,ABNORMAL,ABNORMAL,,,,,,,,,9.458,-0.065,,,,,,,,,,,,,,,1,attach_offset_um=-0.065,True,True,True
2026-02-27 13:48:00,UNIT05160,LOT035,WAFER5160,PKG05160,5,Die Attach,OSAT/ATMP,Assembly,DA-01,C,FAIL,ABNORMAL,ABNORMAL,,,,,,,,,12.316,48.606,,,,,,,,,,,,,,,1,attach_force_n=12.316,True,True,True
2026-02-27 13:30:00,UNIT05159,LOT035,WAFER5159,PKG05159,3,Back Grinding,ATMP,Wafer Processing,BG-01,B,FAIL,ABNORMAL,ABNORMAL,685.167,,,,,,4.742,,,,,,,,,,,,,,,,,,1,wafer_thickness_um=685.167,True,True,True
2026-02-27 13:27:00,UNIT05158,LOT035,WAFER5158,PKG05158,16,Packing / Dispatch,ATMP,Packaging,PK-01,A,FAIL,ABNORMAL,ABNORMAL,,,,,,,,,,,,,,,,,,,,,,,,-1.999,1,packaging_damage_score=-1.999,True,True,True
2026-02-27 13:06:00,UNIT05157,LOT035,WAFER5157,PKG05157,11,Burn-in,OSAT,Testing,BI-01,B,FAIL,ABNORMAL,ABNORMAL,,,,,,,,,,,,,,,,,,,118.853,4.976,,,,,1,burn_in_temperature_c=118.853,True,True,True
2026-02-27 12:42:00,UNIT05156,LOT035,WAFER5156,PKG05156,3,Back Grinding,ATMP,Wafer Processing,BG-01,C,FAIL,ABNORMAL,ABNORMAL,698.803,,,,,,4.252,,,,,,,,,,,,,,,,,,1,wafer_thickness_um=698.803,True,True,True
2026-02-27 12:32:00,UNIT05155,LOT035,WAFER5155,PKG05155,9,Singulation,ATMP,Package Processing,SG-01,B,FAIL,ABNORMAL,ABNORMAL,,,,,,,,,,,,,,,,,-0.133,,,,,,,,1,singulation_damage_score=-0.133,True,True,True
2026-02-27 11:57:00,UNIT05153,LOT035,WAFER5153,PKG05153,6,Wire Bonding,OSAT/ATMP,Assembly,WB-02,C,FAIL,ABNORMAL,ABNORMAL,,,,,,,,,,,68.607,10.621,,,,,,,,,,,,,1,bond_pull_strength_gf=10.621,True,True,True
2026-02-27 11:49:00,UNIT05152,LOT035,WAFER5152,PKG05152,14,EOL,OSAT,Final Testing,EOL-01,C,FAIL,ABNORMAL,ABNORMAL,,,,,,,,,,,,,,,,,,,,,,,77.606,,1,eol_temperature_c=77.606,True,True,True
2026-02-27 11:20:00,UNIT05151,LOT035,WAFER5151,PKG05151,1,Wafer Inspection,ATMP,Wafer Metrology,WI-02,B,FAIL,ABNORMAL,ABNORMAL,731.711,5.05,29.018,7.572,93.65,,,,,,,,,,,,,,,,,,,,1,ttv_um=5.05,True,True,True
2026-02-27 11:05:00,UNIT05150,LOT035,WAFER5150,PKG05150,2,Wafer Sort,OSAT,Wafer Test,WS-01,A,FAIL,ABNORMAL,ABNORMAL,,,,,,9.418,,,,,,,,,,,,,,,,,,,1,sort_current_a=9.418,True,True,True
2026-02-27 10:58:00,UNIT05149,LOT035,WAFER5149,PKG05149,11,Burn-in,OSAT,Testing,BI-01,C,FAIL,ABNORMAL,ABNORMAL,,,,,,,,,,,,,,,,,,,121.259,3.925,,,,,1,burn_in_hours=3.925,True,True,True
2026-02-27 10:36:00,UNIT05148,LOT035,WAFER5148,PKG05148,5,Die Attach,OSAT/ATMP,Assembly,DA-01,B,FAIL,ABNORMAL,ABNORMAL,,,,,,,,,7.845,24.261,,,,,,,,,,,,,,,1,attach_force_n=7.845,True,True,True
2026-02-27 10:21:00,UNIT05147,LOT035,WAFER5147,PKG05147,6,Wire Bonding,OSAT/ATMP,Assembly,WB-02,A,FAIL,ABNORMAL,ABNORMAL,,,,,,,,,,,58.348,9.057,,,,,,,,,,,,,1,wire_bond_force_n=58.348,True,True,True
2026-02-27 10:00:00,UNIT05146,LOT035,WAFER5146,PKG05146,1,Wafer Inspection,ATMP,Wafer Metrology,WI-01,B,FAIL,ABNORMAL,ABNORMAL,784.042,-0.917,11.958,9.552,118.136,,,,,,,,,,,,,,,,,,,,1,ttv_um=-0.917,True,True,True
2026-02-27 09:54:00,UNIT05145,LOT035,WAFER5145,PKG05145,11,Burn-in,OSAT,Testing,BI-02,C,FAIL,ABNORMAL,ABNORMAL,,,,,,,,,,,,,,,,,,,124.345,3.386,,,,,1,burn_in_hours=3.386,True,True,True
2026-02-27 09:35:00,UNIT05144,LOT035,WAFER5144,PKG05144,8,Marking,ATMP,Package Marking,MK-01,C,FAIL,ABNORMAL,ABNORMAL,,,,,,,,,,,,,,,,100.787,,,,,,,,,1,marking_quality_score=100.787,True,True,True
2026-02-27 09:19:00,UNIT05143,LOT035,WAFER5143,PKG05143,8,Marking,ATMP,Package Marking,MK-02,A,FAIL,ABNORMAL,ABNORMAL,,,,,,,,,,,,,,,,88.501,,,,,,,,,1,marking_quality_score=88.501,True,True,True
2026-02-27 09:07:00,UNIT05142,LOT035,WAFER5142,PKG05142,12,ICT,OSAT,Electrical Testing,ICT-02,C,FAIL,ABNORMAL,ABNORMAL,,,,,,,,,,,,,,,,,,,,,9.376,,,,1,ict_current_a=9.376,True,True,True
2026-02-27 08:24:00,UNIT05140,LOT035,WAFER5140,PKG05140,1,Wafer Inspection,ATMP,Wafer Metrology,WI-02,C,FAIL,ABNORMAL,ABNORMAL,801.08,3.315,34.165,11.372,96.429,,,,,,,,,,,,,,,,,,,,1,wafer_thickness_um=801.08,True,True,True
2026-02-27 08:11:00,UNIT05139,LOT035,WAFER5139,PKG05139,4,Wafer Dicing,ATMP,Wafer Processing,WD-01,A,FAIL,ABNORMAL,ABNORMAL,,,,,,,,43.817,,,,,,,,,,,,,,,,,1,kerf_width_um=43.817,True,True,True
2026-02-27 08:02:00,UNIT05138,LOT035,WAFER5138,PKG05138,11,Burn-in,OSAT,Testing,BI-01,A,FAIL,ABNORMAL,ABNORMAL,,,,,,,,,,,,,,,,,,,125.008,3.943,,,,,1,burn_in_hours=3.943,True,True,True
2026-02-27 07:45:00,UNIT05137,LOT035,WAFER5137,PKG05137,10,Package Inspection,OSAT/ATMP,Package Inspection,PI-02,C,FAIL,ABNORMAL,ABNORMAL,,,,,,,,,,,,,,,,,,10.271,,,,,,,1,package_dimension_mm=10.271,True,True,True
2026-02-27 07:32:00,UNIT05136,LOT035,WAFER5136,PKG05136,13,FCT,OSAT,Functional Testing,FCT-02,C,FAIL,ABNORMAL,ABNORMAL,,,,,,,,,,,,,,,,,,,,,,3.544,,,1,fct_voltage_v=3.544,True,True,True
2026-02-27 07:11:00,UNIT05135,LOT035,WAFER5135,PKG05135,8,Marking,ATMP,Package Marking,MK-01,A,FAIL,ABNORMAL,ABNORMAL,,,,,,,,,,,,,,,,88.113,,,,,,,,,1,marking_quality_score=88.113,True,True,True
2026-02-27 06:51:00,UNIT05134,LOT035,WAFER5134,PKG05134,4,Wafer Dicing,ATMP,Wafer Processing,WD-02,C,FAIL,ABNORMAL,ABNORMAL,,,,,,,,55.245,,,,,,,,,,,,,,,,,1,kerf_width_um=55.245,True,True,True
2026-02-27 06:41:00,UNIT05133,LOT035,WAFER5133,PKG05133,10,Package Inspection,OSAT/ATMP,Package Inspection,PI-01,A,FAIL,ABNORMAL,ABNORMAL,,,,,,,,,,,,,,,,,,10.212,,,,,,,1,package_dimension_mm=10.212,True,True,True
2026-02-27 06:20:00,UNIT05132,LOT035,WAFER5132,PKG05132,5,Die Attach,OSAT/ATMP,Assembly,DA-01,A,FAIL,ABNORMAL,ABNORMAL,,,,,,,,,12.336,2.756,,,,,,,,,,,,,,,1,attach_force_n=12.336,True,True,True
2026-02-27 06:00:00,UNIT05131,LOT035,WAFER5131,PKG05131,1,Wafer Inspection,ATMP,Wafer Metrology,WI-02,B,FAIL,ABNORMAL,ABNORMAL,711.781,1.737,27.912,-0.086,109.077,,,,,,,,,,,,,,,,,,,,1,warp_um=-0.086,True,True,True
2026-02-27 05:44:00,UNIT05130,LOT035,WAFER5130,PKG05130,1,Wafer Inspection,ATMP,Wafer Metrology,WI-01,C,FAIL,ABNORMAL,ABNORMAL,754.15,3.919,-4.549,5.503,103.621,,,,,,,,,,,,,,,,,,,,1,bow_um=-4.549,True,True,True
2026-02-27 05:32:00,UNIT05129,LOT035,WAFER5129,PKG05129,5,Die Attach,OSAT/ATMP,Assembly,DA-02,B,FAIL,ABNORMAL,ABNORMAL,,,,,,,,,11.164,52.814,,,,,,,,,,,,,,,1,attach_offset_um=52.814,True,True,True
2026-02-27 05:02:00,UNIT05127,LOT035,WAFER5127,PKG05127,7,Encapsulation / Molding,OSAT/ATMP,Packaging,MO-01,A,FAIL,ABNORMAL,ABNORMAL,,,,,,,,,,,,,174.717,125.009,-0.275,,,,,,,,,,1,void_percentage=-0.275,True,True,True
2026-02-27 04:24:00,UNIT05125,LOT035,WAFER5125,PKG05125,1,Wafer Inspection,ATMP,Wafer Metrology,WI-02,A,FAIL,ABNORMAL,ABNORMAL,697.585,1.879,34.47,30.693,123.776,,,,,,,,,,,,,,,,,,,,2,wafer_thickness_um=697.585; tape_thickness_um=123.776,True,True,True
2026-02-27 04:08:00,UNIT05124,LOT035,WAFER5124,PKG05124,1,Wafer Inspection,ATMP,Wafer Metrology,WI-02,C,FAIL,ABNORMAL,ABNORMAL,800.405,4.784,24.729,1.164,90.048,,,,,,,,,,,,,,,,,,,,1,wafer_thickness_um=800.405,True,True,True
2026-02-27 03:54:00,UNIT05123,LOT035,WAFER5123,PKG05123,3,Back Grinding,ATMP,Wafer Processing,BG-01,C,FAIL,ABNORMAL,ABNORMAL,723.127,,,,,,5.358,,,,,,,,,,,,,,,,,,1,thickness_variation_um=5.358,True,True,True
2026-02-27 03:36:00,UNIT05122,LOT035,WAFER5122,PKG05122,1,Wafer Inspection,ATMP,Wafer Metrology,WI-02,B,FAIL,ABNORMAL,ABNORMAL,719.201,2.196,0.784,52.935,96.803,,,,,,,,,,,,,,,,,,,,1,warp_um=52.935,True,True,True
2026-02-27 03:20:00,UNIT05121,LOT035,WAFER5121,PKG05121,1,Wafer Inspection,ATMP,Wafer Metrology,WI-01,A,FAIL,ABNORMAL,ABNORMAL,793.843,3.01,24.256,38.322,122.012,,,,,,,,,,,,,,,,,,,,1,tape_thickness_um=122.012,True,True,True
2026-02-27 03:14:00,UNIT05120,LOT035,WAFER5120,PKG05120,11,Burn-in,OSAT,Testing,BI-01,B,FAIL,ABNORMAL,ABNORMAL,,,,,,,,,,,,,,,,,,,125.443,3.62,,,,,1,burn_in_hours=3.62,True,True,True
2026-02-27 02:48:00,UNIT05119,LOT035,WAFER5119,PKG05119,1,Wafer Inspection,ATMP,Wafer Metrology,WI-02,A,FAIL,ABNORMAL,ABNORMAL,796.985,3.719,42.661,-2.133,91.842,,,,,,,,,,,,,,,,,,,,1,warp_um=-2.133,True,True,True
2026-02-27 02:37:00,UNIT05118,LOT035,WAFER5118,PKG05118,6,Wire Bonding,OSAT/ATMP,Assembly,WB-02,C,FAIL,ABNORMAL,ABNORMAL,,,,,,,,,,,58.321,8.615,,,,,,,,,,,,,1,wire_bond_force_n=58.321,True,True,True
2026-02-27 02:16:00,UNIT05117,LOT035,WAFER5117,PKG05117,1,Wafer Inspection,ATMP,Wafer Metrology,WI-01,A,FAIL,ABNORMAL,ABNORMAL,811.177,0.824,12.257,36.727,74.023,,,,,,,,,,,,,,,,,,,,2,wafer_thickness_um=811.177; tape_thickness_um=74.023,True,True,True
2026-02-27 01:44:00,UNIT05115,LOT035,WAFER5115,PKG05115,1,Wafer Inspection,ATMP,Wafer Metrology,WI-01,A,FAIL,ABNORMAL,ABNORMAL,708.414,-0.585,12.334,33.04,73.719,,,,,,,,,,,,,,,,,,,,2,ttv_um=-0.585; tape_thickness_um=73.719,True,True,True
2026-02-27 01:32:00,UNIT05114,LOT035,WAFER5114,PKG05114,5,Die Attach,OSAT/ATMP,Assembly,DA-01,A,FAIL,ABNORMAL,ABNORMAL,,,,,,,,,7.743,-1.852,,,,,,,,,,,,,,,2,attach_force_n=7.743; attach_offset_um=-1.852,True,True,True
2026-02-27 01:14:00,UNIT05113,LOT035,WAFER5113,PKG05113,3,Back Grinding,ATMP,Wafer Processing,BG-02,A,FAIL,ABNORMAL,ABNORMAL,763.712,,,,,,-0.142,,,,,,,,,,,,,,,,,,1,thickness_variation_um=-0.142,True,True,True
2026-02-27 00:53:00,UNIT05111,LOT035,WAFER5111,PKG05111,14,EOL,OSAT,Final Testing,EOL-02,C,FAIL,ABNORMAL,ABNORMAL,,,,,,,,,,,,,,,,,,,,,,,77.753,,1,eol_temperature_c=77.753,True,True,True
2026-02-27 00:26:00,UNIT05110,LOT035,WAFER5110,PKG05110,3,Back Grinding,ATMP,Wafer Processing,BG-02,C,FAIL,ABNORMAL,ABNORMAL,689.009,,,,,,2.493,,,,,,,,,,,,,,,,,,1,wafer_thickness_um=689.009,True,True,True
2026-02-27 00:08:00,UNIT05109,LOT035,WAFER5109,PKG05109,1,Wafer Inspection,ATMP,Wafer Metrology,WI-01,B,FAIL,ABNORMAL,ABNORMAL,718.781,3.846,54.817,44.179,117.556,,,,,,,,,,,,,,,,,,,,1,bow_um=54.817,True,True,True
2026-02-26 23:58:00,UNIT05108,LOT035,WAFER5108,PKG05108,7,Encapsulation / Molding,OSAT/ATMP,Packaging,MO-01,C,FAIL,ABNORMAL,ABNORMAL,,,,,,,,,,,,,177.152,111.589,5.602,,,,,,,,,,1,void_percentage=5.602,True,True,True
2026-02-26 23:42:00,UNIT05107,LOT035,WAFER5107,PKG05107,7,Encapsulation / Molding,OSAT/ATMP,Packaging,MO-02,A,FAIL,ABNORMAL,ABNORMAL,,,,,,,,,,,,,171.445,125.127,-0.266,,,,,,,,,,1,void_percentage=-0.266,True,True,True
2026-02-26 23:20:00,UNIT05106,LOT035,WAFER5106,PKG05106,1,Wafer Inspection,ATMP,Wafer Metrology,WI-02,C,FAIL,ABNORMAL,ABNORMAL,710.619,0.214,56.157,1.712,87.325,,,,,,,,,,,,,,,,,,,,1,bow_um=56.157,True,True,True
2026-02-26 23:06:00,UNIT05105,LOT035,WAFER5105,PKG05105,3,Back Grinding,ATMP,Wafer Processing,BG-02,C,FAIL,ABNORMAL,ABNORMAL,804.03,,,,,,3.839,,,,,,,,,,,,,,,,,,1,wafer_thickness_um=804.03,True,True,True
2026-02-26 22:32:00,UNIT05103,LOT035,WAFER5103,PKG05103,1,Wafer Inspection,ATMP,Wafer Metrology,WI-01,C,FAIL,ABNORMAL,ABNORMAL,787.251,2.045,38.756,27.479,78.498,,,,,,,,,,,,,,,,,,,,1,tape_thickness_um=78.498,True,True,True
2026-02-26 22:16:00,UNIT05102,LOT035,WAFER5102,PKG05102,1,Wafer Inspection,ATMP,Wafer Metrology,WI-02,C,FAIL,ABNORMAL,ABNORMAL,708.813,-0.571,9.26,34.107,108.2,,,,,,,,,,,,,,,,,,,,1,ttv_um=-0.571,True,True,True
2026-02-26 21:44:00,UNIT05100,LOT034,WAFER5100,PKG05100,1,Wafer Inspection,ATMP,Wafer Metrology,WI-01,B,FAIL,ABNORMAL,ABNORMAL,699.544,0.923,55.538,40.192,72.995,,,,,,,,,,,,,,,,,,,,3,wafer_thickness_um=699.544; bow_um=55.538; tape_thickness_um=72.995,True,True,True
2026-02-26 21:41:00,UNIT05099,LOT034,WAFER5099,PKG05099,14,EOL,OSAT,Final Testing,EOL-02,C,FAIL,ABNORMAL,ABNORMAL,,,,,,,,,,,,,,,,,,,,,,,102.921,,1,eol_temperature_c=102.921,True,True,True
2026-02-26 21:12:00,UNIT05098,LOT034,WAFER5098,PKG05098,1,Wafer Inspection,ATMP,Wafer Metrology,WI-02,C,FAIL,ABNORMAL,ABNORMAL,796.881,-0.998,15.977,15.501,93.987,,,,,,,,,,,,,,,,,,,,1,ttv_um=-0.998,True,True,True
2026-02-26 21:00:00,UNIT05097,LOT034,WAFER5097,PKG05097,5,Die Attach,OSAT/ATMP,Assembly,DA-01,A,FAIL,ABNORMAL,ABNORMAL,,,,,,,,,7.848,31.331,,,,,,,,,,,,,,,1,attach_force_n=7.848,True,True,True
2026-02-26 20:46:00,UNIT05096,LOT034,WAFER5096,PKG05096,7,Encapsulation / Molding,OSAT/ATMP,Packaging,MO-01,A,FAIL,ABNORMAL,ABNORMAL,,,,,,,,,,,,,187.131,137.885,-0.721,,,,,,,,,,1,void_percentage=-0.721,True,True,True
2026-02-26 20:08:00,UNIT05094,LOT034,WAFER5094,PKG05094,1,Wafer Inspection,ATMP,Wafer Metrology,WI-01,C,FAIL,ABNORMAL,ABNORMAL,739.049,-0.078,23.076,49.139,91.808,,,,,,,,,,,,,,,,,,,,1,ttv_um=-0.078,True,True,True
2026-02-26 19:38:00,UNIT05092,LOT034,WAFER5092,PKG05092,3,Back Grinding,ATMP,Wafer Processing,BG-01,A,FAIL,ABNORMAL,ABNORMAL,695.319,,,,,,5.306,,,,,,,,,,,,,,,,,,2,wafer_thickness_um=695.319; thickness_variation_um=5.306,True,True,True
2026-02-26 19:20:00,UNIT05091,LOT034,WAFER5091,PKG05091,1,Wafer Inspection,ATMP,Wafer Metrology,WI-02,C,FAIL,ABNORMAL,ABNORMAL,734.282,1.293,38.842,37.687,126.654,,,,,,,,,,,,,,,,,,,,1,tape_thickness_um=126.654,True,True,True
2026-02-26 18:54:00,UNIT05089,LOT034,WAFER5089,PKG05089,7,Encapsulation / Molding,OSAT/ATMP,Packaging,MO-02,B,FAIL,ABNORMAL,ABNORMAL,,,,,,,,,,,,,172.656,102.482,5.914,,,,,,,,,,1,void_percentage=5.914,True,True,True
2026-02-26 18:22:00,UNIT05087,LOT034,WAFER5087,PKG05087,7,Encapsulation / Molding,OSAT/ATMP,Packaging,MO-02,C,FAIL,ABNORMAL,ABNORMAL,,,,,,,,,,,,,172.497,137.315,5.504,,,,,,,,,,1,void_percentage=5.504,True,True,True
2026-02-26 17:44:00,UNIT05085,LOT034,WAFER5085,PKG05085,1,Wafer Inspection,ATMP,Wafer Metrology,WI-01,A,FAIL,ABNORMAL,ABNORMAL,724.392,-0.785,48.567,8.446,103.917,,,,,,,,,,,,,,,,,,,,1,ttv_um=-0.785,True,True,True
2026-02-26 17:28:00,UNIT05084,LOT034,WAFER5084,PKG05084,1,Wafer Inspection,ATMP,Wafer Metrology,WI-02,A,FAIL,ABNORMAL,ABNORMAL,735.441,-0.191,35.335,43.142,85.865,,,,,,,,,,,,,,,,,,,,1,ttv_um=-0.191,True,True,True
2026-02-26 17:17:00,UNIT05083,LOT034,WAFER5083,PKG05083,6,Wire Bonding,OSAT/ATMP,Assembly,WB-01,C,FAIL,ABNORMAL,ABNORMAL,,,,,,,,,,,58.909,5.429,,,,,,,,,,,,,1,wire_bond_force_n=58.909,True,True,True
2026-02-26 16:58:00,UNIT05082,LOT034,WAFER5082,PKG05082,3,Back Grinding,ATMP,Wafer Processing,BG-02,C,FAIL,ABNORMAL,ABNORMAL,765.187,,,,,,5.487,,,,,,,,,,,,,,,,,,1,thickness_variation_um=5.487,True,True,True
2026-02-26 16:43:00,UNIT05081,LOT034,WAFER5081,PKG05081,4,Wafer Dicing,ATMP,Wafer Processing,WD-01,A,FAIL,ABNORMAL,ABNORMAL,,,,,,,,43.814,,,,,,,,,,,,,,,,,1,kerf_width_um=43.814,True,True,True
2026-02-26 16:24:00,UNIT05080,LOT034,WAFER5080,PKG05080,1,Wafer Inspection,ATMP,Wafer Metrology,WI-02,C,FAIL,ABNORMAL,ABNORMAL,807.686,0.949,7.221,45.984,85.207,,,,,,,,,,,,,,,,,,,,1,wafer_thickness_um=807.686,True,True,True
2026-02-26 16:22:00,UNIT05079,LOT034,WAFER5079,PKG05079,15,Final Inspection,ATMP,Final Inspection,FI-02,B,FAIL,ABNORMAL,ABNORMAL,,,,,,,,,,,,,,,,100.282,,10.139,,,,,,,1,marking_quality_score=100.282,True,True,True
2026-02-26 15:36:00,UNIT05077,LOT034,WAFER5077,PKG05077,1,Wafer Inspection,ATMP,Wafer Metrology,WI-01,B,FAIL,ABNORMAL,ABNORMAL,691.861,3.396,21.315,45.237,90.814,,,,,,,,,,,,,,,,,,,,1,wafer_thickness_um=691.861,True,True,True
2026-02-26 15:25:00,UNIT05076,LOT034,WAFER5076,PKG05076,6,Wire Bonding,OSAT/ATMP,Assembly,WB-01,C,FAIL,ABNORMAL,ABNORMAL,,,,,,,,,,,70.961,8.245,,,,,,,,,,,,,1,wire_bond_force_n=70.961,True,True,True
2026-02-26 15:08:00,UNIT05075,LOT034,WAFER5075,PKG05075,5,Die Attach,OSAT/ATMP,Assembly,DA-01,B,FAIL,ABNORMAL,ABNORMAL,,,,,,,,,7.585,-5.834,,,,,,,,,,,,,,,2,attach_force_n=7.585; attach_offset_um=-5.834,True,True,True
2026-02-26 14:36:00,UNIT05073,LOT034,WAFER5073,PKG05073,5,Die Attach,OSAT/ATMP,Assembly,DA-01,A,FAIL,ABNORMAL,ABNORMAL,,,,,,,,,12.003,37.888,,,,,,,,,,,,,,,1,attach_force_n=12.003,True,True,True
2026-02-26 14:01:00,UNIT05071,LOT034,WAFER5071,PKG05071,2,Wafer Sort,OSAT,Wafer Test,WS-02,A,FAIL,ABNORMAL,ABNORMAL,,,,,,9.461,,,,,,,,,,,,,,,,,,,1,sort_current_a=9.461,True,True,True
2026-02-26 13:28:00,UNIT05069,LOT034,WAFER5069,PKG05069,1,Wafer Inspection,ATMP,Wafer Metrology,WI-01,A,FAIL,ABNORMAL,ABNORMAL,686.565,1.925,28.834,27.579,114.482,,,,,,,,,,,,,,,,,,,,1,wafer_thickness_um=686.565,True,True,True
2026-02-26 13:16:00,UNIT05068,LOT034,WAFER5068,PKG05068,5,Die Attach,OSAT/ATMP,Assembly,DA-01,A,FAIL,ABNORMAL,ABNORMAL,,,,,,,,,11.276,-2.376,,,,,,,,,,,,,,,1,attach_offset_um=-2.376,True,True,True
2026-02-26 13:00:00,UNIT05067,LOT034,WAFER5067,PKG05067,5,Die Attach,OSAT/ATMP,Assembly,DA-01,C,FAIL,ABNORMAL,ABNORMAL,,,,,,,,,10.003,-9.521,,,,,,,,,,,,,,,1,attach_offset_um=-9.521,True,True,True
2026-02-26 12:30:00,UNIT05065,LOT034,WAFER5065,PKG05065,7,Encapsulation / Molding,OSAT/ATMP,Packaging,MO-02,B,FAIL,ABNORMAL,ABNORMAL,,,,,,,,,,,,,174.985,102.518,5.561,,,,,,,,,,1,void_percentage=5.561,True,True,True
2026-02-26 12:08:00,UNIT05064,LOT034,WAFER5064,PKG05064,1,Wafer Inspection,ATMP,Wafer Metrology,WI-01,B,FAIL,ABNORMAL,ABNORMAL,792.015,4.134,-9.966,25.646,90.984,,,,,,,,,,,,,,,,,,,,1,bow_um=-9.966,True,True,True
2026-02-26 11:58:00,UNIT05063,LOT034,WAFER5063,PKG05063,7,Encapsulation / Molding,OSAT/ATMP,Packaging,MO-02,C,FAIL,ABNORMAL,ABNORMAL,,,,,,,,,,,,,183.615,117.76,-0.705,,,,,,,,,,1,void_percentage=-0.705,True,True,True
2026-02-26 11:39:00,UNIT05062,LOT034,WAFER5062,PKG05062,4,Wafer Dicing,ATMP,Wafer Processing,WD-02,A,FAIL,ABNORMAL,ABNORMAL,,,,,,,,55.446,,,,,,,,,,,,,,,,,1,kerf_width_um=55.446,True,True,True
2026-02-26 11:24:00,UNIT05061,LOT034,WAFER5061,PKG05061,5,Die Attach,OSAT/ATMP,Assembly,DA-02,A,FAIL,ABNORMAL,ABNORMAL,,,,,,,,,10.998,59.538,,,,,,,,,,,,,,,1,attach_offset_um=59.538,True,True,True
2026-02-26 11:04:00,UNIT05060,LOT034,WAFER5060,PKG05060,1,Wafer Inspection,ATMP,Wafer Metrology,WI-01,A,FAIL,ABNORMAL,ABNORMAL,702.026,2.866,19.707,43.801,77.166,,,,,,,,,,,,,,,,,,,,1,tape_thickness_um=77.166,True,True,True
2026-02-26 10:48:00,UNIT05059,LOT034,WAFER5059,PKG05059,1,Wafer Inspection,ATMP,Wafer Metrology,WI-01,B,FAIL,ABNORMAL,ABNORMAL,771.992,2.164,10.726,33.244,121.613,,,,,,,,,,,,,,,,,,,,1,tape_thickness_um=121.613,True,True,True
2026-02-26 10:33:00,UNIT05058,LOT034,WAFER5058,PKG05058,2,Wafer Sort,OSAT,Wafer Test,WS-02,B,FAIL,ABNORMAL,ABNORMAL,,,,,,10.675,,,,,,,,,,,,,,,,,,,1,sort_current_a=10.675,True,True,True
2026-02-26 10:28:00,UNIT05057,LOT034,WAFER5057,PKG05057,13,FCT,OSAT,Functional Testing,FCT-02,A,FAIL,ABNORMAL,ABNORMAL,,,,,,,,,,,,,,,,,,,,,,3.069,,,1,fct_voltage_v=3.069,True,True,True
2026-02-26 10:10:00,UNIT05056,LOT034,WAFER5056,PKG05056,11,Burn-in,OSAT,Testing,BI-02,B,FAIL,ABNORMAL,ABNORMAL,,,,,,,,,,,,,,,,,,,119.647,5.724,,,,,1,burn_in_temperature_c=119.647,True,True,True
2026-02-26 09:44:00,UNIT05055,LOT034,WAFER5055,PKG05055,1,Wafer Inspection,ATMP,Wafer Metrology,WI-01,C,FAIL,ABNORMAL,ABNORMAL,740.35,2.551,17.208,11.308,74.023,,,,,,,,,,,,,,,,,,,,1,tape_thickness_um=74.023,True,True,True
2026-02-26 09:30:00,UNIT05054,LOT034,WAFER5054,PKG05054,3,Back Grinding,ATMP,Wafer Processing,BG-01,A,FAIL,ABNORMAL,ABNORMAL,762.251,,,,,,5.168,,,,,,,,,,,,,,,,,,1,thickness_variation_um=5.168,True,True,True
2026-02-26 09:13:00,UNIT05053,LOT034,WAFER5053,PKG05053,2,Wafer Sort,OSAT,Wafer Test,WS-02,B,FAIL,ABNORMAL,ABNORMAL,,,,,,9.348,,,,,,,,,,,,,,,,,,,1,sort_current_a=9.348,True,True,True
2026-02-26 09:05:00,UNIT05052,LOT034,WAFER5052,PKG05052,10,Package Inspection,OSAT/ATMP,Package Inspection,PI-02,B,FAIL,ABNORMAL,ABNORMAL,,,,,,,,,,,,,,,,,,10.25,,,,,,,1,package_dimension_mm=10.25,True,True,True
2026-02-26 08:25:00,UNIT05050,LOT034,WAFER5050,PKG05050,2,Wafer Sort,OSAT,Wafer Test,WS-01,A,FAIL,ABNORMAL,ABNORMAL,,,,,,10.661,,,,,,,,,,,,,,,,,,,1,sort_current_a=10.661,True,True,True
2026-02-26 08:10:00,UNIT05049,LOT034,WAFER5049,PKG05049,3,Back Grinding,ATMP,Wafer Processing,BG-02,A,FAIL,ABNORMAL,ABNORMAL,684.371,,,,,,2.813,,,,,,,,,,,,,,,,,,1,wafer_thickness_um=684.371,True,True,True
2026-02-26 07:40:00,UNIT05047,LOT034,WAFER5047,PKG05047,5,Die Attach,OSAT/ATMP,Assembly,DA-02,C,FAIL,ABNORMAL,ABNORMAL,,,,,,,,,12.077,4.316,,,,,,,,,,,,,,,1,attach_force_n=12.077,True,True,True
2026-02-26 07:25:00,UNIT05046,LOT034,WAFER5046,PKG05046,6,Wire Bonding,OSAT/ATMP,Assembly,WB-02,C,FAIL,ABNORMAL,ABNORMAL,,,,,,,,,,,71.392,5.154,,,,,,,,,,,,,1,wire_bond_force_n=71.392,True,True,True
2026-02-26 07:06:00,UNIT05045,LOT034,WAFER5045,PKG05045,3,Back Grinding,ATMP,Wafer Processing,BG-02,B,FAIL,ABNORMAL,ABNORMAL,759.384,,,,,,5.447,,,,,,,,,,,,,,,,,,1,thickness_variation_um=5.447,True,True,True
2026-02-26 06:49:00,UNIT05044,LOT034,WAFER5044,PKG05044,2,Wafer Sort,OSAT,Wafer Test,WS-01,C,FAIL,ABNORMAL,ABNORMAL,,,,,,9.43,,,,,,,,,,,,,,,,,,,1,sort_current_a=9.43,True,True,True
2026-02-26 06:32:00,UNIT05043,LOT034,WAFER5043,PKG05043,1,Wafer Inspection,ATMP,Wafer Metrology,WI-02,C,FAIL,ABNORMAL,ABNORMAL,735.012,-0.282,46.281,10.687,101.905,,,,,,,,,,,,,,,,,,,,1,ttv_um=-0.282,True,True,True
2026-02-26 06:28:00,UNIT05042,LOT034,WAFER5042,PKG05042,13,FCT,OSAT,Functional Testing,FCT-02,C,FAIL,ABNORMAL,ABNORMAL,,,,,,,,,,,,,,,,,,,,,,3.558,,,1,fct_voltage_v=3.558,True,True,True
2026-02-26 06:05:00,UNIT05041,LOT034,WAFER5041,PKG05041,6,Wire Bonding,OSAT/ATMP,Assembly,WB-02,A,FAIL,ABNORMAL,ABNORMAL,,,,,,,,,,,58.918,7.063,,,,,,,,,,,,,1,wire_bond_force_n=58.918,True,True,True
2026-02-26 05:53:00,UNIT05040,LOT034,WAFER5040,PKG05040,10,Package Inspection,OSAT/ATMP,Package Inspection,PI-02,C,FAIL,ABNORMAL,ABNORMAL,,,,,,,,,,,,,,,,,,10.24,,,,,,,1,package_dimension_mm=10.24,True,True,True
2026-02-26 05:26:00,UNIT05038,LOT034,WAFER5038,PKG05038,15,Final Inspection,ATMP,Final Inspection,FI-02,B,FAIL,ABNORMAL,ABNORMAL,,,,,,,,,,,,,,,,97.308,,9.762,,,,,,,1,package_dimension_mm=9.762,True,True,True
2026-02-26 04:56:00,UNIT05037,LOT034,WAFER5037,PKG05037,1,Wafer Inspection,ATMP,Wafer Metrology,WI-01,A,FAIL,ABNORMAL,ABNORMAL,763.013,4.035,28.17,9.468,72.427,,,,,,,,,,,,,,,,,,,,1,tape_thickness_um=72.427,True,True,True
2026-02-26 04:42:00,UNIT05036,LOT034,WAFER5036,PKG05036,3,Back Grinding,ATMP,Wafer Processing,BG-01,C,FAIL,ABNORMAL,ABNORMAL,683.251,,,,,,3.405,,,,,,,,,,,,,,,,,,1,wafer_thickness_um=683.251,True,True,True
2026-02-26 04:24:00,UNIT05035,LOT034,WAFER5035,PKG05035,1,Wafer Inspection,ATMP,Wafer Metrology,WI-02,A,FAIL,ABNORMAL,ABNORMAL,803.197,1.104,27.189,42.266,86.093,,,,,,,,,,,,,,,,,,,,1,wafer_thickness_um=803.197,True,True,True
2026-02-26 04:08:00,UNIT05034,LOT034,WAFER5034,PKG05034,1,Wafer Inspection,ATMP,Wafer Metrology,WI-01,C,FAIL,ABNORMAL,ABNORMAL,769.634,2.63,55.197,39.077,104.711,,,,,,,,,,,,,,,,,,,,1,bow_um=55.197,True,True,True
2026-02-26 03:58:00,UNIT05033,LOT034,WAFER5033,PKG05033,7,Encapsulation / Molding,OSAT/ATMP,Packaging,MO-02,B,FAIL,ABNORMAL,ABNORMAL,,,,,,,,,,,,,167.096,132.793,1.336,,,,,,,,,,1,mold_temperature_c=167.096,True,True,True
2026-02-26 03:40:00,UNIT05032,LOT034,WAFER5032,PKG05032,5,Die Attach,OSAT/ATMP,Assembly,DA-01,B,FAIL,ABNORMAL,ABNORMAL,,,,,,,,,12.171,40.884,,,,,,,,,,,,,,,1,attach_force_n=12.171,True,True,True
2026-02-26 03:20:00,UNIT05031,LOT034,WAFER5031,PKG05031,1,Wafer Inspection,ATMP,Wafer Metrology,WI-01,C,FAIL,ABNORMAL,ABNORMAL,781.712,2.072,-1.851,26.908,83.518,,,,,,,,,,,,,,,,,,,,1,bow_um=-1.851,True,True,True
2026-02-26 02:53:00,UNIT05029,LOT034,WAFER5029,PKG05029,6,Wire Bonding,OSAT/ATMP,Assembly,WB-01,A,FAIL,ABNORMAL,ABNORMAL,,,,,,,,,,,62.991,4.592,,,,,,,,,,,,,1,bond_pull_strength_gf=4.592,True,True,True
2026-02-26 02:32:00,UNIT05028,LOT034,WAFER5028,PKG05028,1,Wafer Inspection,ATMP,Wafer Metrology,WI-02,C,FAIL,ABNORMAL,ABNORMAL,721.39,-0.915,1.363,19.071,117.864,,,,,,,,,,,,,,,,,,,,1,ttv_um=-0.915,True,True,True
2026-02-26 02:22:00,UNIT05027,LOT034,WAFER5027,PKG05027,7,Encapsulation / Molding,OSAT/ATMP,Packaging,MO-02,A,FAIL,ABNORMAL,ABNORMAL,,,,,,,,,,,,,192.167,119.007,3.253,,,,,,,,,,1,mold_temperature_c=192.167,True,True,True
2026-02-26 02:07:00,UNIT05026,LOT034,WAFER5026,PKG05026,8,Marking,ATMP,Package Marking,MK-02,A,FAIL,ABNORMAL,ABNORMAL,,,,,,,,,,,,,,,,89.016,,,,,,,,,1,marking_quality_score=89.016,True,True,True
2026-02-26 01:48:00,UNIT05025,LOT034,WAFER5025,PKG05025,5,Die Attach,OSAT/ATMP,Assembly,DA-02,B,FAIL,ABNORMAL,ABNORMAL,,,,,,,,,8.717,-6.53,,,,,,,,,,,,,,,1,attach_offset_um=-6.53,True,True,True
2026-02-26 01:33:00,UNIT05024,LOT034,WAFER5024,PKG05024,6,Wire Bonding,OSAT/ATMP,Assembly,WB-01,B,FAIL,ABNORMAL,ABNORMAL,,,,,,,,,,,62.707,10.959,,,,,,,,,,,,,1,bond_pull_strength_gf=10.959,True,True,True
2026-02-26 01:12:00,UNIT05023,LOT034,WAFER5023,PKG05023,1,Wafer Inspection,ATMP,Wafer Metrology,WI-02,A,FAIL,ABNORMAL,ABNORMAL,752.479,0.332,53.315,17.954,108.193,,,,,,,,,,,,,,,,,,,,1,bow_um=53.315,True,True,True
2026-02-26 00:28:00,UNIT05020,LOT034,WAFER5020,PKG05020,5,Die Attach,OSAT/ATMP,Assembly,DA-01,C,FAIL,ABNORMAL,ABNORMAL,,,,,,,,,12.494,21.784,,,,,,,,,,,,,,,1,attach_force_n=12.494,True,True,True
2026-02-25 23:52:00,UNIT05018,LOT034,WAFER5018,PKG05018,1,Wafer Inspection,ATMP,Wafer Metrology,WI-02,A,FAIL,ABNORMAL,ABNORMAL,780.374,2.529,18.798,55.18,101.83,,,,,,,,,,,,,,,,,,,,1,warp_um=55.18,True,True,True
2026-02-25 23:49:00,UNIT05017,LOT034,WAFER5017,PKG05017,14,EOL,OSAT,Final Testing,EOL-01,C,FAIL,ABNORMAL,ABNORMAL,,,,,,,,,,,,,,,,,,,,,,,102.587,,1,eol_temperature_c=102.587,True,True,True
2026-02-25 23:20:00,UNIT05016,LOT034,WAFER5016,PKG05016,1,Wafer Inspection,ATMP,Wafer Metrology,WI-01,B,FAIL,ABNORMAL,ABNORMAL,775.039,5.17,23.507,40.366,118.672,,,,,,,,,,,,,,,,,,,,1,ttv_um=5.17,True,True,True
2026-02-25 22:54:00,UNIT05014,LOT034,WAFER5014,PKG05014,7,Encapsulation / Molding,OSAT/ATMP,Packaging,MO-01,B,FAIL,ABNORMAL,ABNORMAL,,,,,,,,,,,,,167.481,134.199,3.488,,,,,,,,,,1,mold_temperature_c=167.481,True,True,True
2026-02-25 22:16:00,UNIT05012,LOT034,WAFER5012,PKG05012,1,Wafer Inspection,ATMP,Wafer Metrology,WI-01,C,FAIL,ABNORMAL,ABNORMAL,713.267,-0.165,3.289,12.025,80.84,,,,,,,,,,,,,,,,,,,,1,ttv_um=-0.165,True,True,True
2026-02-25 22:00:00,UNIT05011,LOT034,WAFER5011,PKG05011,1,Wafer Inspection,ATMP,Wafer Metrology,WI-01,B,FAIL,ABNORMAL,ABNORMAL,708.441,1.835,55.38,39.867,116.82,,,,,,,,,,,,,,,,,,,,1,bow_um=55.38,True,True,True
2026-02-25 21:50:00,UNIT05010,LOT034,WAFER5010,PKG05010,7,Encapsulation / Molding,OSAT/ATMP,Packaging,MO-01,A,FAIL,ABNORMAL,ABNORMAL,,,,,,,,,,,,,190.778,135.231,3.328,,,,,,,,,,1,mold_temperature_c=190.778,True,True,True
2026-02-25 21:34:00,UNIT05009,LOT034,WAFER5009,PKG05009,7,Encapsulation / Molding,OSAT/ATMP,Packaging,MO-02,B,FAIL,ABNORMAL,ABNORMAL,,,,,,,,,,,,,189.664,94.67,1.391,,,,,,,,,,1,mold_cure_time_s=94.67,True,True,True
2026-02-25 20:56:00,UNIT05007,LOT034,WAFER5007,PKG05007,1,Wafer Inspection,ATMP,Wafer Metrology,WI-02,B,FAIL,ABNORMAL,ABNORMAL,783.377,3.65,28.743,-2.854,119.076,,,,,,,,,,,,,,,,,,,,1,warp_um=-2.854,True,True,True
2026-02-25 20:38:00,UNIT05005,LOT034,WAFER5005,PKG05005,15,Final Inspection,ATMP,Final Inspection,FI-02,A,FAIL,ABNORMAL,ABNORMAL,,,,,,,,,,,,,,,,100.128,,9.806,,,,,,,1,marking_quality_score=100.128,True,True,True
2026-02-25 20:22:00,UNIT05004,LOT034,WAFER5004,PKG05004,15,Final Inspection,ATMP,Final Inspection,FI-02,B,FAIL,ABNORMAL,ABNORMAL,,,,,,,,,,,,,,,,100.106,,9.913,,,,,,,1,marking_quality_score=100.106,True,True,True
2026-02-25 19:55:00,UNIT05003,LOT034,WAFER5003,PKG05003,4,Wafer Dicing,ATMP,Wafer Processing,WD-02,C,FAIL,ABNORMAL,ABNORMAL,,,,,,,,56.744,,,,,,,,,,,,,,,,,1,kerf_width_um=56.744,True,True,True
2026-02-25 19:38:00,UNIT05002,LOT034,WAFER5002,PKG05002,3,Back Grinding,ATMP,Wafer Processing,BG-01,B,FAIL,ABNORMAL,ABNORMAL,816.104,,,,,,3.164,,,,,,,,,,,,,,,,,,1,wafer_thickness_um=816.104,True,True,True
2026-02-25 19:23:00,UNIT05001,LOT034,WAFER5001,PKG05001,4,Wafer Dicing,ATMP,Wafer Processing,WD-02,A,FAIL,ABNORMAL,ABNORMAL,,,,,,,,55.304,,,,,,,,,,,,,,,,,1,kerf_width_um=55.304,True,True,True
2026-02-25 19:06:00,UNIT05000,LOT034,WAFER5000,PKG05000,3,Back Grinding,ATMP,Wafer Processing,BG-02,B,FAIL,ABNORMAL,ABNORMAL,761.035,,,,,,5.054,,,,,,,,,,,,,,,,,,1,thickness_variation_um=5.054,True,True,True
2026-02-25 18:33:00,UNIT04998,LOT034,WAFER4998,PKG04998,2,Wafer Sort,OSAT,Wafer Test,WS-02,A,FAIL,ABNORMAL,ABNORMAL,,,,,,9.444,,,,,,,,,,,,,,,,,,,1,sort_current_a=9.444,True,True,True
2026-02-25 18:24:00,UNIT04997,LOT034,WAFER4997,PKG04997,9,Singulation,ATMP,Package Processing,SG-01,C,FAIL,ABNORMAL,ABNORMAL,,,,,,,,,,,,,,,,,11.391,,,,,,,,1,singulation_damage_score=11.391,True,True,True
2026-02-25 17:50:00,UNIT04995,LOT034,WAFER4995,PKG04995,7,Encapsulation / Molding,OSAT/ATMP,Packaging,MO-02,A,FAIL,ABNORMAL,ABNORMAL,,,,,,,,,,,,,166.876,100.011,1.668,,,,,,,,,,1,mold_temperature_c=166.876,True,True,True
2026-02-25 17:30:00,UNIT04994,LOT034,WAFER4994,PKG04994,3,Back Grinding,ATMP,Wafer Processing,BG-01,C,FAIL,ABNORMAL,ABNORMAL,684.207,,,,,,2.355,,,,,,,,,,,,,,,,,,1,wafer_thickness_um=684.207,True,True,True
2026-02-25 17:12:00,UNIT04993,LOT034,WAFER4993,PKG04993,1,Wafer Inspection,ATMP,Wafer Metrology,WI-02,B,FAIL,ABNORMAL,ABNORMAL,719.204,0.804,-3.135,4.087,97.593,,,,,,,,,,,,,,,,,,,,1,bow_um=-3.135,True,True,True
2026-02-25 17:02:00,UNIT04992,LOT034,WAFER4992,PKG04992,7,Encapsulation / Molding,OSAT/ATMP,Packaging,MO-02,B,FAIL,ABNORMAL,ABNORMAL,,,,,,,,,,,,,170.694,147.23,2.558,,,,,,,,,,1,mold_cure_time_s=147.23,True,True,True
2026-02-25 16:40:00,UNIT04991,LOT034,WAFER4991,PKG04991,1,Wafer Inspection,ATMP,Wafer Metrology,WI-01,A,FAIL,ABNORMAL,ABNORMAL,720.351,1.873,-3.952,37.521,86.665,,,,,,,,,,,,,,,,,,,,1,bow_um=-3.952,True,True,True
2026-02-25 16:36:00,UNIT04990,LOT034,WAFER4990,PKG04990,13,FCT,OSAT,Functional Testing,FCT-02,A,FAIL,ABNORMAL,ABNORMAL,,,,,,,,,,,,,,,,,,,,,,3.562,,,1,fct_voltage_v=3.562,True,True,True
2026-02-25 16:14:00,UNIT04989,LOT034,WAFER4989,PKG04989,7,Encapsulation / Molding,OSAT/ATMP,Packaging,MO-01,C,FAIL,ABNORMAL,ABNORMAL,,,,,,,,,,,,,189.46,146.726,0.29,,,,,,,,,,1,mold_cure_time_s=146.726,True,True,True
2026-02-25 16:00:00,UNIT04988,LOT034,WAFER4988,PKG04988,9,Singulation,ATMP,Package Processing,SG-02,B,FAIL,ABNORMAL,ABNORMAL,,,,,,,,,,,,,,,,,11.752,,,,,,,,1,singulation_damage_score=11.752,True,True,True
2026-02-25 15:44:00,UNIT04987,LOT034,WAFER4987,PKG04987,9,Singulation,ATMP,Package Processing,SG-01,A,FAIL,ABNORMAL,ABNORMAL,,,,,,,,,,,,,,,,,10.621,,,,,,,,1,singulation_damage_score=10.621,True,True,True
2026-02-25 15:20:00,UNIT04986,LOT034,WAFER4986,PKG04986,1,Wafer Inspection,ATMP,Wafer Metrology,WI-02,A,FAIL,ABNORMAL,ABNORMAL,806.302,0.252,27.036,35.758,103.512,,,,,,,,,,,,,,,,,,,,1,wafer_thickness_um=806.302,True,True,True
2026-02-25 14:58:00,UNIT04984,LOT034,WAFER4984,PKG04984,11,Burn-in,OSAT,Testing,BI-02,C,FAIL,ABNORMAL,ABNORMAL,,,,,,,,,,,,,,,,,,,122.44,3.303,,,,,1,burn_in_hours=3.303,True,True,True
2026-02-25 14:32:00,UNIT04983,LOT034,WAFER4983,PKG04983,1,Wafer Inspection,ATMP,Wafer Metrology,WI-01,C,FAIL,ABNORMAL,ABNORMAL,786.916,2.318,52.13,41.394,92.523,,,,,,,,,,,,,,,,,,,,1,bow_um=52.13,True,True,True
2026-02-25 14:00:00,UNIT04981,LOT034,WAFER4981,PKG04981,1,Wafer Inspection,ATMP,Wafer Metrology,WI-01,A,FAIL,ABNORMAL,ABNORMAL,711.19,4.193,56.734,49.955,99.936,,,,,,,,,,,,,,,,,,,,1,bow_um=56.734,True,True,True
2026-02-25 13:44:00,UNIT04980,LOT034,WAFER4980,PKG04980,1,Wafer Inspection,ATMP,Wafer Metrology,WI-02,A,FAIL,ABNORMAL,ABNORMAL,685.4,2.156,0.019,22.57,91.75,,,,,,,,,,,,,,,,,,,,1,wafer_thickness_um=685.4,True,True,True
2026-02-25 13:41:00,UNIT04979,LOT034,WAFER4979,PKG04979,14,EOL,OSAT,Final Testing,EOL-01,A,FAIL,ABNORMAL,ABNORMAL,,,,,,,,,,,,,,,,,,,,,,,79.286,,1,eol_temperature_c=79.286,True,True,True
2026-02-25 13:14:00,UNIT04978,LOT034,WAFER4978,PKG04978,3,Back Grinding,ATMP,Wafer Processing,BG-01,A,FAIL,ABNORMAL,ABNORMAL,819.711,,,,,,0.931,,,,,,,,,,,,,,,,,,1,wafer_thickness_um=819.711,True,True,True
2026-02-25 13:10:00,UNIT04977,LOT034,WAFER4977,PKG04977,15,Final Inspection,ATMP,Final Inspection,FI-02,A,FAIL,ABNORMAL,ABNORMAL,,,,,,,,,,,,,,,,100.262,,9.95,,,,,,,1,marking_quality_score=100.262,True,True,True
2026-02-25 11:42:00,UNIT04972,LOT034,WAFER4972,PKG04972,7,Encapsulation / Molding,OSAT/ATMP,Packaging,MO-02,A,FAIL,ABNORMAL,ABNORMAL,,,,,,,,,,,,,179.955,146.433,1.959,,,,,,,,,,1,mold_cure_time_s=146.433,True,True,True
2026-02-25 10:48:00,UNIT04969,LOT034,WAFER4969,PKG04969,1,Wafer Inspection,ATMP,Wafer Metrology,WI-02,A,FAIL,ABNORMAL,ABNORMAL,745.018,1.088,9.738,20.397,124.521,,,,,,,,,,,,,,,,,,,,1,tape_thickness_um=124.521,True,True,True
2026-02-25 10:32:00,UNIT04968,LOT034,WAFER4968,PKG04968,1,Wafer Inspection,ATMP,Wafer Metrology,WI-01,C,FAIL,ABNORMAL,ABNORMAL,702.916,5.803,9.848,53.635,110.754,,,,,,,,,,,,,,,,,,,,2,ttv_um=5.803; warp_um=53.635,True,True,True
2026-02-25 10:16:00,UNIT04967,LOT034,WAFER4967,PKG04967,1,Wafer Inspection,ATMP,Wafer Metrology,WI-02,A,FAIL,ABNORMAL,ABNORMAL,773.165,2.056,33.703,13.736,73.1,,,,,,,,,,,,,,,,,,,,1,tape_thickness_um=73.1,True,True,True
2026-02-25 10:00:00,UNIT04966,LOT034,WAFER4966,PKG04966,1,Wafer Inspection,ATMP,Wafer Metrology,WI-02,C,FAIL,ABNORMAL,ABNORMAL,777.981,3.055,28.519,37.298,121.949,,,,,,,,,,,,,,,,,,,,1,tape_thickness_um=121.949,True,True,True
2026-02-25 09:44:00,UNIT04965,LOT034,WAFER4965,PKG04965,1,Wafer Inspection,ATMP,Wafer Metrology,WI-02,C,FAIL,ABNORMAL,ABNORMAL,770.079,5.62,51.485,8.528,105.058,,,,,,,,,,,,,,,,,,,,2,ttv_um=5.62; bow_um=51.485,True,True,True
2026-02-25 09:28:00,UNIT04964,LOT034,WAFER4964,PKG04964,1,Wafer Inspection,ATMP,Wafer Metrology,WI-01,B,FAIL,ABNORMAL,ABNORMAL,809.025,1.275,1.584,48.18,102.727,,,,,,,,,,,,,,,,,,,,1,wafer_thickness_um=809.025,True,True,True
2026-02-25 09:12:00,UNIT04963,LOT034,WAFER4963,PKG04963,1,Wafer Inspection,ATMP,Wafer Metrology,WI-02,A,FAIL,ABNORMAL,ABNORMAL,715.758,-0.341,16.599,49.583,84.351,,,,,,,,,,,,,,,,,,,,1,ttv_um=-0.341,True,True,True
2026-02-25 08:56:00,UNIT04962,LOT034,WAFER4962,PKG04962,1,Wafer Inspection,ATMP,Wafer Metrology,WI-01,C,FAIL,ABNORMAL,ABNORMAL,771.951,4.841,52.801,29.415,119.542,,,,,,,,,,,,,,,,,,,,1,bow_um=52.801,True,True,True
2026-02-25 08:44:00,UNIT04961,LOT034,WAFER4961,PKG04961,5,Die Attach,OSAT/ATMP,Assembly,DA-02,A,FAIL,ABNORMAL,ABNORMAL,,,,,,,,,9.338,-6.942,,,,,,,,,,,,,,,1,attach_offset_um=-6.942,True,True,True
2026-02-25 08:33:00,UNIT04960,LOT034,WAFER4960,PKG04960,10,Package Inspection,OSAT/ATMP,Package Inspection,PI-01,A,FAIL,ABNORMAL,ABNORMAL,,,,,,,,,,,,,,,,,,10.276,,,,,,,1,package_dimension_mm=10.276,True,True,True
2026-02-25 08:08:00,UNIT04959,LOT034,WAFER4959,PKG04959,1,Wafer Inspection,ATMP,Wafer Metrology,WI-02,C,FAIL,ABNORMAL,ABNORMAL,739.335,0.731,33.229,-2.075,113.641,,,,,,,,,,,,,,,,,,,,1,warp_um=-2.075,True,True,True
2026-02-25 07:20:00,UNIT04956,LOT034,WAFER4956,PKG04956,1,Wafer Inspection,ATMP,Wafer Metrology,WI-02,C,FAIL,ABNORMAL,ABNORMAL,784.28,0.29,49.294,54.169,92.995,,,,,,,,,,,,,,,,,,,,1,warp_um=54.169,True,True,True
2026-02-25 07:17:00,UNIT04955,LOT034,WAFER4955,PKG04955,14,EOL,OSAT,Final Testing,EOL-01,A,FAIL,ABNORMAL,ABNORMAL,,,,,,,,,,,,,,,,,,,,,,,101.259,,1,eol_temperature_c=101.259,True,True,True
2026-02-25 06:32:00,UNIT04953,LOT034,WAFER4953,PKG04953,1,Wafer Inspection,ATMP,Wafer Metrology,WI-01,B,FAIL,ABNORMAL,ABNORMAL,719.091,4.321,46.481,0.111,79.309,,,,,,,,,,,,,,,,,,,,1,tape_thickness_um=79.309,True,True,True
2026-02-25 06:21:00,UNIT04952,LOT034,WAFER4952,PKG04952,6,Wire Bonding,OSAT/ATMP,Assembly,WB-02,B,FAIL,ABNORMAL,ABNORMAL,,,,,,,,,,,58.02,9.889,,,,,,,,,,,,,1,wire_bond_force_n=58.02,True,True,True
2026-02-25 06:08:00,UNIT04951,LOT034,WAFER4951,PKG04951,9,Singulation,ATMP,Package Processing,SG-01,B,FAIL,ABNORMAL,ABNORMAL,,,,,,,,,,,,,,,,,-0.451,,,,,,,,1,singulation_damage_score=-0.451,True,True,True
2026-02-25 05:55:00,UNIT04950,LOT033,WAFER4950,PKG04950,12,ICT,OSAT,Electrical Testing,ICT-02,C,FAIL,ABNORMAL,ABNORMAL,,,,,,,,,,,,,,,,,,,,,9.372,,,,1,ict_current_a=9.372,True,True,True
2026-02-25 05:10:00,UNIT04947,LOT033,WAFER4947,PKG04947,15,Final Inspection,ATMP,Final Inspection,FI-02,B,FAIL,ABNORMAL,ABNORMAL,,,,,,,,,,,,,,,,100.326,,9.917,,,,,,,1,marking_quality_score=100.326,True,True,True
2026-02-25 04:41:00,UNIT04946,LOT033,WAFER4946,PKG04946,2,Wafer Sort,OSAT,Wafer Test,WS-02,B,FAIL,ABNORMAL,ABNORMAL,,,,,,9.378,,,,,,,,,,,,,,,,,,,1,sort_current_a=9.378,True,True,True
2026-02-25 04:24:00,UNIT04945,LOT033,WAFER4945,PKG04945,1,Wafer Inspection,ATMP,Wafer Metrology,WI-01,B,FAIL,ABNORMAL,ABNORMAL,756.245,2.358,33.399,24.196,126.528,,,,,,,,,,,,,,,,,,,,1,tape_thickness_um=126.528,True,True,True
2026-02-25 04:08:00,UNIT04944,LOT033,WAFER4944,PKG04944,1,Wafer Inspection,ATMP,Wafer Metrology,WI-01,A,FAIL,ABNORMAL,ABNORMAL,789.748,-0.76,16.464,53.086,106.37,,,,,,,,,,,,,,,,,,,,2,ttv_um=-0.76; warp_um=53.086,True,True,True
2026-02-25 03:42:00,UNIT04942,LOT033,WAFER4942,PKG04942,7,Encapsulation / Molding,OSAT/ATMP,Packaging,MO-02,C,FAIL,ABNORMAL,ABNORMAL,,,,,,,,,,,,,187.602,109.308,-0.809,,,,,,,,,,1,void_percentage=-0.809,True,True,True
2026-02-25 03:26:00,UNIT04941,LOT033,WAFER4941,PKG04941,7,Encapsulation / Molding,OSAT/ATMP,Packaging,MO-01,A,FAIL,ABNORMAL,ABNORMAL,,,,,,,,,,,,,175.429,136.296,5.193,,,,,,,,,,1,void_percentage=5.193,True,True,True
2026-02-25 03:07:00,UNIT04940,LOT033,WAFER4940,PKG04940,4,Wafer Dicing,ATMP,Wafer Processing,WD-01,A,FAIL,ABNORMAL,ABNORMAL,,,,,,,,55.946,,,,,,,,,,,,,,,,,1,kerf_width_um=55.946,True,True,True
2026-02-25 02:52:00,UNIT04939,LOT033,WAFER4939,PKG04939,5,Die Attach,OSAT/ATMP,Assembly,DA-01,B,FAIL,ABNORMAL,ABNORMAL,,,,,,,,,7.424,15.126,,,,,,,,,,,,,,,1,attach_force_n=7.424,True,True,True
2026-02-25 01:12:00,UNIT04933,LOT033,WAFER4933,PKG04933,1,Wafer Inspection,ATMP,Wafer Metrology,WI-01,B,FAIL,ABNORMAL,ABNORMAL,799.828,2.163,42.339,-9.207,101.755,,,,,,,,,,,,,,,,,,,,1,warp_um=-9.207,True,True,True
2026-02-25 00:58:00,UNIT04932,LOT033,WAFER4932,PKG04932,3,Back Grinding,ATMP,Wafer Processing,BG-01,A,FAIL,ABNORMAL,ABNORMAL,808.779,,,,,,3.582,,,,,,,,,,,,,,,,,,1,wafer_thickness_um=808.779,True,True,True
2026-02-25 00:41:00,UNIT04931,LOT033,WAFER4931,PKG04931,2,Wafer Sort,OSAT,Wafer Test,WS-01,B,FAIL,ABNORMAL,ABNORMAL,,,,,,9.419,,,,,,,,,,,,,,,,,,,1,sort_current_a=9.419,True,True,True
2026-02-25 00:34:00,UNIT04930,LOT033,WAFER4930,PKG04930,11,Burn-in,OSAT,Testing,BI-01,B,FAIL,ABNORMAL,ABNORMAL,,,,,,,,,,,,,,,,,,,129.513,8.314,,,,,1,burn_in_hours=8.314,True,True,True
2026-02-24 23:36:00,UNIT04927,LOT033,WAFER4927,PKG04927,1,Wafer Inspection,ATMP,Wafer Metrology,WI-01,B,FAIL,ABNORMAL,ABNORMAL,776.341,4.186,45.817,31.303,73.76,,,,,,,,,,,,,,,,,,,,1,tape_thickness_um=73.76,True,True,True
2026-02-24 23:20:00,UNIT04926,LOT033,WAFER4926,PKG04926,1,Wafer Inspection,ATMP,Wafer Metrology,WI-02,C,FAIL,ABNORMAL,ABNORMAL,720.809,0.988,29.772,56.647,93.848,,,,,,,,,,,,,,,,,,,,1,warp_um=56.647,True,True,True
2026-02-24 23:17:00,UNIT04925,LOT033,WAFER4925,PKG04925,14,EOL,OSAT,Final Testing,EOL-01,A,FAIL,ABNORMAL,ABNORMAL,,,,,,,,,,,,,,,,,,,,,,,102.334,,1,eol_temperature_c=102.334,True,True,True
2026-02-24 22:50:00,UNIT04924,LOT033,WAFER4924,PKG04924,3,Back Grinding,ATMP,Wafer Processing,BG-01,C,FAIL,ABNORMAL,ABNORMAL,760.082,,,,,,5.816,,,,,,,,,,,,,,,,,,1,thickness_variation_um=5.816,True,True,True
2026-02-24 22:32:00,UNIT04923,LOT033,WAFER4923,PKG04923,1,Wafer Inspection,ATMP,Wafer Metrology,WI-02,B,FAIL,ABNORMAL,ABNORMAL,697.947,2.065,19.66,25.899,98.965,,,,,,,,,,,,,,,,,,,,1,wafer_thickness_um=697.947,True,True,True
2026-02-24 22:16:00,UNIT04922,LOT033,WAFER4922,PKG04922,1,Wafer Inspection,ATMP,Wafer Metrology,WI-01,C,FAIL,ABNORMAL,ABNORMAL,744.499,1.479,53.372,28.799,115.948,,,,,,,,,,,,,,,,,,,,1,bow_um=53.372,True,True,True
2026-02-24 21:34:00,UNIT04919,LOT033,WAFER4919,PKG04919,7,Encapsulation / Molding,OSAT/ATMP,Packaging,MO-02,C,FAIL,ABNORMAL,ABNORMAL,,,,,,,,,,,,,182.164,93.513,0.458,,,,,,,,,,1,mold_cure_time_s=93.513,True,True,True
2026-02-24 21:00:00,UNIT04917,LOT033,WAFER4917,PKG04917,5,Die Attach,OSAT/ATMP,Assembly,DA-02,A,FAIL,ABNORMAL,ABNORMAL,,,,,,,,,9.705,58.95,,,,,,,,,,,,,,,1,attach_offset_um=58.95,True,True,True
2026-02-24 20:49:00,UNIT04916,LOT033,WAFER4916,PKG04916,10,Package Inspection,OSAT/ATMP,Package Inspection,PI-02,A,FAIL,ABNORMAL,ABNORMAL,,,,,,,,,,,,,,,,,,9.737,,,,,,,1,package_dimension_mm=9.737,True,True,True
2026-02-24 20:30:00,UNIT04915,LOT033,WAFER4915,PKG04915,7,Encapsulation / Molding,OSAT/ATMP,Packaging,MO-02,A,FAIL,ABNORMAL,ABNORMAL,,,,,,,,,,,,,179.205,140.503,3.198,,,,,,,,,,1,mold_cure_time_s=140.503,True,True,True
2026-02-24 20:08:00,UNIT04914,LOT033,WAFER4914,PKG04914,1,Wafer Inspection,ATMP,Wafer Metrology,WI-01,C,FAIL,ABNORMAL,ABNORMAL,758.747,4.482,39.108,58.649,106.37,,,,,,,,,,,,,,,,,,,,1,warp_um=58.649,True,True,True
2026-02-24 19:55:00,UNIT04913,LOT033,WAFER4913,PKG04913,4,Wafer Dicing,ATMP,Wafer Processing,WD-01,A,FAIL,ABNORMAL,ABNORMAL,,,,,,,,44.814,,,,,,,,,,,,,,,,,1,kerf_width_um=44.814,True,True,True
2026-02-24 19:36:00,UNIT04912,LOT033,WAFER4912,PKG04912,1,Wafer Inspection,ATMP,Wafer Metrology,WI-02,B,FAIL,ABNORMAL,ABNORMAL,799.197,0.257,50.708,3.787,114.824,,,,,,,,,,,,,,,,,,,,1,bow_um=50.708,True,True,True
2026-02-24 19:21:00,UNIT04911,LOT033,WAFER4911,PKG04911,2,Wafer Sort,OSAT,Wafer Test,WS-02,C,FAIL,ABNORMAL,ABNORMAL,,,,,,10.526,,,,,,,,,,,,,,,,,,,1,sort_current_a=10.526,True,True,True
2026-02-24 19:09:00,UNIT04910,LOT033,WAFER4910,PKG04910,6,Wire Bonding,OSAT/ATMP,Assembly,WB-02,A,FAIL,ABNORMAL,ABNORMAL,,,,,,,,,,,59.413,5.632,,,,,,,,,,,,,1,wire_bond_force_n=59.413,True,True,True
2026-02-24 18:48:00,UNIT04909,LOT033,WAFER4909,PKG04909,1,Wafer Inspection,ATMP,Wafer Metrology,WI-01,C,FAIL,ABNORMAL,ABNORMAL,761.293,3.059,4.452,-7.846,105.459,,,,,,,,,,,,,,,,,,,,1,warp_um=-7.846,True,True,True
2026-02-24 18:46:00,UNIT04908,LOT033,WAFER4908,PKG04908,15,Final Inspection,ATMP,Final Inspection,FI-02,B,FAIL,ABNORMAL,ABNORMAL,,,,,,,,,,,,,,,,93.624,,10.225,,,,,,,1,package_dimension_mm=10.225,True,True,True
2026-02-24 18:20:00,UNIT04907,LOT033,WAFER4907,PKG04907,5,Die Attach,OSAT/ATMP,Assembly,DA-02,B,FAIL,ABNORMAL,ABNORMAL,,,,,,,,,9.275,-4.915,,,,,,,,,,,,,,,1,attach_offset_um=-4.915,True,True,True
2026-02-24 18:00:00,UNIT04906,LOT033,WAFER4906,PKG04906,1,Wafer Inspection,ATMP,Wafer Metrology,WI-01,C,FAIL,ABNORMAL,ABNORMAL,800.18,4.123,30.973,1.919,92.187,,,,,,,,,,,,,,,,,,,,1,wafer_thickness_um=800.18,True,True,True
2026-02-24 17:28:00,UNIT04904,LOT033,WAFER4904,PKG04904,1,Wafer Inspection,ATMP,Wafer Metrology,WI-02,A,FAIL,ABNORMAL,ABNORMAL,774.348,4.15,25.793,20.788,73.568,,,,,,,,,,,,,,,,,,,,1,tape_thickness_um=73.568,True,True,True
2026-02-24 17:12:00,UNIT04903,LOT033,WAFER4903,PKG04903,1,Wafer Inspection,ATMP,Wafer Metrology,WI-01,A,FAIL,ABNORMAL,ABNORMAL,713.629,-0.155,16.019,25.238,104.119,,,,,,,,,,,,,,,,,,,,1,ttv_um=-0.155,True,True,True
2026-02-24 16:56:00,UNIT04902,LOT033,WAFER4902,PKG04902,1,Wafer Inspection,ATMP,Wafer Metrology,WI-01,A,FAIL,ABNORMAL,ABNORMAL,718.465,4.11,57.777,4.211,72.384,,,,,,,,,,,,,,,,,,,,2,bow_um=57.777; tape_thickness_um=72.384,True,True,True
2026-02-24 16:52:00,UNIT04901,LOT033,WAFER4901,PKG04901,13,FCT,OSAT,Functional Testing,FCT-01,A,FAIL,ABNORMAL,ABNORMAL,,,,,,,,,,,,,,,,,,,,,,3.544,,,1,fct_voltage_v=3.544,True,True,True
2026-02-24 16:35:00,UNIT04900,LOT033,WAFER4900,PKG04900,12,ICT,OSAT,Electrical Testing,ICT-01,C,FAIL,ABNORMAL,ABNORMAL,,,,,,,,,,,,,,,,,,,,,10.684,,,,1,ict_current_a=10.684,True,True,True
2026-02-24 15:37:00,UNIT04897,LOT033,WAFER4897,PKG04897,2,Wafer Sort,OSAT,Wafer Test,WS-01,B,FAIL,ABNORMAL,ABNORMAL,,,,,,9.326,,,,,,,,,,,,,,,,,,,1,sort_current_a=9.326,True,True,True
2026-02-24 15:23:00,UNIT04896,LOT033,WAFER4896,PKG04896,4,Wafer Dicing,ATMP,Wafer Processing,WD-01,B,FAIL,ABNORMAL,ABNORMAL,,,,,,,,55.84,,,,,,,,,,,,,,,,,1,kerf_width_um=55.84,True,True,True
2026-02-24 15:10:00,UNIT04895,LOT033,WAFER4895,PKG04895,7,Encapsulation / Molding,OSAT/ATMP,Packaging,MO-01,C,FAIL,ABNORMAL,ABNORMAL,,,,,,,,,,,,,184.98,103.426,5.691,,,,,,,,,,1,void_percentage=5.691,True,True,True
2026-02-24 14:32:00,UNIT04893,LOT033,WAFER4893,PKG04893,1,Wafer Inspection,ATMP,Wafer Metrology,WI-02,B,FAIL,ABNORMAL,ABNORMAL,757.701,5.316,2.21,25.359,87.988,,,,,,,,,,,,,,,,,,,,1,ttv_um=5.316,True,True,True
2026-02-24 14:21:00,UNIT04892,LOT033,WAFER4892,PKG04892,6,Wire Bonding,OSAT/ATMP,Assembly,WB-01,A,FAIL,ABNORMAL,ABNORMAL,,,,,,,,,,,60.124,10.354,,,,,,,,,,,,,1,bond_pull_strength_gf=10.354,True,True,True
2026-02-24 14:00:00,UNIT04891,LOT033,WAFER4891,PKG04891,1,Wafer Inspection,ATMP,Wafer Metrology,WI-01,C,FAIL,ABNORMAL,ABNORMAL,689.049,2.271,23.226,37.273,85.048,,,,,,,,,,,,,,,,,,,,1,wafer_thickness_um=689.049,True,True,True
2026-02-24 13:30:00,UNIT04889,LOT033,WAFER4889,PKG04889,3,Back Grinding,ATMP,Wafer Processing,BG-01,B,FAIL,ABNORMAL,ABNORMAL,744.153,,,,,,-0.252,,,,,,,,,,,,,,,,,,1,thickness_variation_um=-0.252,True,True,True
2026-02-24 13:19:00,UNIT04888,LOT033,WAFER4888,PKG04888,8,Marking,ATMP,Package Marking,MK-02,C,FAIL,ABNORMAL,ABNORMAL,,,,,,,,,,,,,,,,100.559,,,,,,,,,1,marking_quality_score=100.559,True,True,True
2026-02-24 13:07:00,UNIT04887,LOT033,WAFER4887,PKG04887,12,ICT,OSAT,Electrical Testing,ICT-01,C,FAIL,ABNORMAL,ABNORMAL,,,,,,,,,,,,,,,,,,,,,9.483,,,,1,ict_current_a=9.483,True,True,True
2026-02-24 12:40:00,UNIT04886,LOT033,WAFER4886,PKG04886,1,Wafer Inspection,ATMP,Wafer Metrology,WI-01,C,FAIL,ABNORMAL,ABNORMAL,779.251,3.046,35.815,52.767,127.292,,,,,,,,,,,,,,,,,,,,2,warp_um=52.767; tape_thickness_um=127.292,True,True,True
2026-02-24 12:24:00,UNIT04885,LOT033,WAFER4885,PKG04885,1,Wafer Inspection,ATMP,Wafer Metrology,WI-01,C,FAIL,ABNORMAL,ABNORMAL,762.863,3.02,26.44,-6.357,97.106,,,,,,,,,,,,,,,,,,,,1,warp_um=-6.357,True,True,True
2026-02-24 12:23:00,UNIT04884,LOT033,WAFER4884,PKG04884,16,Packing / Dispatch,ATMP,Packaging,PK-01,B,FAIL,ABNORMAL,ABNORMAL,,,,,,,,,,,,,,,,,,,,,,,,-1.326,1,packaging_damage_score=-1.326,True,True,True
2026-02-24 11:58:00,UNIT04883,LOT033,WAFER4883,PKG04883,7,Encapsulation / Molding,OSAT/ATMP,Packaging,MO-02,C,FAIL,ABNORMAL,ABNORMAL,,,,,,,,,,,,,172.76,123.112,-0.906,,,,,,,,,,1,void_percentage=-0.906,True,True,True
2026-02-24 11:36:00,UNIT04882,LOT033,WAFER4882,PKG04882,1,Wafer Inspection,ATMP,Wafer Metrology,WI-02,A,FAIL,ABNORMAL,ABNORMAL,798.208,0.219,32.395,59.229,89.448,,,,,,,,,,,,,,,,,,,,1,warp_um=59.229,True,True,True
2026-02-24 11:25:00,UNIT04881,LOT033,WAFER4881,PKG04881,6,Wire Bonding,OSAT/ATMP,Assembly,WB-02,B,FAIL,ABNORMAL,ABNORMAL,,,,,,,,,,,64.556,10.527,,,,,,,,,,,,,1,bond_pull_strength_gf=10.527,True,True,True
2026-02-24 11:04:00,UNIT04880,LOT033,WAFER4880,PKG04880,1,Wafer Inspection,ATMP,Wafer Metrology,WI-01,C,FAIL,ABNORMAL,ABNORMAL,805.474,3.331,6.464,0.564,109.085,,,,,,,,,,,,,,,,,,,,1,wafer_thickness_um=805.474,True,True,True
2026-02-24 10:51:00,UNIT04879,LOT033,WAFER4879,PKG04879,4,Wafer Dicing,ATMP,Wafer Processing,WD-02,A,FAIL,ABNORMAL,ABNORMAL,,,,,,,,43.322,,,,,,,,,,,,,,,,,1,kerf_width_um=43.322,True,True,True
2026-02-24 10:21:00,UNIT04877,LOT033,WAFER4877,PKG04877,6,Wire Bonding,OSAT/ATMP,Assembly,WB-02,C,FAIL,ABNORMAL,ABNORMAL,,,,,,,,,,,70.391,5.016,,,,,,,,,,,,,1,wire_bond_force_n=70.391,True,True,True
2026-02-24 10:02:00,UNIT04876,LOT033,WAFER4876,PKG04876,3,Back Grinding,ATMP,Wafer Processing,BG-01,A,FAIL,ABNORMAL,ABNORMAL,794.806,,,,,,5.957,,,,,,,,,,,,,,,,,,1,thickness_variation_um=5.957,True,True,True
2026-02-24 09:40:00,UNIT04874,LOT033,WAFER4874,PKG04874,13,FCT,OSAT,Functional Testing,FCT-02,A,FAIL,ABNORMAL,ABNORMAL,,,,,,,,,,,,,,,,,,,,,,3.055,,,1,fct_voltage_v=3.055,True,True,True
2026-02-24 09:17:00,UNIT04873,LOT033,WAFER4873,PKG04873,6,Wire Bonding,OSAT/ATMP,Assembly,WB-02,C,FAIL,ABNORMAL,ABNORMAL,,,,,,,,,,,59.373,8.573,,,,,,,,,,,,,1,wire_bond_force_n=59.373,True,True,True
2026-02-24 08:56:00,UNIT04872,LOT033,WAFER4872,PKG04872,1,Wafer Inspection,ATMP,Wafer Metrology,WI-01,C,FAIL,ABNORMAL,ABNORMAL,794.126,-0.358,26.669,25.167,103.705,,,,,,,,,,,,,,,,,,,,1,ttv_um=-0.358,True,True,True
2026-02-24 08:43:00,UNIT04871,LOT033,WAFER4871,PKG04871,4,Wafer Dicing,ATMP,Wafer Processing,WD-01,A,FAIL,ABNORMAL,ABNORMAL,,,,,,,,56.339,,,,,,,,,,,,,,,,,1,kerf_width_um=56.339,True,True,True
2026-02-24 08:24:00,UNIT04870,LOT033,WAFER4870,PKG04870,1,Wafer Inspection,ATMP,Wafer Metrology,WI-02,C,FAIL,ABNORMAL,ABNORMAL,711.048,4.819,14.327,59.942,80.241,,,,,,,,,,,,,,,,,,,,1,warp_um=59.942,True,True,True
2026-02-24 08:16:00,UNIT04869,LOT033,WAFER4869,PKG04869,9,Singulation,ATMP,Package Processing,SG-01,C,FAIL,ABNORMAL,ABNORMAL,,,,,,,,,,,,,,,,,11.045,,,,,,,,1,singulation_damage_score=11.045,True,True,True
2026-02-24 07:59:00,UNIT04868,LOT033,WAFER4868,PKG04868,8,Marking,ATMP,Package Marking,MK-02,B,FAIL,ABNORMAL,ABNORMAL,,,,,,,,,,,,,,,,100.922,,,,,,,,,1,marking_quality_score=100.922,True,True,True
2026-02-24 07:20:00,UNIT04866,LOT033,WAFER4866,PKG04866,1,Wafer Inspection,ATMP,Wafer Metrology,WI-02,C,FAIL,ABNORMAL,ABNORMAL,774.605,5.786,25.483,15.725,111.035,,,,,,,,,,,,,,,,,,,,1,ttv_um=5.786,True,True,True
2026-02-24 06:33:00,UNIT04863,LOT033,WAFER4863,PKG04863,2,Wafer Sort,OSAT,Wafer Test,WS-02,B,FAIL,ABNORMAL,ABNORMAL,,,,,,9.377,,,,,,,,,,,,,,,,,,,1,sort_current_a=9.377,True,True,True
2026-02-24 06:22:00,UNIT04862,LOT033,WAFER4862,PKG04862,7,Encapsulation / Molding,OSAT/ATMP,Packaging,MO-01,C,FAIL,ABNORMAL,ABNORMAL,,,,,,,,,,,,,192.065,130.248,3.385,,,,,,,,,,1,mold_temperature_c=192.065,True,True,True
2026-02-24 06:15:00,UNIT04861,LOT033,WAFER4861,PKG04861,16,Packing / Dispatch,ATMP,Packaging,PK-01,A,FAIL,ABNORMAL,ABNORMAL,,,,,,,,,,,,,,,,,,,,,,,,-1.561,1,packaging_damage_score=-1.561,True,True,True
2026-02-24 05:44:00,UNIT04860,LOT033,WAFER4860,PKG04860,1,Wafer Inspection,ATMP,Wafer Metrology,WI-01,A,FAIL,ABNORMAL,ABNORMAL,769.67,3.302,35.947,-6.162,90.611,,,,,,,,,,,,,,,,,,,,1,warp_um=-6.162,True,True,True
2026-02-24 04:40:00,UNIT04856,LOT033,WAFER4856,PKG04856,1,Wafer Inspection,ATMP,Wafer Metrology,WI-01,A,FAIL,ABNORMAL,ABNORMAL,783.493,5.18,41.165,24.027,118.316,,,,,,,,,,,,,,,,,,,,1,ttv_um=5.18,True,True,True
2026-02-24 04:28:00,UNIT04855,LOT033,WAFER4855,PKG04855,5,Die Attach,OSAT/ATMP,Assembly,DA-02,C,FAIL,ABNORMAL,ABNORMAL,,,,,,,,,12.128,36.306,,,,,,,,,,,,,,,1,attach_force_n=12.128,True,True,True
2026-02-24 03:52:00,UNIT04853,LOT033,WAFER4853,PKG04853,1,Wafer Inspection,ATMP,Wafer Metrology,WI-02,C,FAIL,ABNORMAL,ABNORMAL,780.35,2.833,21.427,48.154,126.24,,,,,,,,,,,,,,,,,,,,1,tape_thickness_um=126.24,True,True,True
2026-02-24 03:36:00,UNIT04852,LOT033,WAFER4852,PKG04852,1,Wafer Inspection,ATMP,Wafer Metrology,WI-02,A,FAIL,ABNORMAL,ABNORMAL,783.871,1.029,-9.326,39.548,125.124,,,,,,,,,,,,,,,,,,,,2,bow_um=-9.326; tape_thickness_um=125.124,True,True,True
2026-02-24 03:06:00,UNIT04850,LOT033,WAFER4850,PKG04850,3,Back Grinding,ATMP,Wafer Processing,BG-02,C,FAIL,ABNORMAL,ABNORMAL,755.291,,,,,,-0.288,,,,,,,,,,,,,,,,,,1,thickness_variation_um=-0.288,True,True,True
2026-02-24 02:24:00,UNIT04847,LOT033,WAFER4847,PKG04847,9,Singulation,ATMP,Package Processing,SG-01,C,FAIL,ABNORMAL,ABNORMAL,,,,,,,,,,,,,,,,,-1.342,,,,,,,,1,singulation_damage_score=-1.342,True,True,True
2026-02-24 01:36:00,UNIT04844,LOT033,WAFER4844,PKG04844,9,Singulation,ATMP,Package Processing,SG-02,B,FAIL,ABNORMAL,ABNORMAL,,,,,,,,,,,,,,,,,10.218,,,,,,,,1,singulation_damage_score=10.218,True,True,True
2026-02-24 01:05:00,UNIT04842,LOT033,WAFER4842,PKG04842,10,Package Inspection,OSAT/ATMP,Package Inspection,PI-02,A,FAIL,ABNORMAL,ABNORMAL,,,,,,,,,,,,,,,,,,9.751,,,,,,,1,package_dimension_mm=9.751,True,True,True
2026-02-24 00:45:00,UNIT04841,LOT033,WAFER4841,PKG04841,6,Wire Bonding,OSAT/ATMP,Assembly,WB-01,A,FAIL,ABNORMAL,ABNORMAL,,,,,,,,,,,69.662,10.021,,,,,,,,,,,,,1,bond_pull_strength_gf=10.021,True,True,True
2026-02-24 00:37:00,UNIT04840,LOT033,WAFER4840,PKG04840,14,EOL,OSAT,Final Testing,EOL-02,C,FAIL,ABNORMAL,ABNORMAL,,,,,,,,,,,,,,,,,,,,,,,77.162,,1,eol_temperature_c=77.162,True,True,True
2026-02-24 00:19:00,UNIT04839,LOT033,WAFER4839,PKG04839,12,ICT,OSAT,Electrical Testing,ICT-01,C,FAIL,ABNORMAL,ABNORMAL,,,,,,,,,,,,,,,,,,,,,10.633,,,,1,ict_current_a=10.633,True,True,True
2026-02-23 23:54:00,UNIT04838,LOT033,WAFER4838,PKG04838,3,Back Grinding,ATMP,Wafer Processing,BG-01,B,FAIL,ABNORMAL,ABNORMAL,819.861,,,,,,1.149,,,,,,,,,,,,,,,,,,1,wafer_thickness_um=819.861,True,True,True
2026-02-23 23:36:00,UNIT04837,LOT033,WAFER4837,PKG04837,1,Wafer Inspection,ATMP,Wafer Metrology,WI-02,A,FAIL,ABNORMAL,ABNORMAL,775.99,-0.892,18.612,3.156,97.302,,,,,,,,,,,,,,,,,,,,1,ttv_um=-0.892,True,True,True
2026-02-23 23:31:00,UNIT04836,LOT033,WAFER4836,PKG04836,12,ICT,OSAT,Electrical Testing,ICT-01,A,FAIL,ABNORMAL,ABNORMAL,,,,,,,,,,,,,,,,,,,,,9.329,,,,1,ict_current_a=9.329,True,True,True
2026-02-23 22:57:00,UNIT04834,LOT033,WAFER4834,PKG04834,10,Package Inspection,OSAT/ATMP,Package Inspection,PI-01,B,FAIL,ABNORMAL,ABNORMAL,,,,,,,,,,,,,,,,,,9.79,,,,,,,1,package_dimension_mm=9.79,True,True,True
2026-02-23 22:32:00,UNIT04833,LOT033,WAFER4833,PKG04833,1,Wafer Inspection,ATMP,Wafer Metrology,WI-02,A,FAIL,ABNORMAL,ABNORMAL,771.704,-0.923,31.781,47.095,98.259,,,,,,,,,,,,,,,,,,,,1,ttv_um=-0.923,True,True,True
2026-02-23 22:18:00,UNIT04832,LOT033,WAFER4832,PKG04832,3,Back Grinding,ATMP,Wafer Processing,BG-01,A,FAIL,ABNORMAL,ABNORMAL,695.881,,,,,,1.206,,,,,,,,,,,,,,,,,,1,wafer_thickness_um=695.881,True,True,True
2026-02-23 22:00:00,UNIT04831,LOT033,WAFER4831,PKG04831,1,Wafer Inspection,ATMP,Wafer Metrology,WI-01,B,FAIL,ABNORMAL,ABNORMAL,724.285,4.38,-6.376,46.702,99.696,,,,,,,,,,,,,,,,,,,,1,bow_um=-6.376,True,True,True
2026-02-23 21:46:00,UNIT04830,LOT033,WAFER4830,PKG04830,3,Back Grinding,ATMP,Wafer Processing,BG-01,A,FAIL,ABNORMAL,ABNORMAL,808.203,,,,,,3.348,,,,,,,,,,,,,,,,,,1,wafer_thickness_um=808.203,True,True,True
2026-02-23 21:35:00,UNIT04829,LOT033,WAFER4829,PKG04829,8,Marking,ATMP,Package Marking,MK-02,B,FAIL,ABNORMAL,ABNORMAL,,,,,,,,,,,,,,,,100.875,,,,,,,,,1,marking_quality_score=100.875,True,True,True
2026-02-23 21:17:00,UNIT04828,LOT033,WAFER4828,PKG04828,6,Wire Bonding,OSAT/ATMP,Assembly,WB-01,A,FAIL,ABNORMAL,ABNORMAL,,,,,,,,,,,58.265,7.283,,,,,,,,,,,,,1,wire_bond_force_n=58.265,True,True,True
2026-02-23 20:58:00,UNIT04827,LOT033,WAFER4827,PKG04827,3,Back Grinding,ATMP,Wafer Processing,BG-01,A,FAIL,ABNORMAL,ABNORMAL,755.319,,,,,,-0.151,,,,,,,,,,,,,,,,,,1,thickness_variation_um=-0.151,True,True,True
2026-02-23 20:40:00,UNIT04826,LOT033,WAFER4826,PKG04826,1,Wafer Inspection,ATMP,Wafer Metrology,WI-01,A,FAIL,ABNORMAL,ABNORMAL,725.354,-0.013,36.434,39.143,81.202,,,,,,,,,,,,,,,,,,,,1,ttv_um=-0.013,True,True,True
2026-02-23 20:30:00,UNIT04825,LOT033,WAFER4825,PKG04825,7,Encapsulation / Molding,OSAT/ATMP,Packaging,MO-02,B,FAIL,ABNORMAL,ABNORMAL,,,,,,,,,,,,,174.46,120.036,-0.823,,,,,,,,,,1,void_percentage=-0.823,True,True,True
2026-02-23 19:57:00,UNIT04823,LOT033,WAFER4823,PKG04823,6,Wire Bonding,OSAT/ATMP,Assembly,WB-01,B,FAIL,ABNORMAL,ABNORMAL,,,,,,,,,,,61.695,4.317,,,,,,,,,,,,,1,bond_pull_strength_gf=4.317,True,True,True
2026-02-23 19:36:00,UNIT04822,LOT033,WAFER4822,PKG04822,1,Wafer Inspection,ATMP,Wafer Metrology,WI-01,B,FAIL,ABNORMAL,ABNORMAL,806.994,0.346,49.568,15.465,78.241,,,,,,,,,,,,,,,,,,,,2,wafer_thickness_um=806.994; tape_thickness_um=78.241,True,True,True
2026-02-23 19:25:00,UNIT04821,LOT033,WAFER4821,PKG04821,6,Wire Bonding,OSAT/ATMP,Assembly,WB-01,A,FAIL,ABNORMAL,ABNORMAL,,,,,,,,,,,59.105,6.493,,,,,,,,,,,,,1,wire_bond_force_n=59.105,True,True,True
2026-02-23 18:59:00,UNIT04819,LOT033,WAFER4819,PKG04819,12,ICT,OSAT,Electrical Testing,ICT-02,A,FAIL,ABNORMAL,ABNORMAL,,,,,,,,,,,,,,,,,,,,,9.345,,,,1,ict_current_a=9.345,True,True,True
2026-02-23 18:44:00,UNIT04818,LOT033,WAFER4818,PKG04818,13,FCT,OSAT,Functional Testing,FCT-01,C,FAIL,ABNORMAL,ABNORMAL,,,,,,,,,,,,,,,,,,,,,,3.567,,,1,fct_voltage_v=3.567,True,True,True
2026-02-23 18:06:00,UNIT04816,LOT033,WAFER4816,PKG04816,7,Encapsulation / Molding,OSAT/ATMP,Packaging,MO-02,A,FAIL,ABNORMAL,ABNORMAL,,,,,,,,,,,,,184.496,147.95,2.987,,,,,,,,,,1,mold_cure_time_s=147.95,True,True,True
2026-02-23 17:44:00,UNIT04815,LOT033,WAFER4815,PKG04815,1,Wafer Inspection,ATMP,Wafer Metrology,WI-02,A,FAIL,ABNORMAL,ABNORMAL,753.975,4.002,41.112,48.851,76.46,,,,,,,,,,,,,,,,,,,,1,tape_thickness_um=76.46,True,True,True
2026-02-23 17:28:00,UNIT04814,LOT033,WAFER4814,PKG04814,1,Wafer Inspection,ATMP,Wafer Metrology,WI-01,C,FAIL,ABNORMAL,ABNORMAL,700.314,0.137,-8.547,25.556,97.221,,,,,,,,,,,,,,,,,,,,1,bow_um=-8.547,True,True,True
2026-02-23 17:19:00,UNIT04813,LOT033,WAFER4813,PKG04813,8,Marking,ATMP,Package Marking,MK-02,B,FAIL,ABNORMAL,ABNORMAL,,,,,,,,,,,,,,,,101.202,,,,,,,,,1,marking_quality_score=101.202,True,True,True
2026-02-23 16:56:00,UNIT04812,LOT033,WAFER4812,PKG04812,1,Wafer Inspection,ATMP,Wafer Metrology,WI-02,B,FAIL,ABNORMAL,ABNORMAL,751.594,1.316,25.964,-8.769,91.406,,,,,,,,,,,,,,,,,,,,1,warp_um=-8.769,True,True,True
2026-02-23 16:25:00,UNIT04810,LOT033,WAFER4810,PKG04810,2,Wafer Sort,OSAT,Wafer Test,WS-01,C,FAIL,ABNORMAL,ABNORMAL,,,,,,10.688,,,,,,,,,,,,,,,,,,,1,sort_current_a=10.688,True,True,True
2026-02-23 16:08:00,UNIT04809,LOT033,WAFER4809,PKG04809,1,Wafer Inspection,ATMP,Wafer Metrology,WI-02,C,FAIL,ABNORMAL,ABNORMAL,764.341,1.267,54.224,47.62,102.095,,,,,,,,,,,,,,,,,,,,1,bow_um=54.224,True,True,True
2026-02-23 15:52:00,UNIT04808,LOT033,WAFER4808,PKG04808,1,Wafer Inspection,ATMP,Wafer Metrology,WI-02,C,FAIL,ABNORMAL,ABNORMAL,694.956,1.72,10.392,5.422,93.92,,,,,,,,,,,,,,,,,,,,1,wafer_thickness_um=694.956,True,True,True
2026-02-23 15:36:00,UNIT04807,LOT033,WAFER4807,PKG04807,1,Wafer Inspection,ATMP,Wafer Metrology,WI-01,B,FAIL,ABNORMAL,ABNORMAL,735.199,1.327,53.827,7.071,91.193,,,,,,,,,,,,,,,,,,,,1,bow_um=53.827,True,True,True
2026-02-23 15:09:00,UNIT04805,LOT033,WAFER4805,PKG04805,6,Wire Bonding,OSAT/ATMP,Assembly,WB-02,B,FAIL,ABNORMAL,ABNORMAL,,,,,,,,,,,65.208,4.418,,,,,,,,,,,,,1,bond_pull_strength_gf=4.418,True,True,True
2026-02-23 14:36:00,UNIT04803,LOT033,WAFER4803,PKG04803,5,Die Attach,OSAT/ATMP,Assembly,DA-01,B,FAIL,ABNORMAL,ABNORMAL,,,,,,,,,9.313,51.472,,,,,,,,,,,,,,,1,attach_offset_um=51.472,True,True,True
2026-02-23 14:25:00,UNIT04802,LOT033,WAFER4802,PKG04802,10,Package Inspection,OSAT/ATMP,Package Inspection,PI-01,C,FAIL,ABNORMAL,ABNORMAL,,,,,,,,,,,,,,,,,,10.243,,,,,,,1,package_dimension_mm=10.243,True,True,True
2026-02-23 14:00:00,UNIT04801,LOT033,WAFER4801,PKG04801,1,Wafer Inspection,ATMP,Wafer Metrology,WI-01,B,FAIL,ABNORMAL,ABNORMAL,747.239,1.275,30.651,35.93,127.332,,,,,,,,,,,,,,,,,,,,1,tape_thickness_um=127.332,True,True,True
2026-02-23 13:39:00,UNIT04799,LOT032,WAFER4799,PKG04799,12,ICT,OSAT,Electrical Testing,ICT-02,C,FAIL,ABNORMAL,ABNORMAL,,,,,,,,,,,,,,,,,,,,,9.339,,,,1,ict_current_a=9.339,True,True,True
2026-02-23 13:27:00,UNIT04798,LOT032,WAFER4798,PKG04798,16,Packing / Dispatch,ATMP,Packaging,PK-02,A,FAIL,ABNORMAL,ABNORMAL,,,,,,,,,,,,,,,,,,,,,,,,11.9,1,packaging_damage_score=11.9,True,True,True
2026-02-23 12:57:00,UNIT04797,LOT032,WAFER4797,PKG04797,2,Wafer Sort,OSAT,Wafer Test,WS-01,B,FAIL,ABNORMAL,ABNORMAL,,,,,,9.351,,,,,,,,,,,,,,,,,,,1,sort_current_a=9.351,True,True,True
2026-02-23 12:54:00,UNIT04796,LOT032,WAFER4796,PKG04796,15,Final Inspection,ATMP,Final Inspection,FI-01,C,FAIL,ABNORMAL,ABNORMAL,,,,,,,,,,,,,,,,100.082,,10.019,,,,,,,1,marking_quality_score=100.082,True,True,True
2026-02-23 12:26:00,UNIT04795,LOT032,WAFER4795,PKG04795,3,Back Grinding,ATMP,Wafer Processing,BG-01,C,FAIL,ABNORMAL,ABNORMAL,818.331,,,,,,3.494,,,,,,,,,,,,,,,,,,1,wafer_thickness_um=818.331,True,True,True
2026-02-23 11:52:00,UNIT04793,LOT032,WAFER4793,PKG04793,1,Wafer Inspection,ATMP,Wafer Metrology,WI-01,C,FAIL,ABNORMAL,ABNORMAL,695.253,1.712,7.885,34.85,104.446,,,,,,,,,,,,,,,,,,,,1,wafer_thickness_um=695.253,True,True,True
2026-02-23 11:44:00,UNIT04792,LOT032,WAFER4792,PKG04792,9,Singulation,ATMP,Package Processing,SG-01,B,FAIL,ABNORMAL,ABNORMAL,,,,,,,,,,,,,,,,,11.323,,,,,,,,1,singulation_damage_score=11.323,True,True,True
2026-02-23 11:27:00,UNIT04791,LOT032,WAFER4791,PKG04791,8,Marking,ATMP,Package Marking,MK-01,C,FAIL,ABNORMAL,ABNORMAL,,,,,,,,,,,,,,,,100.428,,,,,,,,,1,marking_quality_score=100.428,True,True,True
2026-02-23 11:06:00,UNIT04790,LOT032,WAFER4790,PKG04790,3,Back Grinding,ATMP,Wafer Processing,BG-02,B,FAIL,ABNORMAL,ABNORMAL,684.009,,,,,,4.391,,,,,,,,,,,,,,,,,,1,wafer_thickness_um=684.009,True,True,True
2026-02-23 10:24:00,UNIT04787,LOT032,WAFER4787,PKG04787,9,Singulation,ATMP,Package Processing,SG-02,A,FAIL,ABNORMAL,ABNORMAL,,,,,,,,,,,,,,,,,-0.48,,,,,,,,1,singulation_damage_score=-0.48,True,True,True
2026-02-23 10:00:00,UNIT04786,LOT032,WAFER4786,PKG04786,1,Wafer Inspection,ATMP,Wafer Metrology,WI-02,B,FAIL,ABNORMAL,ABNORMAL,815.68,4.306,3.552,33.155,109.97,,,,,,,,,,,,,,,,,,,,1,wafer_thickness_um=815.68,True,True,True
2026-02-23 09:46:00,UNIT04785,LOT032,WAFER4785,PKG04785,3,Back Grinding,ATMP,Wafer Processing,BG-01,C,FAIL,ABNORMAL,ABNORMAL,818.864,,,,,,1.657,,,,,,,,,,,,,,,,,,1,wafer_thickness_um=818.864,True,True,True
2026-02-23 09:36:00,UNIT04784,LOT032,WAFER4784,PKG04784,9,Singulation,ATMP,Package Processing,SG-02,B,FAIL,ABNORMAL,ABNORMAL,,,,,,,,,,,,,,,,,10.638,,,,,,,,1,singulation_damage_score=10.638,True,True,True
2026-02-23 09:12:00,UNIT04783,LOT032,WAFER4783,PKG04783,1,Wafer Inspection,ATMP,Wafer Metrology,WI-01,B,FAIL,ABNORMAL,ABNORMAL,706.268,1.074,46.947,-2.601,113.374,,,,,,,,,,,,,,,,,,,,1,warp_um=-2.601,True,True,True
2026-02-23 09:02:00,UNIT04782,LOT032,WAFER4782,PKG04782,7,Encapsulation / Molding,OSAT/ATMP,Packaging,MO-01,C,FAIL,ABNORMAL,ABNORMAL,,,,,,,,,,,,,184.518,133.082,5.812,,,,,,,,,,1,void_percentage=5.812,True,True,True
2026-02-23 08:36:00,UNIT04780,LOT032,WAFER4780,PKG04780,13,FCT,OSAT,Functional Testing,FCT-01,C,FAIL,ABNORMAL,ABNORMAL,,,,,,,,,,,,,,,,,,,,,,3.075,,,1,fct_voltage_v=3.075,True,True,True
2026-02-23 08:13:00,UNIT04779,LOT032,WAFER4779,PKG04779,6,Wire Bonding,OSAT/ATMP,Assembly,WB-02,B,FAIL,ABNORMAL,ABNORMAL,,,,,,,,,,,70.29,10.792,,,,,,,,,,,,,2,wire_bond_force_n=70.29; bond_pull_strength_gf=10.792,True,True,True
2026-02-23 08:01:00,UNIT04778,LOT032,WAFER4778,PKG04778,10,Package Inspection,OSAT/ATMP,Package Inspection,PI-01,A,FAIL,ABNORMAL,ABNORMAL,,,,,,,,,,,,,,,,,,10.219,,,,,,,1,package_dimension_mm=10.219,True,True,True
2026-02-23 07:21:00,UNIT04776,LOT032,WAFER4776,PKG04776,2,Wafer Sort,OSAT,Wafer Test,WS-02,C,FAIL,ABNORMAL,ABNORMAL,,,,,,10.567,,,,,,,,,,,,,,,,,,,1,sort_current_a=10.567,True,True,True
2026-02-23 06:48:00,UNIT04774,LOT032,WAFER4774,PKG04774,1,Wafer Inspection,ATMP,Wafer Metrology,WI-02,C,FAIL,ABNORMAL,ABNORMAL,686.644,4.303,44.676,38.365,94.708,,,,,,,,,,,,,,,,,,,,1,wafer_thickness_um=686.644,True,True,True
2026-02-23 06:18:00,UNIT04772,LOT032,WAFER4772,PKG04772,3,Back Grinding,ATMP,Wafer Processing,BG-01,C,FAIL,ABNORMAL,ABNORMAL,744.474,,,,,,-0.075,,,,,,,,,,,,,,,,,,1,thickness_variation_um=-0.075,True,True,True
2026-02-23 05:44:00,UNIT04770,LOT032,WAFER4770,PKG04770,1,Wafer Inspection,ATMP,Wafer Metrology,WI-02,A,FAIL,ABNORMAL,ABNORMAL,805.199,0.657,4.842,22.018,84.171,,,,,,,,,,,,,,,,,,,,1,wafer_thickness_um=805.199,True,True,True
2026-02-23 05:12:00,UNIT04768,LOT032,WAFER4768,PKG04768,1,Wafer Inspection,ATMP,Wafer Metrology,WI-01,B,FAIL,ABNORMAL,ABNORMAL,819.564,3.937,30.085,24.332,104.687,,,,,,,,,,,,,,,,,,,,1,wafer_thickness_um=819.564,True,True,True
2026-02-23 04:40:00,UNIT04766,LOT032,WAFER4766,PKG04766,1,Wafer Inspection,ATMP,Wafer Metrology,WI-01,A,FAIL,ABNORMAL,ABNORMAL,780.93,4.539,10.908,-0.246,118.613,,,,,,,,,,,,,,,,,,,,1,warp_um=-0.246,True,True,True
2026-02-23 04:28:00,UNIT04765,LOT032,WAFER4765,PKG04765,5,Die Attach,OSAT/ATMP,Assembly,DA-01,B,FAIL,ABNORMAL,ABNORMAL,,,,,,,,,9.971,56.794,,,,,,,,,,,,,,,1,attach_offset_um=56.794,True,True,True
2026-02-23 03:20:00,UNIT04761,LOT032,WAFER4761,PKG04761,1,Wafer Inspection,ATMP,Wafer Metrology,WI-01,A,FAIL,ABNORMAL,ABNORMAL,739.534,0.945,45.215,12.883,127.356,,,,,,,,,,,,,,,,,,,,1,tape_thickness_um=127.356,True,True,True
2026-02-23 03:04:00,UNIT04760,LOT032,WAFER4760,PKG04760,1,Wafer Inspection,ATMP,Wafer Metrology,WI-01,B,FAIL,ABNORMAL,ABNORMAL,719.143,3.888,5.431,6.471,121.567,,,,,,,,,,,,,,,,,,,,1,tape_thickness_um=121.567,True,True,True
2026-02-23 02:58:00,UNIT04759,LOT032,WAFER4759,PKG04759,11,Burn-in,OSAT,Testing,BI-01,C,FAIL,ABNORMAL,ABNORMAL,,,,,,,,,,,,,,,,,,,122.77,3.238,,,,,1,burn_in_hours=3.238,True,True,True
2026-02-23 02:34:00,UNIT04758,LOT032,WAFER4758,PKG04758,3,Back Grinding,ATMP,Wafer Processing,BG-01,B,FAIL,ABNORMAL,ABNORMAL,799.975,,,,,,5.862,,,,,,,,,,,,,,,,,,1,thickness_variation_um=5.862,True,True,True
2026-02-23 01:44:00,UNIT04755,LOT032,WAFER4755,PKG04755,1,Wafer Inspection,ATMP,Wafer Metrology,WI-02,A,FAIL,ABNORMAL,ABNORMAL,755.816,-0.662,12.032,7.017,109.128,,,,,,,,,,,,,,,,,,,,1,ttv_um=-0.662,True,True,True
2026-02-23 01:18:00,UNIT04753,LOT032,WAFER4753,PKG04753,7,Encapsulation / Molding,OSAT/ATMP,Packaging,MO-01,B,FAIL,ABNORMAL,ABNORMAL,,,,,,,,,,,,,183.488,93.18,3.232,,,,,,,,,,1,mold_cure_time_s=93.18,True,True,True
2026-02-23 01:00:00,UNIT04752,LOT032,WAFER4752,PKG04752,5,Die Attach,OSAT/ATMP,Assembly,DA-02,B,FAIL,ABNORMAL,ABNORMAL,,,,,,,,,12.748,44.866,,,,,,,,,,,,,,,1,attach_force_n=12.748,True,True,True
2026-02-23 00:24:00,UNIT04750,LOT032,WAFER4750,PKG04750,1,Wafer Inspection,ATMP,Wafer Metrology,WI-01,A,FAIL,ABNORMAL,ABNORMAL,758.376,1.601,35.166,22.721,78.132,,,,,,,,,,,,,,,,,,,,1,tape_thickness_um=78.132,True,True,True
2026-02-23 00:21:00,UNIT04749,LOT032,WAFER4749,PKG04749,14,EOL,OSAT,Final Testing,EOL-01,B,FAIL,ABNORMAL,ABNORMAL,,,,,,,,,,,,,,,,,,,,,,,100.045,,1,eol_temperature_c=100.045,True,True,True
2026-02-22 23:58:00,UNIT04748,LOT032,WAFER4748,PKG04748,7,Encapsulation / Molding,OSAT/ATMP,Packaging,MO-01,A,FAIL,ABNORMAL,ABNORMAL,,,,,,,,,,,,,175.924,96.538,1.133,,,,,,,,,,1,mold_cure_time_s=96.538,True,True,True
2026-02-22 23:30:00,UNIT04746,LOT032,WAFER4746,PKG04746,11,Burn-in,OSAT,Testing,BI-01,A,FAIL,ABNORMAL,ABNORMAL,,,,,,,,,,,,,,,,,,,119.489,6.454,,,,,1,burn_in_temperature_c=119.489,True,True,True
2026-02-22 23:17:00,UNIT04745,LOT032,WAFER4745,PKG04745,14,EOL,OSAT,Final Testing,EOL-01,C,FAIL,ABNORMAL,ABNORMAL,,,,,,,,,,,,,,,,,,,,,,,101.39,,1,eol_temperature_c=101.39,True,True,True
2026-02-22 22:48:00,UNIT04744,LOT032,WAFER4744,PKG04744,1,Wafer Inspection,ATMP,Wafer Metrology,WI-01,C,FAIL,ABNORMAL,ABNORMAL,726.207,0.846,1.615,58.341,82.405,,,,,,,,,,,,,,,,,,,,1,warp_um=58.341,True,True,True
2026-02-22 22:18:00,UNIT04742,LOT032,WAFER4742,PKG04742,3,Back Grinding,ATMP,Wafer Processing,BG-01,C,FAIL,ABNORMAL,ABNORMAL,716.648,,,,,,5.308,,,,,,,,,,,,,,,,,,1,thickness_variation_um=5.308,True,True,True
2026-02-22 22:02:00,UNIT04741,LOT032,WAFER4741,PKG04741,3,Back Grinding,ATMP,Wafer Processing,BG-02,A,FAIL,ABNORMAL,ABNORMAL,813.182,,,,,,2.602,,,,,,,,,,,,,,,,,,1,wafer_thickness_um=813.182,True,True,True
2026-02-22 21:44:00,UNIT04740,LOT032,WAFER4740,PKG04740,1,Wafer Inspection,ATMP,Wafer Metrology,WI-01,A,FAIL,ABNORMAL,ABNORMAL,721.172,4.231,6.103,46.08,121.729,,,,,,,,,,,,,,,,,,,,1,tape_thickness_um=121.729,True,True,True
2026-02-22 21:35:00,UNIT04739,LOT032,WAFER4739,PKG04739,8,Marking,ATMP,Package Marking,MK-02,C,FAIL,ABNORMAL,ABNORMAL,,,,,,,,,,,,,,,,89.327,,,,,,,,,1,marking_quality_score=89.327,True,True,True
2026-02-22 20:56:00,UNIT04737,LOT032,WAFER4737,PKG04737,1,Wafer Inspection,ATMP,Wafer Metrology,WI-01,B,FAIL,ABNORMAL,ABNORMAL,701.979,5.744,3.053,49.161,104.563,,,,,,,,,,,,,,,,,,,,1,ttv_um=5.744,True,True,True
2026-02-22 20:49:00,UNIT04736,LOT032,WAFER4736,PKG04736,10,Package Inspection,OSAT/ATMP,Package Inspection,PI-02,B,FAIL,ABNORMAL,ABNORMAL,,,,,,,,,,,,,,,,,,10.25,,,,,,,1,package_dimension_mm=10.25,True,True,True
2026-02-22 20:36:00,UNIT04735,LOT032,WAFER4735,PKG04735,13,FCT,OSAT,Functional Testing,FCT-02,A,FAIL,ABNORMAL,ABNORMAL,,,,,,,,,,,,,,,,,,,,,,3.078,,,1,fct_voltage_v=3.078,True,True,True
2026-02-22 20:09:00,UNIT04734,LOT032,WAFER4734,PKG04734,2,Wafer Sort,OSAT,Wafer Test,WS-02,C,FAIL,ABNORMAL,ABNORMAL,,,,,,9.363,,,,,,,,,,,,,,,,,,,1,sort_current_a=9.363,True,True,True
2026-02-22 19:53:00,UNIT04733,LOT032,WAFER4733,PKG04733,2,Wafer Sort,OSAT,Wafer Test,WS-02,B,FAIL,ABNORMAL,ABNORMAL,,,,,,9.398,,,,,,,,,,,,,,,,,,,1,sort_current_a=9.398,True,True,True
2026-02-22 19:20:00,UNIT04731,LOT032,WAFER4731,PKG04731,1,Wafer Inspection,ATMP,Wafer Metrology,WI-01,C,FAIL,ABNORMAL,ABNORMAL,805.81,3.519,36.865,10.651,105.942,,,,,,,,,,,,,,,,,,,,1,wafer_thickness_um=805.81,True,True,True
2026-02-22 18:38:00,UNIT04728,LOT032,WAFER4728,PKG04728,7,Encapsulation / Molding,OSAT/ATMP,Packaging,MO-02,A,FAIL,ABNORMAL,ABNORMAL,,,,,,,,,,,,,172.213,115.471,-0.552,,,,,,,,,,1,void_percentage=-0.552,True,True,True
2026-02-22 18:01:00,UNIT04726,LOT032,WAFER4726,PKG04726,2,Wafer Sort,OSAT,Wafer Test,WS-01,A,FAIL,ABNORMAL,ABNORMAL,,,,,,9.397,,,,,,,,,,,,,,,,,,,1,sort_current_a=9.397,True,True,True
2026-02-22 17:48:00,UNIT04725,LOT032,WAFER4725,PKG04725,5,Die Attach,OSAT/ATMP,Assembly,DA-01,A,FAIL,ABNORMAL,ABNORMAL,,,,,,,,,12.379,19.864,,,,,,,,,,,,,,,1,attach_force_n=12.379,True,True,True
2026-02-22 17:32:00,UNIT04724,LOT032,WAFER4724,PKG04724,5,Die Attach,OSAT/ATMP,Assembly,DA-02,A,FAIL,ABNORMAL,ABNORMAL,,,,,,,,,7.954,51.855,,,,,,,,,,,,,,,2,attach_force_n=7.954; attach_offset_um=51.855,True,True,True
2026-02-22 16:56:00,UNIT04722,LOT032,WAFER4722,PKG04722,1,Wafer Inspection,ATMP,Wafer Metrology,WI-01,A,FAIL,ABNORMAL,ABNORMAL,725.539,3.109,42.778,53.319,105.102,,,,,,,,,,,,,,,,,,,,1,warp_um=53.319,True,True,True
2026-02-22 16:45:00,UNIT04721,LOT032,WAFER4721,PKG04721,6,Wire Bonding,OSAT/ATMP,Assembly,WB-02,C,FAIL,ABNORMAL,ABNORMAL,,,,,,,,,,,70.189,9.739,,,,,,,,,,,,,1,wire_bond_force_n=70.189,True,True,True
2026-02-22 16:39:00,UNIT04720,LOT032,WAFER4720,PKG04720,16,Packing / Dispatch,ATMP,Packaging,PK-02,B,FAIL,ABNORMAL,ABNORMAL,,,,,,,,,,,,,,,,,,,,,,,,-1.974,1,packaging_damage_score=-1.974,True,True,True
2026-02-22 16:02:00,UNIT04718,LOT032,WAFER4718,PKG04718,11,Burn-in,OSAT,Testing,BI-02,A,FAIL,ABNORMAL,ABNORMAL,,,,,,,,,,,,,,,,,,,128.237,3.248,,,,,1,burn_in_hours=3.248,True,True,True
2026-02-22 15:50:00,UNIT04717,LOT032,WAFER4717,PKG04717,15,Final Inspection,ATMP,Final Inspection,FI-02,B,FAIL,ABNORMAL,ABNORMAL,,,,,,,,,,,,,,,,89.545,,10.078,,,,,,,1,marking_quality_score=89.545,True,True,True
2026-02-22 15:20:00,UNIT04716,LOT032,WAFER4716,PKG04716,1,Wafer Inspection,ATMP,Wafer Metrology,WI-02,B,FAIL,ABNORMAL,ABNORMAL,774.136,3.758,-6.104,23.322,114.271,,,,,,,,,,,,,,,,,,,,1,bow_um=-6.104,True,True,True
2026-02-22 15:04:00,UNIT04715,LOT032,WAFER4715,PKG04715,1,Wafer Inspection,ATMP,Wafer Metrology,WI-01,A,FAIL,ABNORMAL,ABNORMAL,717.76,2.017,39.239,5.598,76.129,,,,,,,,,,,,,,,,,,,,1,tape_thickness_um=76.129,True,True,True
2026-02-22 14:48:00,UNIT04714,LOT032,WAFER4714,PKG04714,1,Wafer Inspection,ATMP,Wafer Metrology,WI-02,C,FAIL,ABNORMAL,ABNORMAL,739.976,4.161,12.338,37.542,74.914,,,,,,,,,,,,,,,,,,,,1,tape_thickness_um=74.914,True,True,True
2026-02-22 14:16:00,UNIT04712,LOT032,WAFER4712,PKG04712,1,Wafer Inspection,ATMP,Wafer Metrology,WI-02,A,FAIL,ABNORMAL,ABNORMAL,785.631,2.03,-7.475,21.043,116.192,,,,,,,,,,,,,,,,,,,,1,bow_um=-7.475,True,True,True
2026-02-22 13:28:00,UNIT04709,LOT032,WAFER4709,PKG04709,1,Wafer Inspection,ATMP,Wafer Metrology,WI-01,B,FAIL,ABNORMAL,ABNORMAL,681.859,2.314,3.222,6.086,100.245,,,,,,,,,,,,,,,,,,,,1,wafer_thickness_um=681.859,True,True,True
2026-02-22 13:12:00,UNIT04708,LOT032,WAFER4708,PKG04708,1,Wafer Inspection,ATMP,Wafer Metrology,WI-02,B,FAIL,ABNORMAL,ABNORMAL,772.829,5.438,49.199,27.971,110.142,,,,,,,,,,,,,,,,,,,,1,ttv_um=5.438,True,True,True
2026-02-22 13:01:00,UNIT04707,LOT032,WAFER4707,PKG04707,6,Wire Bonding,OSAT/ATMP,Assembly,WB-01,A,FAIL,ABNORMAL,ABNORMAL,,,,,,,,,,,68.536,4.519,,,,,,,,,,,,,1,bond_pull_strength_gf=4.519,True,True,True
2026-02-22 12:44:00,UNIT04706,LOT032,WAFER4706,PKG04706,5,Die Attach,OSAT/ATMP,Assembly,DA-01,B,FAIL,ABNORMAL,ABNORMAL,,,,,,,,,7.324,-2.273,,,,,,,,,,,,,,,2,attach_force_n=7.324; attach_offset_um=-2.273,True,True,True
2026-02-22 12:26:00,UNIT04705,LOT032,WAFER4705,PKG04705,3,Back Grinding,ATMP,Wafer Processing,BG-02,B,FAIL,ABNORMAL,ABNORMAL,682.824,,,,,,3.218,,,,,,,,,,,,,,,,,,1,wafer_thickness_um=682.824,True,True,True
2026-02-22 12:22:00,UNIT04704,LOT032,WAFER4704,PKG04704,15,Final Inspection,ATMP,Final Inspection,FI-01,C,FAIL,ABNORMAL,ABNORMAL,,,,,,,,,,,,,,,,100.137,,9.885,,,,,,,1,marking_quality_score=100.137,True,True,True
2026-02-22 11:55:00,UNIT04703,LOT032,WAFER4703,PKG04703,4,Wafer Dicing,ATMP,Wafer Processing,WD-02,B,FAIL,ABNORMAL,ABNORMAL,,,,,,,,56.921,,,,,,,,,,,,,,,,,1,kerf_width_um=56.921,True,True,True
2026-02-22 11:41:00,UNIT04702,LOT032,WAFER4702,PKG04702,6,Wire Bonding,OSAT/ATMP,Assembly,WB-02,B,FAIL,ABNORMAL,ABNORMAL,,,,,,,,,,,63.952,10.357,,,,,,,,,,,,,1,bond_pull_strength_gf=10.357,True,True,True
2026-02-22 11:26:00,UNIT04701,LOT032,WAFER4701,PKG04701,7,Encapsulation / Molding,OSAT/ATMP,Packaging,MO-01,C,FAIL,ABNORMAL,ABNORMAL,,,,,,,,,,,,,190.601,96.243,2.732,,,,,,,,,,2,mold_temperature_c=190.601; mold_cure_time_s=96.243,True,True,True
2026-02-22 11:04:00,UNIT04700,LOT032,WAFER4700,PKG04700,1,Wafer Inspection,ATMP,Wafer Metrology,WI-02,B,FAIL,ABNORMAL,ABNORMAL,801.017,4.252,23.583,25.184,82.454,,,,,,,,,,,,,,,,,,,,1,wafer_thickness_um=801.017,True,True,True
2026-02-22 10:50:00,UNIT04699,LOT032,WAFER4699,PKG04699,3,Back Grinding,ATMP,Wafer Processing,BG-01,C,FAIL,ABNORMAL,ABNORMAL,805.953,,,,,,0.586,,,,,,,,,,,,,,,,,,1,wafer_thickness_um=805.953,True,True,True
2026-02-22 10:46:00,UNIT04698,LOT032,WAFER4698,PKG04698,15,Final Inspection,ATMP,Final Inspection,FI-01,A,FAIL,ABNORMAL,ABNORMAL,,,,,,,,,,,,,,,,90.634,,9.722,,,,,,,1,package_dimension_mm=9.722,True,True,True
2026-02-22 10:17:00,UNIT04697,LOT032,WAFER4697,PKG04697,2,Wafer Sort,OSAT,Wafer Test,WS-01,A,FAIL,ABNORMAL,ABNORMAL,,,,,,10.542,,,,,,,,,,,,,,,,,,,1,sort_current_a=10.542,True,True,True
2026-02-22 10:02:00,UNIT04696,LOT032,WAFER4696,PKG04696,3,Back Grinding,ATMP,Wafer Processing,BG-01,C,FAIL,ABNORMAL,ABNORMAL,728.184,,,,,,5.932,,,,,,,,,,,,,,,,,,1,thickness_variation_um=5.932,True,True,True
2026-02-22 09:46:00,UNIT04695,LOT032,WAFER4695,PKG04695,3,Back Grinding,ATMP,Wafer Processing,BG-01,A,FAIL,ABNORMAL,ABNORMAL,717.362,,,,,,5.738,,,,,,,,,,,,,,,,,,1,thickness_variation_um=5.738,True,True,True
2026-02-22 09:28:00,UNIT04694,LOT032,WAFER4694,PKG04694,1,Wafer Inspection,ATMP,Wafer Metrology,WI-01,B,FAIL,ABNORMAL,ABNORMAL,730.528,0.456,4.643,57.363,81.135,,,,,,,,,,,,,,,,,,,,1,warp_um=57.363,True,True,True
2026-02-22 09:16:00,UNIT04693,LOT032,WAFER4693,PKG04693,5,Die Attach,OSAT/ATMP,Assembly,DA-01,A,FAIL,ABNORMAL,ABNORMAL,,,,,,,,,7.823,35.797,,,,,,,,,,,,,,,1,attach_force_n=7.823,True,True,True
2026-02-22 08:56:00,UNIT04692,LOT032,WAFER4692,PKG04692,1,Wafer Inspection,ATMP,Wafer Metrology,WI-01,A,FAIL,ABNORMAL,ABNORMAL,705.588,2.133,12.671,-7.879,90.556,,,,,,,,,,,,,,,,,,,,1,warp_um=-7.879,True,True,True
2026-02-22 08:31:00,UNIT04690,LOT032,WAFER4690,PKG04690,8,Marking,ATMP,Package Marking,MK-01,A,FAIL,ABNORMAL,ABNORMAL,,,,,,,,,,,,,,,,89.808,,,,,,,,,1,marking_quality_score=89.808,True,True,True
2026-02-22 07:36:00,UNIT04687,LOT032,WAFER4687,PKG04687,1,Wafer Inspection,ATMP,Wafer Metrology,WI-01,A,FAIL,ABNORMAL,ABNORMAL,810.647,2.869,19.521,40.161,116.361,,,,,,,,,,,,,,,,,,,,1,wafer_thickness_um=810.647,True,True,True
2026-02-22 07:04:00,UNIT04685,LOT032,WAFER4685,PKG04685,1,Wafer Inspection,ATMP,Wafer Metrology,WI-01,C,FAIL,ABNORMAL,ABNORMAL,779.228,4.821,-0.772,19.43,103.622,,,,,,,,,,,,,,,,,,,,1,bow_um=-0.772,True,True,True
2026-02-22 06:38:00,UNIT04683,LOT032,WAFER4683,PKG04683,7,Encapsulation / Molding,OSAT/ATMP,Packaging,MO-01,A,FAIL,ABNORMAL,ABNORMAL,,,,,,,,,,,,,177.845,109.147,-0.382,,,,,,,,,,1,void_percentage=-0.382,True,True,True
2026-02-22 06:16:00,UNIT04682,LOT032,WAFER4682,PKG04682,1,Wafer Inspection,ATMP,Wafer Metrology,WI-01,A,FAIL,ABNORMAL,ABNORMAL,805.999,2.348,21.458,59.623,86.6,,,,,,,,,,,,,,,,,,,,2,wafer_thickness_um=805.999; warp_um=59.623,True,True,True
2026-02-22 06:03:00,UNIT04681,LOT032,WAFER4681,PKG04681,4,Wafer Dicing,ATMP,Wafer Processing,WD-01,B,FAIL,ABNORMAL,ABNORMAL,,,,,,,,55.616,,,,,,,,,,,,,,,,,1,kerf_width_um=55.616,True,True,True
2026-02-22 05:48:00,UNIT04680,LOT032,WAFER4680,PKG04680,5,Die Attach,OSAT/ATMP,Assembly,DA-01,A,FAIL,ABNORMAL,ABNORMAL,,,,,,,,,11.028,-5.147,,,,,,,,,,,,,,,1,attach_offset_um=-5.147,True,True,True
2026-02-22 05:28:00,UNIT04679,LOT032,WAFER4679,PKG04679,1,Wafer Inspection,ATMP,Wafer Metrology,WI-01,B,FAIL,ABNORMAL,ABNORMAL,697.704,2.96,36.285,14.394,119.595,,,,,,,,,,,,,,,,,,,,1,wafer_thickness_um=697.704,True,True,True
2026-02-22 05:26:00,UNIT04678,LOT032,WAFER4678,PKG04678,15,Final Inspection,ATMP,Final Inspection,FI-01,B,FAIL,ABNORMAL,ABNORMAL,,,,,,,,,,,,,,,,93.503,,10.232,,,,,,,1,package_dimension_mm=10.232,True,True,True
2026-02-22 04:42:00,UNIT04676,LOT032,WAFER4676,PKG04676,3,Back Grinding,ATMP,Wafer Processing,BG-01,A,FAIL,ABNORMAL,ABNORMAL,735.416,,,,,,5.483,,,,,,,,,,,,,,,,,,1,thickness_variation_um=5.483,True,True,True
2026-02-22 04:19:00,UNIT04674,LOT032,WAFER4674,PKG04674,12,ICT,OSAT,Electrical Testing,ICT-01,A,FAIL,ABNORMAL,ABNORMAL,,,,,,,,,,,,,,,,,,,,,10.665,,,,1,ict_current_a=10.665,True,True,True
2026-02-22 04:02:00,UNIT04673,LOT032,WAFER4673,PKG04673,11,Burn-in,OSAT,Testing,BI-02,B,FAIL,ABNORMAL,ABNORMAL,,,,,,,,,,,,,,,,,,,118.036,6.076,,,,,1,burn_in_temperature_c=118.036,True,True,True
2026-02-22 03:46:00,UNIT04672,LOT032,WAFER4672,PKG04672,11,Burn-in,OSAT,Testing,BI-02,B,FAIL,ABNORMAL,ABNORMAL,,,,,,,,,,,,,,,,,,,119.778,7.807,,,,,1,burn_in_temperature_c=119.778,True,True,True
2026-02-22 03:26:00,UNIT04671,LOT032,WAFER4671,PKG04671,7,Encapsulation / Molding,OSAT/ATMP,Packaging,MO-02,B,FAIL,ABNORMAL,ABNORMAL,,,,,,,,,,,,,186.348,133.964,5.581,,,,,,,,,,1,void_percentage=5.581,True,True,True
2026-02-22 03:04:00,UNIT04670,LOT032,WAFER4670,PKG04670,1,Wafer Inspection,ATMP,Wafer Metrology,WI-01,B,FAIL,ABNORMAL,ABNORMAL,806.524,4.108,47.5,25.963,110.807,,,,,,,,,,,,,,,,,,,,1,wafer_thickness_um=806.524,True,True,True
2026-02-22 02:48:00,UNIT04669,LOT032,WAFER4669,PKG04669,1,Wafer Inspection,ATMP,Wafer Metrology,WI-02,C,FAIL,ABNORMAL,ABNORMAL,722.759,0.711,-0.557,6.246,117.253,,,,,,,,,,,,,,,,,,,,1,bow_um=-0.557,True,True,True
2026-02-22 02:32:00,UNIT04668,LOT032,WAFER4668,PKG04668,1,Wafer Inspection,ATMP,Wafer Metrology,WI-01,B,FAIL,ABNORMAL,ABNORMAL,787.702,0.495,51.51,29.835,87.6,,,,,,,,,,,,,,,,,,,,1,bow_um=51.51,True,True,True
2026-02-22 02:20:00,UNIT04667,LOT032,WAFER4667,PKG04667,5,Die Attach,OSAT/ATMP,Assembly,DA-02,C,FAIL,ABNORMAL,ABNORMAL,,,,,,,,,8.904,51.076,,,,,,,,,,,,,,,1,attach_offset_um=51.076,True,True,True
2026-02-22 01:52:00,UNIT04665,LOT032,WAFER4665,PKG04665,9,Singulation,ATMP,Package Processing,SG-01,B,FAIL,ABNORMAL,ABNORMAL,,,,,,,,,,,,,,,,,-1.457,,,,,,,,1,singulation_damage_score=-1.457,True,True,True
2026-02-22 01:36:00,UNIT04664,LOT032,WAFER4664,PKG04664,9,Singulation,ATMP,Package Processing,SG-01,A,FAIL,ABNORMAL,ABNORMAL,,,,,,,,,,,,,,,,,-1.572,,,,,,,,1,singulation_damage_score=-1.572,True,True,True
2026-02-22 01:14:00,UNIT04663,LOT032,WAFER4663,PKG04663,3,Back Grinding,ATMP,Wafer Processing,BG-01,A,FAIL,ABNORMAL,ABNORMAL,808.216,,,,,,2.726,,,,,,,,,,,,,,,,,,1,wafer_thickness_um=808.216,True,True,True
2026-02-22 00:57:00,UNIT04662,LOT032,WAFER4662,PKG04662,2,Wafer Sort,OSAT,Wafer Test,WS-01,B,FAIL,ABNORMAL,ABNORMAL,,,,,,9.381,,,,,,,,,,,,,,,,,,,1,sort_current_a=9.381,True,True,True
2026-02-22 00:40:00,UNIT04661,LOT032,WAFER4661,PKG04661,1,Wafer Inspection,ATMP,Wafer Metrology,WI-02,C,FAIL,ABNORMAL,ABNORMAL,759.665,0.522,59.437,7.401,82.456,,,,,,,,,,,,,,,,,,,,1,bow_um=59.437,True,True,True
2026-02-22 00:18:00,UNIT04659,LOT032,WAFER4659,PKG04659,11,Burn-in,OSAT,Testing,BI-02,B,FAIL,ABNORMAL,ABNORMAL,,,,,,,,,,,,,,,,,,,131.041,3.856,,,,,2,burn_in_temperature_c=131.041; burn_in_hours=3.856,True,True,True
2026-02-21 23:56:00,UNIT04658,LOT032,WAFER4658,PKG04658,5,Die Attach,OSAT/ATMP,Assembly,DA-02,A,FAIL,ABNORMAL,ABNORMAL,,,,,,,,,8.547,-8.846,,,,,,,,,,,,,,,1,attach_offset_um=-8.846,True,True,True
2026-02-21 23:41:00,UNIT04657,LOT032,WAFER4657,PKG04657,6,Wire Bonding,OSAT/ATMP,Assembly,WB-02,C,FAIL,ABNORMAL,ABNORMAL,,,,,,,,,,,62.794,4.121,,,,,,,,,,,,,1,bond_pull_strength_gf=4.121,True,True,True
2026-02-21 23:27:00,UNIT04656,LOT032,WAFER4656,PKG04656,8,Marking,ATMP,Package Marking,MK-01,C,FAIL,ABNORMAL,ABNORMAL,,,,,,,,,,,,,,,,100.645,,,,,,,,,1,marking_quality_score=100.645,True,True,True
2026-02-21 23:18:00,UNIT04655,LOT032,WAFER4655,PKG04655,15,Final Inspection,ATMP,Final Inspection,FI-01,A,FAIL,ABNORMAL,ABNORMAL,,,,,,,,,,,,,,,,90.051,,9.762,,,,,,,1,package_dimension_mm=9.762,True,True,True
2026-02-21 22:48:00,UNIT04654,LOT032,WAFER4654,PKG04654,1,Wafer Inspection,ATMP,Wafer Metrology,WI-02,A,FAIL,ABNORMAL,ABNORMAL,748.023,-0.268,59.921,2.266,89.208,,,,,,,,,,,,,,,,,,,,2,ttv_um=-0.268; bow_um=59.921,True,True,True
2026-02-21 22:42:00,UNIT04653,LOT032,WAFER4653,PKG04653,11,Burn-in,OSAT,Testing,BI-01,A,FAIL,ABNORMAL,ABNORMAL,,,,,,,,,,,,,,,,,,,131.069,5.866,,,,,1,burn_in_temperature_c=131.069,True,True,True
2026-02-21 22:22:00,UNIT04652,LOT032,WAFER4652,PKG04652,7,Encapsulation / Molding,OSAT/ATMP,Packaging,MO-01,C,FAIL,ABNORMAL,ABNORMAL,,,,,,,,,,,,,190.275,128.671,0.804,,,,,,,,,,1,mold_temperature_c=190.275,True,True,True
2026-02-21 21:44:00,UNIT04650,LOT031,WAFER4650,PKG04650,1,Wafer Inspection,ATMP,Wafer Metrology,WI-02,B,FAIL,ABNORMAL,ABNORMAL,716.324,1.125,43.616,41.558,126.573,,,,,,,,,,,,,,,,,,,,1,tape_thickness_um=126.573,True,True,True
2026-02-21 21:34:00,UNIT04649,LOT031,WAFER4649,PKG04649,7,Encapsulation / Molding,OSAT/ATMP,Packaging,MO-02,A,FAIL,ABNORMAL,ABNORMAL,,,,,,,,,,,,,180.704,124.296,5.797,,,,,,,,,,1,void_percentage=5.797,True,True,True
2026-02-21 21:12:00,UNIT04648,LOT031,WAFER4648,PKG04648,1,Wafer Inspection,ATMP,Wafer Metrology,WI-02,C,FAIL,ABNORMAL,ABNORMAL,692.203,2.238,22.967,49.916,101.765,,,,,,,,,,,,,,,,,,,,1,wafer_thickness_um=692.203,True,True,True
2026-02-21 21:11:00,UNIT04647,LOT031,WAFER4647,PKG04647,16,Packing / Dispatch,ATMP,Packaging,PK-02,C,FAIL,ABNORMAL,ABNORMAL,,,,,,,,,,,,,,,,,,,,,,,,-1.25,1,packaging_damage_score=-1.25,True,True,True
2026-02-21 20:10:00,UNIT04644,LOT031,WAFER4644,PKG04644,3,Back Grinding,ATMP,Wafer Processing,BG-02,C,FAIL,ABNORMAL,ABNORMAL,698.786,,,,,,1.925,,,,,,,,,,,,,,,,,,1,wafer_thickness_um=698.786,True,True,True
2026-02-21 19:56:00,UNIT04643,LOT031,WAFER4643,PKG04643,5,Die Attach,OSAT/ATMP,Assembly,DA-02,B,FAIL,ABNORMAL,ABNORMAL,,,,,,,,,12.788,42.312,,,,,,,,,,,,,,,1,attach_force_n=12.788,True,True,True
2026-02-21 19:39:00,UNIT04642,LOT031,WAFER4642,PKG04642,4,Wafer Dicing,ATMP,Wafer Processing,WD-01,C,FAIL,ABNORMAL,ABNORMAL,,,,,,,,43.303,,,,,,,,,,,,,,,,,1,kerf_width_um=43.303,True,True,True
2026-02-21 19:26:00,UNIT04641,LOT031,WAFER4641,PKG04641,7,Encapsulation / Molding,OSAT/ATMP,Packaging,MO-01,A,FAIL,ABNORMAL,ABNORMAL,,,,,,,,,,,,,179.163,136.372,-0.683,,,,,,,,,,1,void_percentage=-0.683,True,True,True
2026-02-21 18:32:00,UNIT04638,LOT031,WAFER4638,PKG04638,1,Wafer Inspection,ATMP,Wafer Metrology,WI-02,A,FAIL,ABNORMAL,ABNORMAL,718.568,1.073,19.142,-5.654,109.589,,,,,,,,,,,,,,,,,,,,1,warp_um=-5.654,True,True,True
2026-02-21 18:22:00,UNIT04637,LOT031,WAFER4637,PKG04637,7,Encapsulation / Molding,OSAT/ATMP,Packaging,MO-02,B,FAIL,ABNORMAL,ABNORMAL,,,,,,,,,,,,,179.577,144.626,0.194,,,,,,,,,,1,mold_cure_time_s=144.626,True,True,True
2026-02-21 18:13:00,UNIT04636,LOT031,WAFER4636,PKG04636,14,EOL,OSAT,Final Testing,EOL-01,B,FAIL,ABNORMAL,ABNORMAL,,,,,,,,,,,,,,,,,,,,,,,101.94,,1,eol_temperature_c=101.94,True,True,True
2026-02-21 17:55:00,UNIT04635,LOT031,WAFER4635,PKG04635,12,ICT,OSAT,Electrical Testing,ICT-02,B,FAIL,ABNORMAL,ABNORMAL,,,,,,,,,,,,,,,,,,,,,9.371,,,,1,ict_current_a=9.371,True,True,True
2026-02-21 17:38:00,UNIT04634,LOT031,WAFER4634,PKG04634,11,Burn-in,OSAT,Testing,BI-02,B,FAIL,ABNORMAL,ABNORMAL,,,,,,,,,,,,,,,,,,,124.335,3.491,,,,,1,burn_in_hours=3.491,True,True,True
2026-02-21 17:16:00,UNIT04633,LOT031,WAFER4633,PKG04633,5,Die Attach,OSAT/ATMP,Assembly,DA-01,B,FAIL,ABNORMAL,ABNORMAL,,,,,,,,,7.207,3.725,,,,,,,,,,,,,,,1,attach_force_n=7.207,True,True,True
2026-02-21 17:00:00,UNIT04632,LOT031,WAFER4632,PKG04632,5,Die Attach,OSAT/ATMP,Assembly,DA-01,A,FAIL,ABNORMAL,ABNORMAL,,,,,,,,,10.684,56.86,,,,,,,,,,,,,,,1,attach_offset_um=56.86,True,True,True
2026-02-21 16:28:00,UNIT04630,LOT031,WAFER4630,PKG04630,5,Die Attach,OSAT/ATMP,Assembly,DA-01,A,FAIL,ABNORMAL,ABNORMAL,,,,,,,,,7.729,1.772,,,,,,,,,,,,,,,1,attach_force_n=7.729,True,True,True
2026-02-21 16:09:00,UNIT04629,LOT031,WAFER4629,PKG04629,2,Wafer Sort,OSAT,Wafer Test,WS-01,B,FAIL,ABNORMAL,ABNORMAL,,,,,,9.364,,,,,,,,,,,,,,,,,,,1,sort_current_a=9.364,True,True,True
2026-02-21 15:46:00,UNIT04627,LOT031,WAFER4627,PKG04627,11,Burn-in,OSAT,Testing,BI-02,B,FAIL,ABNORMAL,ABNORMAL,,,,,,,,,,,,,,,,,,,131.085,3.527,,,,,2,burn_in_temperature_c=131.085; burn_in_hours=3.527,True,True,True
2026-02-21 15:23:00,UNIT04626,LOT031,WAFER4626,PKG04626,4,Wafer Dicing,ATMP,Wafer Processing,WD-02,C,FAIL,ABNORMAL,ABNORMAL,,,,,,,,44.552,,,,,,,,,,,,,,,,,1,kerf_width_um=44.552,True,True,True
2026-02-21 15:05:00,UNIT04625,LOT031,WAFER4625,PKG04625,2,Wafer Sort,OSAT,Wafer Test,WS-01,A,FAIL,ABNORMAL,ABNORMAL,,,,,,10.585,,,,,,,,,,,,,,,,,,,1,sort_current_a=10.585,True,True,True
2026-02-21 14:52:00,UNIT04624,LOT031,WAFER4624,PKG04624,5,Die Attach,OSAT/ATMP,Assembly,DA-02,A,FAIL,ABNORMAL,ABNORMAL,,,,,,,,,12.683,49.678,,,,,,,,,,,,,,,1,attach_force_n=12.683,True,True,True
2026-02-21 14:22:00,UNIT04622,LOT031,WAFER4622,PKG04622,7,Encapsulation / Molding,OSAT/ATMP,Packaging,MO-01,C,FAIL,ABNORMAL,ABNORMAL,,,,,,,,,,,,,185.001,121.924,5.85,,,,,,,,,,1,void_percentage=5.85,True,True,True
2026-02-21 14:14:00,UNIT04621,LOT031,WAFER4621,PKG04621,15,Final Inspection,ATMP,Final Inspection,FI-02,B,FAIL,ABNORMAL,ABNORMAL,,,,,,,,,,,,,,,,91.45,,10.221,,,,,,,1,package_dimension_mm=10.221,True,True,True
2026-02-21 13:44:00,UNIT04620,LOT031,WAFER4620,PKG04620,1,Wafer Inspection,ATMP,Wafer Metrology,WI-01,B,FAIL,ABNORMAL,ABNORMAL,728.604,-0.538,14.628,34.998,104.577,,,,,,,,,,,,,,,,,,,,1,ttv_um=-0.538,True,True,True
2026-02-21 13:30:00,UNIT04619,LOT031,WAFER4619,PKG04619,3,Back Grinding,ATMP,Wafer Processing,BG-01,C,FAIL,ABNORMAL,ABNORMAL,773.768,,,,,,-0.504,,,,,,,,,,,,,,,,,,1,thickness_variation_um=-0.504,True,True,True
2026-02-21 13:18:00,UNIT04618,LOT031,WAFER4618,PKG04618,7,Encapsulation / Molding,OSAT/ATMP,Packaging,MO-01,B,FAIL,ABNORMAL,ABNORMAL,,,,,,,,,,,,,180.657,132.909,-0.964,,,,,,,,,,1,void_percentage=-0.964,True,True,True
2026-02-21 13:01:00,UNIT04617,LOT031,WAFER4617,PKG04617,6,Wire Bonding,OSAT/ATMP,Assembly,WB-02,B,FAIL,ABNORMAL,ABNORMAL,,,,,,,,,,,65.848,10.619,,,,,,,,,,,,,1,bond_pull_strength_gf=10.619,True,True,True
2026-02-21 12:45:00,UNIT04616,LOT031,WAFER4616,PKG04616,6,Wire Bonding,OSAT/ATMP,Assembly,WB-01,C,FAIL,ABNORMAL,ABNORMAL,,,,,,,,,,,68.089,10.29,,,,,,,,,,,,,1,bond_pull_strength_gf=10.29,True,True,True
2026-02-21 11:52:00,UNIT04613,LOT031,WAFER4613,PKG04613,1,Wafer Inspection,ATMP,Wafer Metrology,WI-01,C,FAIL,ABNORMAL,ABNORMAL,751.068,2.005,39.414,57.68,110.895,,,,,,,,,,,,,,,,,,,,1,warp_um=57.68,True,True,True
2026-02-21 11:37:00,UNIT04612,LOT031,WAFER4612,PKG04612,2,Wafer Sort,OSAT,Wafer Test,WS-01,A,FAIL,ABNORMAL,ABNORMAL,,,,,,9.365,,,,,,,,,,,,,,,,,,,1,sort_current_a=9.365,True,True,True
2026-02-21 11:25:00,UNIT04611,LOT031,WAFER4611,PKG04611,6,Wire Bonding,OSAT/ATMP,Assembly,WB-02,B,FAIL,ABNORMAL,ABNORMAL,,,,,,,,,,,67.133,10.445,,,,,,,,,,,,,1,bond_pull_strength_gf=10.445,True,True,True
2026-02-21 10:55:00,UNIT04609,LOT031,WAFER4609,PKG04609,8,Marking,ATMP,Package Marking,MK-01,A,FAIL,ABNORMAL,ABNORMAL,,,,,,,,,,,,,,,,100.602,,,,,,,,,1,marking_quality_score=100.602,True,True,True
2026-02-21 10:32:00,UNIT04608,LOT031,WAFER4608,PKG04608,1,Wafer Inspection,ATMP,Wafer Metrology,WI-02,C,FAIL,ABNORMAL,ABNORMAL,724.743,5.485,12.05,40.883,98.965,,,,,,,,,,,,,,,,,,,,1,ttv_um=5.485,True,True,True
2026-02-21 10:16:00,UNIT04607,LOT031,WAFER4607,PKG04607,1,Wafer Inspection,ATMP,Wafer Metrology,WI-01,B,FAIL,ABNORMAL,ABNORMAL,737.241,1.302,6.237,1.161,121.547,,,,,,,,,,,,,,,,,,,,1,tape_thickness_um=121.547,True,True,True
2026-02-21 10:10:00,UNIT04606,LOT031,WAFER4606,PKG04606,11,Burn-in,OSAT,Testing,BI-01,B,FAIL,ABNORMAL,ABNORMAL,,,,,,,,,,,,,,,,,,,118.325,6.095,,,,,1,burn_in_temperature_c=118.325,True,True,True
2026-02-21 09:28:00,UNIT04604,LOT031,WAFER4604,PKG04604,1,Wafer Inspection,ATMP,Wafer Metrology,WI-02,A,FAIL,ABNORMAL,ABNORMAL,727.308,2.636,19.374,59.797,99.468,,,,,,,,,,,,,,,,,,,,1,warp_um=59.797,True,True,True
2026-02-21 09:17:00,UNIT04603,LOT031,WAFER4603,PKG04603,6,Wire Bonding,OSAT/ATMP,Assembly,WB-01,B,FAIL,ABNORMAL,ABNORMAL,,,,,,,,,,,61.305,10.639,,,,,,,,,,,,,1,bond_pull_strength_gf=10.639,True,True,True
2026-02-21 08:30:00,UNIT04600,LOT031,WAFER4600,PKG04600,7,Encapsulation / Molding,OSAT/ATMP,Packaging,MO-02,B,FAIL,ABNORMAL,ABNORMAL,,,,,,,,,,,,,180.017,140.617,2.806,,,,,,,,,,1,mold_cure_time_s=140.617,True,True,True
2026-02-21 08:08:00,UNIT04599,LOT031,WAFER4599,PKG04599,1,Wafer Inspection,ATMP,Wafer Metrology,WI-01,B,FAIL,ABNORMAL,ABNORMAL,771.005,1.492,8.69,-0.527,97.64,,,,,,,,,,,,,,,,,,,,1,warp_um=-0.527,True,True,True
2026-02-21 07:52:00,UNIT04598,LOT031,WAFER4598,PKG04598,1,Wafer Inspection,ATMP,Wafer Metrology,WI-02,C,FAIL,ABNORMAL,ABNORMAL,713.332,4.655,1.306,45.41,76.378,,,,,,,,,,,,,,,,,,,,1,tape_thickness_um=76.378,True,True,True
2026-02-21 07:41:00,UNIT04597,LOT031,WAFER4597,PKG04597,6,Wire Bonding,OSAT/ATMP,Assembly,WB-02,A,FAIL,ABNORMAL,ABNORMAL,,,,,,,,,,,62.164,4.637,,,,,,,,,,,,,1,bond_pull_strength_gf=4.637,True,True,True
2026-02-21 07:20:00,UNIT04596,LOT031,WAFER4596,PKG04596,1,Wafer Inspection,ATMP,Wafer Metrology,WI-01,A,FAIL,ABNORMAL,ABNORMAL,804.476,0.693,40.609,29.295,118.067,,,,,,,,,,,,,,,,,,,,1,wafer_thickness_um=804.476,True,True,True
2026-02-21 07:19:00,UNIT04595,LOT031,WAFER4595,PKG04595,16,Packing / Dispatch,ATMP,Packaging,PK-02,B,FAIL,ABNORMAL,ABNORMAL,,,,,,,,,,,,,,,,,,,,,,,,10.674,1,packaging_damage_score=10.674,True,True,True
2026-02-21 06:57:00,UNIT04594,LOT031,WAFER4594,PKG04594,10,Package Inspection,OSAT/ATMP,Package Inspection,PI-02,A,FAIL,ABNORMAL,ABNORMAL,,,,,,,,,,,,,,,,,,10.236,,,,,,,1,package_dimension_mm=10.236,True,True,True
2026-02-21 06:32:00,UNIT04593,LOT031,WAFER4593,PKG04593,1,Wafer Inspection,ATMP,Wafer Metrology,WI-01,C,FAIL,ABNORMAL,ABNORMAL,740.121,2.596,8.36,54.707,97.443,,,,,,,,,,,,,,,,,,,,1,warp_um=54.707,True,True,True
2026-02-21 06:12:00,UNIT04591,LOT031,WAFER4591,PKG04591,13,FCT,OSAT,Functional Testing,FCT-02,C,FAIL,ABNORMAL,ABNORMAL,,,,,,,,,,,,,,,,,,,,,,3.56,,,1,fct_voltage_v=3.56,True,True,True
2026-02-21 05:56:00,UNIT04590,LOT031,WAFER4590,PKG04590,13,FCT,OSAT,Functional Testing,FCT-01,B,FAIL,ABNORMAL,ABNORMAL,,,,,,,,,,,,,,,,,,,,,,3.078,,,1,fct_voltage_v=3.078,True,True,True
2026-02-21 05:33:00,UNIT04589,LOT031,WAFER4589,PKG04589,6,Wire Bonding,OSAT/ATMP,Assembly,WB-01,B,FAIL,ABNORMAL,ABNORMAL,,,,,,,,,,,70.859,9.952,,,,,,,,,,,,,1,wire_bond_force_n=70.859,True,True,True
2026-02-21 05:18:00,UNIT04588,LOT031,WAFER4588,PKG04588,7,Encapsulation / Molding,OSAT/ATMP,Packaging,MO-02,C,FAIL,ABNORMAL,ABNORMAL,,,,,,,,,,,,,168.729,122.484,0.586,,,,,,,,,,1,mold_temperature_c=168.729,True,True,True
2026-02-21 04:56:00,UNIT04587,LOT031,WAFER4587,PKG04587,1,Wafer Inspection,ATMP,Wafer Metrology,WI-02,A,FAIL,ABNORMAL,ABNORMAL,783.051,5.197,1.756,1.438,77.265,,,,,,,,,,,,,,,,,,,,2,ttv_um=5.197; tape_thickness_um=77.265,True,True,True
2026-02-21 04:24:00,UNIT04585,LOT031,WAFER4585,PKG04585,1,Wafer Inspection,ATMP,Wafer Metrology,WI-02,C,FAIL,ABNORMAL,ABNORMAL,763.102,0.232,6.895,-0.677,88.925,,,,,,,,,,,,,,,,,,,,1,warp_um=-0.677,True,True,True
2026-02-21 04:10:00,UNIT04584,LOT031,WAFER4584,PKG04584,3,Back Grinding,ATMP,Wafer Processing,BG-01,B,FAIL,ABNORMAL,ABNORMAL,707.655,,,,,,-0.516,,,,,,,,,,,,,,,,,,1,thickness_variation_um=-0.516,True,True,True
2026-02-21 03:52:00,UNIT04583,LOT031,WAFER4583,PKG04583,1,Wafer Inspection,ATMP,Wafer Metrology,WI-01,B,FAIL,ABNORMAL,ABNORMAL,695.253,1.628,50.71,9.488,106.302,,,,,,,,,,,,,,,,,,,,2,wafer_thickness_um=695.253; bow_um=50.71,True,True,True
2026-02-21 03:49:00,UNIT04582,LOT031,WAFER4582,PKG04582,14,EOL,OSAT,Final Testing,EOL-02,A,FAIL,ABNORMAL,ABNORMAL,,,,,,,,,,,,,,,,,,,,,,,100.405,,1,eol_temperature_c=100.405,True,True,True
2026-02-21 03:29:00,UNIT04581,LOT031,WAFER4581,PKG04581,10,Package Inspection,OSAT/ATMP,Package Inspection,PI-01,C,FAIL,ABNORMAL,ABNORMAL,,,,,,,,,,,,,,,,,,10.251,,,,,,,1,package_dimension_mm=10.251,True,True,True
2026-02-21 03:06:00,UNIT04580,LOT031,WAFER4580,PKG04580,3,Back Grinding,ATMP,Wafer Processing,BG-02,A,FAIL,ABNORMAL,ABNORMAL,790.585,,,,,,-0.639,,,,,,,,,,,,,,,,,,1,thickness_variation_um=-0.639,True,True,True
2026-02-21 02:48:00,UNIT04579,LOT031,WAFER4579,PKG04579,1,Wafer Inspection,ATMP,Wafer Metrology,WI-01,B,FAIL,ABNORMAL,ABNORMAL,724.33,4.748,36.174,-9.096,88.918,,,,,,,,,,,,,,,,,,,,1,warp_um=-9.096,True,True,True
2026-02-21 02:41:00,UNIT04578,LOT031,WAFER4578,PKG04578,10,Package Inspection,OSAT/ATMP,Package Inspection,PI-01,B,FAIL,ABNORMAL,ABNORMAL,,,,,,,,,,,,,,,,,,10.217,,,,,,,1,package_dimension_mm=10.217,True,True,True
2026-02-21 02:20:00,UNIT04577,LOT031,WAFER4577,PKG04577,5,Die Attach,OSAT/ATMP,Assembly,DA-02,B,FAIL,ABNORMAL,ABNORMAL,,,,,,,,,7.884,28.686,,,,,,,,,,,,,,,1,attach_force_n=7.884,True,True,True
2026-02-21 02:00:00,UNIT04576,LOT031,WAFER4576,PKG04576,1,Wafer Inspection,ATMP,Wafer Metrology,WI-01,A,FAIL,ABNORMAL,ABNORMAL,767.891,4.554,21.054,32.796,79.347,,,,,,,,,,,,,,,,,,,,1,tape_thickness_um=79.347,True,True,True
2026-02-21 01:49:00,UNIT04575,LOT031,WAFER4575,PKG04575,6,Wire Bonding,OSAT/ATMP,Assembly,WB-02,C,FAIL,ABNORMAL,ABNORMAL,,,,,,,,,,,71.191,7.708,,,,,,,,,,,,,1,wire_bond_force_n=71.191,True,True,True
2026-02-21 01:30:00,UNIT04574,LOT031,WAFER4574,PKG04574,3,Back Grinding,ATMP,Wafer Processing,BG-01,A,FAIL,ABNORMAL,ABNORMAL,696.923,,,,,,4.272,,,,,,,,,,,,,,,,,,1,wafer_thickness_um=696.923,True,True,True
2026-02-21 01:22:00,UNIT04573,LOT031,WAFER4573,PKG04573,11,Burn-in,OSAT,Testing,BI-02,C,FAIL,ABNORMAL,ABNORMAL,,,,,,,,,,,,,,,,,,,119.781,5.932,,,,,1,burn_in_temperature_c=119.781,True,True,True
2026-02-21 01:08:00,UNIT04572,LOT031,WAFER4572,PKG04572,13,FCT,OSAT,Functional Testing,FCT-01,C,FAIL,ABNORMAL,ABNORMAL,,,,,,,,,,,,,,,,,,,,,,3.52,,,1,fct_voltage_v=3.52,True,True,True
2026-02-21 00:09:00,UNIT04569,LOT031,WAFER4569,PKG04569,2,Wafer Sort,OSAT,Wafer Test,WS-02,C,FAIL,ABNORMAL,ABNORMAL,,,,,,9.429,,,,,,,,,,,,,,,,,,,1,sort_current_a=9.429,True,True,True
2026-02-20 23:57:00,UNIT04568,LOT031,WAFER4568,PKG04568,6,Wire Bonding,OSAT/ATMP,Assembly,WB-01,C,FAIL,ABNORMAL,ABNORMAL,,,,,,,,,,,71.335,6.53,,,,,,,,,,,,,1,wire_bond_force_n=71.335,True,True,True
2026-02-20 23:21:00,UNIT04566,LOT031,WAFER4566,PKG04566,2,Wafer Sort,OSAT,Wafer Test,WS-02,B,FAIL,ABNORMAL,ABNORMAL,,,,,,9.399,,,,,,,,,,,,,,,,,,,1,sort_current_a=9.399,True,True,True
2026-02-20 23:06:00,UNIT04565,LOT031,WAFER4565,PKG04565,3,Back Grinding,ATMP,Wafer Processing,BG-02,B,FAIL,ABNORMAL,ABNORMAL,805.109,,,,,,1.634,,,,,,,,,,,,,,,,,,1,wafer_thickness_um=805.109,True,True,True
2026-02-20 22:48:00,UNIT04564,LOT031,WAFER4564,PKG04564,1,Wafer Inspection,ATMP,Wafer Metrology,WI-01,A,FAIL,ABNORMAL,ABNORMAL,692.73,1.206,33.532,13.822,97.601,,,,,,,,,,,,,,,,,,,,1,wafer_thickness_um=692.73,True,True,True
2026-02-20 22:18:00,UNIT04562,LOT031,WAFER4562,PKG04562,3,Back Grinding,ATMP,Wafer Processing,BG-01,B,FAIL,ABNORMAL,ABNORMAL,689.066,,,,,,2.098,,,,,,,,,,,,,,,,,,1,wafer_thickness_um=689.066,True,True,True
2026-02-20 22:07:00,UNIT04561,LOT031,WAFER4561,PKG04561,8,Marking,ATMP,Package Marking,MK-01,C,FAIL,ABNORMAL,ABNORMAL,,,,,,,,,,,,,,,,89.073,,,,,,,,,1,marking_quality_score=89.073,True,True,True
2026-02-20 21:29:00,UNIT04559,LOT031,WAFER4559,PKG04559,2,Wafer Sort,OSAT,Wafer Test,WS-01,C,FAIL,ABNORMAL,ABNORMAL,,,,,,9.357,,,,,,,,,,,,,,,,,,,1,sort_current_a=9.357,True,True,True
2026-02-20 20:56:00,UNIT04557,LOT031,WAFER4557,PKG04557,1,Wafer Inspection,ATMP,Wafer Metrology,WI-02,B,FAIL,ABNORMAL,ABNORMAL,790.644,3.266,31.424,17.997,73.193,,,,,,,,,,,,,,,,,,,,1,tape_thickness_um=73.193,True,True,True
2026-02-20 20:52:00,UNIT04556,LOT031,WAFER4556,PKG04556,13,FCT,OSAT,Functional Testing,FCT-02,C,FAIL,ABNORMAL,ABNORMAL,,,,,,,,,,,,,,,,,,,,,,3.094,,,1,fct_voltage_v=3.094,True,True,True
2026-02-20 20:32:00,UNIT04555,LOT031,WAFER4555,PKG04555,9,Singulation,ATMP,Package Processing,SG-02,A,FAIL,ABNORMAL,ABNORMAL,,,,,,,,,,,,,,,,,11.034,,,,,,,,1,singulation_damage_score=11.034,True,True,True
2026-02-20 20:18:00,UNIT04554,LOT031,WAFER4554,PKG04554,11,Burn-in,OSAT,Testing,BI-02,B,FAIL,ABNORMAL,ABNORMAL,,,,,,,,,,,,,,,,,,,118.793,5.051,,,,,1,burn_in_temperature_c=118.793,True,True,True
2026-02-20 19:46:00,UNIT04552,LOT031,WAFER4552,PKG04552,11,Burn-in,OSAT,Testing,BI-02,B,FAIL,ABNORMAL,ABNORMAL,,,,,,,,,,,,,,,,,,,121.824,8.168,,,,,1,burn_in_hours=8.168,True,True,True
2026-02-20 19:25:00,UNIT04551,LOT031,WAFER4551,PKG04551,6,Wire Bonding,OSAT/ATMP,Assembly,WB-02,C,FAIL,ABNORMAL,ABNORMAL,,,,,,,,,,,71.86,6.694,,,,,,,,,,,,,1,wire_bond_force_n=71.86,True,True,True
2026-02-20 19:04:00,UNIT04550,LOT031,WAFER4550,PKG04550,1,Wafer Inspection,ATMP,Wafer Metrology,WI-02,A,FAIL,ABNORMAL,ABNORMAL,802.842,1.442,2.451,25.091,105.987,,,,,,,,,,,,,,,,,,,,1,wafer_thickness_um=802.842,True,True,True
2026-02-20 18:32:00,UNIT04548,LOT031,WAFER4548,PKG04548,1,Wafer Inspection,ATMP,Wafer Metrology,WI-01,B,FAIL,ABNORMAL,ABNORMAL,739.938,2.672,-5.875,21.012,88.125,,,,,,,,,,,,,,,,,,,,1,bow_um=-5.875,True,True,True
2026-02-20 18:16:00,UNIT04547,LOT031,WAFER4547,PKG04547,1,Wafer Inspection,ATMP,Wafer Metrology,WI-02,A,FAIL,ABNORMAL,ABNORMAL,728.142,4.399,37.26,-5.168,93.911,,,,,,,,,,,,,,,,,,,,1,warp_um=-5.168,True,True,True
2026-02-20 18:04:00,UNIT04546,LOT031,WAFER4546,PKG04546,5,Die Attach,OSAT/ATMP,Assembly,DA-01,A,FAIL,ABNORMAL,ABNORMAL,,,,,,,,,12.691,43.334,,,,,,,,,,,,,,,1,attach_force_n=12.691,True,True,True
2026-02-20 17:50:00,UNIT04545,LOT031,WAFER4545,PKG04545,7,Encapsulation / Molding,OSAT/ATMP,Packaging,MO-01,B,FAIL,ABNORMAL,ABNORMAL,,,,,,,,,,,,,187.067,93.306,4.72,,,,,,,,,,1,mold_cure_time_s=93.306,True,True,True
2026-02-20 17:39:00,UNIT04544,LOT031,WAFER4544,PKG04544,12,ICT,OSAT,Electrical Testing,ICT-02,B,FAIL,ABNORMAL,ABNORMAL,,,,,,,,,,,,,,,,,,,,,10.563,,,,1,ict_current_a=10.563,True,True,True
2026-02-20 17:13:00,UNIT04543,LOT031,WAFER4543,PKG04543,2,Wafer Sort,OSAT,Wafer Test,WS-01,B,FAIL,ABNORMAL,ABNORMAL,,,,,,9.446,,,,,,,,,,,,,,,,,,,1,sort_current_a=9.446,True,True,True
2026-02-20 17:11:00,UNIT04542,LOT031,WAFER4542,PKG04542,16,Packing / Dispatch,ATMP,Packaging,PK-02,B,FAIL,ABNORMAL,ABNORMAL,,,,,,,,,,,,,,,,,,,,,,,,11.53,1,packaging_damage_score=11.53,True,True,True
2026-02-20 16:42:00,UNIT04541,LOT031,WAFER4541,PKG04541,3,Back Grinding,ATMP,Wafer Processing,BG-01,A,FAIL,ABNORMAL,ABNORMAL,814.648,,,,,,1.99,,,,,,,,,,,,,,,,,,1,wafer_thickness_um=814.648,True,True,True
2026-02-20 16:21:00,UNIT04539,LOT031,WAFER4539,PKG04539,14,EOL,OSAT,Final Testing,EOL-02,B,FAIL,ABNORMAL,ABNORMAL,,,,,,,,,,,,,,,,,,,,,,,77.35,,1,eol_temperature_c=77.35,True,True,True
2026-02-20 15:53:00,UNIT04538,LOT031,WAFER4538,PKG04538,2,Wafer Sort,OSAT,Wafer Test,WS-02,C,FAIL,ABNORMAL,ABNORMAL,,,,,,9.452,,,,,,,,,,,,,,,,,,,1,sort_current_a=9.452,True,True,True
2026-02-20 15:26:00,UNIT04536,LOT031,WAFER4536,PKG04536,7,Encapsulation / Molding,OSAT/ATMP,Packaging,MO-02,A,FAIL,ABNORMAL,ABNORMAL,,,,,,,,,,,,,173.982,143.963,3.176,,,,,,,,,,1,mold_cure_time_s=143.963,True,True,True
2026-02-20 15:10:00,UNIT04535,LOT031,WAFER4535,PKG04535,7,Encapsulation / Molding,OSAT/ATMP,Packaging,MO-02,B,FAIL,ABNORMAL,ABNORMAL,,,,,,,,,,,,,166.386,109.174,1.223,,,,,,,,,,1,mold_temperature_c=166.386,True,True,True
2026-02-20 14:48:00,UNIT04534,LOT031,WAFER4534,PKG04534,1,Wafer Inspection,ATMP,Wafer Metrology,WI-02,C,FAIL,ABNORMAL,ABNORMAL,684.246,4.191,27.095,11.998,95.941,,,,,,,,,,,,,,,,,,,,1,wafer_thickness_um=684.246,True,True,True
2026-02-20 14:32:00,UNIT04533,LOT031,WAFER4533,PKG04533,1,Wafer Inspection,ATMP,Wafer Metrology,WI-02,C,FAIL,ABNORMAL,ABNORMAL,790.529,4.57,45.869,8.914,79.168,,,,,,,,,,,,,,,,,,,,1,tape_thickness_um=79.168,True,True,True
2026-02-20 14:16:00,UNIT04532,LOT031,WAFER4532,PKG04532,1,Wafer Inspection,ATMP,Wafer Metrology,WI-02,C,FAIL,ABNORMAL,ABNORMAL,694.45,1.849,13.703,19.628,118.032,,,,,,,,,,,,,,,,,,,,1,wafer_thickness_um=694.45,True,True,True
2026-02-20 14:00:00,UNIT04531,LOT031,WAFER4531,PKG04531,1,Wafer Inspection,ATMP,Wafer Metrology,WI-02,A,FAIL,ABNORMAL,ABNORMAL,696.884,0.239,25.617,36.013,91.037,,,,,,,,,,,,,,,,,,,,1,wafer_thickness_um=696.884,True,True,True
2026-02-20 13:28:00,UNIT04529,LOT031,WAFER4529,PKG04529,1,Wafer Inspection,ATMP,Wafer Metrology,WI-02,A,FAIL,ABNORMAL,ABNORMAL,708.671,5.164,29.016,55.458,117.651,,,,,,,,,,,,,,,,,,,,2,ttv_um=5.164; warp_um=55.458,True,True,True
2026-02-20 13:23:00,UNIT04528,LOT031,WAFER4528,PKG04528,12,ICT,OSAT,Electrical Testing,ICT-02,A,FAIL,ABNORMAL,ABNORMAL,,,,,,,,,,,,,,,,,,,,,9.35,,,,1,ict_current_a=9.35,True,True,True
2026-02-20 12:59:00,UNIT04527,LOT031,WAFER4527,PKG04527,4,Wafer Dicing,ATMP,Wafer Processing,WD-02,A,FAIL,ABNORMAL,ABNORMAL,,,,,,,,43.162,,,,,,,,,,,,,,,,,1,kerf_width_um=43.162,True,True,True
2026-02-20 12:27:00,UNIT04525,LOT031,WAFER4525,PKG04525,4,Wafer Dicing,ATMP,Wafer Processing,WD-01,A,FAIL,ABNORMAL,ABNORMAL,,,,,,,,55.421,,,,,,,,,,,,,,,,,1,kerf_width_um=55.421,True,True,True
2026-02-20 12:08:00,UNIT04524,LOT031,WAFER4524,PKG04524,1,Wafer Inspection,ATMP,Wafer Metrology,WI-02,C,FAIL,ABNORMAL,ABNORMAL,734.013,3.039,47.068,10.708,126.858,,,,,,,,,,,,,,,,,,,,1,tape_thickness_um=126.858,True,True,True
2026-02-20 12:02:00,UNIT04523,LOT031,WAFER4523,PKG04523,11,Burn-in,OSAT,Testing,BI-01,C,FAIL,ABNORMAL,ABNORMAL,,,,,,,,,,,,,,,,,,,130.422,7.846,,,,,1,burn_in_temperature_c=130.422,True,True,True
2026-02-20 11:20:00,UNIT04521,LOT031,WAFER4521,PKG04521,1,Wafer Inspection,ATMP,Wafer Metrology,WI-02,A,FAIL,ABNORMAL,ABNORMAL,724.38,1.126,-3.021,47.791,99.609,,,,,,,,,,,,,,,,,,,,1,bow_um=-3.021,True,True,True
2026-02-20 11:18:00,UNIT04520,LOT031,WAFER4520,PKG04520,15,Final Inspection,ATMP,Final Inspection,FI-02,C,FAIL,ABNORMAL,ABNORMAL,,,,,,,,,,,,,,,,92.824,,9.736,,,,,,,1,package_dimension_mm=9.736,True,True,True
2026-02-20 10:54:00,UNIT04519,LOT031,WAFER4519,PKG04519,7,Encapsulation / Molding,OSAT/ATMP,Packaging,MO-02,A,FAIL,ABNORMAL,ABNORMAL,,,,,,,,,,,,,180.631,130.103,-0.207,,,,,,,,,,1,void_percentage=-0.207,True,True,True
2026-02-20 10:36:00,UNIT04518,LOT031,WAFER4518,PKG04518,5,Die Attach,OSAT/ATMP,Assembly,DA-02,B,FAIL,ABNORMAL,ABNORMAL,,,,,,,,,10.948,-0.912,,,,,,,,,,,,,,,1,attach_offset_um=-0.912,True,True,True
2026-02-20 10:19:00,UNIT04517,LOT031,WAFER4517,PKG04517,4,Wafer Dicing,ATMP,Wafer Processing,WD-01,B,FAIL,ABNORMAL,ABNORMAL,,,,,,,,55.525,,,,,,,,,,,,,,,,,1,kerf_width_um=55.525,True,True,True
2026-02-20 09:34:00,UNIT04514,LOT031,WAFER4514,PKG04514,7,Encapsulation / Molding,OSAT/ATMP,Packaging,MO-02,B,FAIL,ABNORMAL,ABNORMAL,,,,,,,,,,,,,182.679,92.58,5.819,,,,,,,,,,2,mold_cure_time_s=92.58; void_percentage=5.819,True,True,True
2026-02-20 09:17:00,UNIT04513,LOT031,WAFER4513,PKG04513,6,Wire Bonding,OSAT/ATMP,Assembly,WB-01,B,FAIL,ABNORMAL,ABNORMAL,,,,,,,,,,,63.059,10.654,,,,,,,,,,,,,1,bond_pull_strength_gf=10.654,True,True,True
2026-02-20 08:59:00,UNIT04512,LOT031,WAFER4512,PKG04512,4,Wafer Dicing,ATMP,Wafer Processing,WD-02,B,FAIL,ABNORMAL,ABNORMAL,,,,,,,,43.965,,,,,,,,,,,,,,,,,1,kerf_width_um=43.965,True,True,True
2026-02-20 08:24:00,UNIT04510,LOT031,WAFER4510,PKG04510,1,Wafer Inspection,ATMP,Wafer Metrology,WI-02,C,FAIL,ABNORMAL,ABNORMAL,719.075,3.305,-7.997,15.894,85.711,,,,,,,,,,,,,,,,,,,,1,bow_um=-7.997,True,True,True
2026-02-20 07:53:00,UNIT04508,LOT031,WAFER4508,PKG04508,2,Wafer Sort,OSAT,Wafer Test,WS-02,A,FAIL,ABNORMAL,ABNORMAL,,,,,,9.341,,,,,,,,,,,,,,,,,,,1,sort_current_a=9.341,True,True,True
2026-02-20 07:40:00,UNIT04507,LOT031,WAFER4507,PKG04507,5,Die Attach,OSAT/ATMP,Assembly,DA-02,C,FAIL,ABNORMAL,ABNORMAL,,,,,,,,,11.362,-6.428,,,,,,,,,,,,,,,1,attach_offset_um=-6.428,True,True,True
2026-02-20 07:26:00,UNIT04506,LOT031,WAFER4506,PKG04506,7,Encapsulation / Molding,OSAT/ATMP,Packaging,MO-01,C,FAIL,ABNORMAL,ABNORMAL,,,,,,,,,,,,,192.57,110.577,2.632,,,,,,,,,,1,mold_temperature_c=192.57,True,True,True
2026-02-20 07:04:00,UNIT04505,LOT031,WAFER4505,PKG04505,1,Wafer Inspection,ATMP,Wafer Metrology,WI-01,A,FAIL,ABNORMAL,ABNORMAL,776.453,2.837,41.243,18.008,72.155,,,,,,,,,,,,,,,,,,,,1,tape_thickness_um=72.155,True,True,True
2026-02-20 06:09:00,UNIT04501,LOT031,WAFER4501,PKG04501,10,Package Inspection,OSAT/ATMP,Package Inspection,PI-02,C,FAIL,ABNORMAL,ABNORMAL,,,,,,,,,,,,,,,,,,10.267,,,,,,,1,package_dimension_mm=10.267,True,True,True
2026-02-20 05:28:00,UNIT04499,LOT030,WAFER4499,PKG04499,1,Wafer Inspection,ATMP,Wafer Metrology,WI-02,C,FAIL,ABNORMAL,ABNORMAL,819.663,3.596,-6.673,47.631,94.614,,,,,,,,,,,,,,,,,,,,2,wafer_thickness_um=819.663; bow_um=-6.673,True,True,True
2026-02-20 05:13:00,UNIT04498,LOT030,WAFER4498,PKG04498,2,Wafer Sort,OSAT,Wafer Test,WS-01,A,FAIL,ABNORMAL,ABNORMAL,,,,,,10.63,,,,,,,,,,,,,,,,,,,1,sort_current_a=10.63,True,True,True
2026-02-20 05:05:00,UNIT04497,LOT030,WAFER4497,PKG04497,10,Package Inspection,OSAT/ATMP,Package Inspection,PI-02,C,FAIL,ABNORMAL,ABNORMAL,,,,,,,,,,,,,,,,,,10.24,,,,,,,1,package_dimension_mm=10.24,True,True,True
2026-02-20 04:44:00,UNIT04496,LOT030,WAFER4496,PKG04496,5,Die Attach,OSAT/ATMP,Assembly,DA-01,B,FAIL,ABNORMAL,ABNORMAL,,,,,,,,,7.311,39.924,,,,,,,,,,,,,,,1,attach_force_n=7.311,True,True,True
2026-02-20 04:26:00,UNIT04495,LOT030,WAFER4495,PKG04495,3,Back Grinding,ATMP,Wafer Processing,BG-02,B,FAIL,ABNORMAL,ABNORMAL,773.895,,,,,,5.193,,,,,,,,,,,,,,,,,,1,thickness_variation_um=5.193,True,True,True
2026-02-20 04:16:00,UNIT04494,LOT030,WAFER4494,PKG04494,9,Singulation,ATMP,Package Processing,SG-01,B,FAIL,ABNORMAL,ABNORMAL,,,,,,,,,,,,,,,,,-1.517,,,,,,,,1,singulation_damage_score=-1.517,True,True,True
2026-02-20 04:02:00,UNIT04493,LOT030,WAFER4493,PKG04493,11,Burn-in,OSAT,Testing,BI-02,B,FAIL,ABNORMAL,ABNORMAL,,,,,,,,,,,,,,,,,,,129.106,3.815,,,,,1,burn_in_hours=3.815,True,True,True
2026-02-20 03:40:00,UNIT04492,LOT030,WAFER4492,PKG04492,5,Die Attach,OSAT/ATMP,Assembly,DA-01,C,FAIL,ABNORMAL,ABNORMAL,,,,,,,,,7.461,30.33,,,,,,,,,,,,,,,1,attach_force_n=7.461,True,True,True
2026-02-20 03:21:00,UNIT04491,LOT030,WAFER4491,PKG04491,2,Wafer Sort,OSAT,Wafer Test,WS-02,B,FAIL,ABNORMAL,ABNORMAL,,,,,,10.663,,,,,,,,,,,,,,,,,,,1,sort_current_a=10.663,True,True,True
2026-02-20 02:39:00,UNIT04488,LOT030,WAFER4488,PKG04488,8,Marking,ATMP,Package Marking,MK-02,C,FAIL,ABNORMAL,ABNORMAL,,,,,,,,,,,,,,,,89.337,,,,,,,,,1,marking_quality_score=89.337,True,True,True
2026-02-20 02:20:00,UNIT04487,LOT030,WAFER4487,PKG04487,5,Die Attach,OSAT/ATMP,Assembly,DA-02,A,FAIL,ABNORMAL,ABNORMAL,,,,,,,,,12.607,9.885,,,,,,,,,,,,,,,1,attach_force_n=12.607,True,True,True
2026-02-20 02:06:00,UNIT04486,LOT030,WAFER4486,PKG04486,7,Encapsulation / Molding,OSAT/ATMP,Packaging,MO-01,C,FAIL,ABNORMAL,ABNORMAL,,,,,,,,,,,,,181.543,132.21,5.419,,,,,,,,,,1,void_percentage=5.419,True,True,True
2026-02-20 01:44:00,UNIT04485,LOT030,WAFER4485,PKG04485,1,Wafer Inspection,ATMP,Wafer Metrology,WI-02,A,FAIL,ABNORMAL,ABNORMAL,704.266,4.143,12.465,52.839,89.05,,,,,,,,,,,,,,,,,,,,1,warp_um=52.839,True,True,True
2026-02-20 01:33:00,UNIT04484,LOT030,WAFER4484,PKG04484,6,Wire Bonding,OSAT/ATMP,Assembly,WB-02,C,FAIL,ABNORMAL,ABNORMAL,,,,,,,,,,,62.005,4.099,,,,,,,,,,,,,1,bond_pull_strength_gf=4.099,True,True,True
2026-02-20 01:12:00,UNIT04483,LOT030,WAFER4483,PKG04483,1,Wafer Inspection,ATMP,Wafer Metrology,WI-02,B,FAIL,ABNORMAL,ABNORMAL,806.43,4.609,11.13,37.05,97.018,,,,,,,,,,,,,,,,,,,,1,wafer_thickness_um=806.43,True,True,True
2026-02-20 01:00:00,UNIT04482,LOT030,WAFER4482,PKG04482,5,Die Attach,OSAT/ATMP,Assembly,DA-02,B,FAIL,ABNORMAL,ABNORMAL,,,,,,,,,8.152,58.701,,,,,,,,,,,,,,,1,attach_offset_um=58.701,True,True,True
2026-02-20 00:07:00,UNIT04478,LOT030,WAFER4478,PKG04478,16,Packing / Dispatch,ATMP,Packaging,PK-01,A,FAIL,ABNORMAL,ABNORMAL,,,,,,,,,,,,,,,,,,,,,,,,10.401,1,packaging_damage_score=10.401,True,True,True
2026-02-19 23:50:00,UNIT04477,LOT030,WAFER4477,PKG04477,15,Final Inspection,ATMP,Final Inspection,FI-02,C,FAIL,ABNORMAL,ABNORMAL,,,,,,,,,,,,,,,,101.861,,9.883,,,,,,,1,marking_quality_score=101.861,True,True,True
2026-02-19 22:48:00,UNIT04474,LOT030,WAFER4474,PKG04474,1,Wafer Inspection,ATMP,Wafer Metrology,WI-02,B,FAIL,ABNORMAL,ABNORMAL,775.091,-0.345,9.453,48.854,100.812,,,,,,,,,,,,,,,,,,,,1,ttv_um=-0.345,True,True,True
2026-02-19 22:41:00,UNIT04473,LOT030,WAFER4473,PKG04473,10,Package Inspection,OSAT/ATMP,Package Inspection,PI-02,C,FAIL,ABNORMAL,ABNORMAL,,,,,,,,,,,,,,,,,,9.797,,,,,,,1,package_dimension_mm=9.797,True,True,True
2026-02-19 22:17:00,UNIT04472,LOT030,WAFER4472,PKG04472,2,Wafer Sort,OSAT,Wafer Test,WS-02,C,FAIL,ABNORMAL,ABNORMAL,,,,,,10.6,,,,,,,,,,,,,,,,,,,1,sort_current_a=10.6,True,True,True
2026-02-19 22:00:00,UNIT04471,LOT030,WAFER4471,PKG04471,1,Wafer Inspection,ATMP,Wafer Metrology,WI-01,B,FAIL,ABNORMAL,ABNORMAL,732.97,1.629,-3.218,48.212,88.326,,,,,,,,,,,,,,,,,,,,1,bow_um=-3.218,True,True,True
2026-02-19 21:51:00,UNIT04470,LOT030,WAFER4470,PKG04470,8,Marking,ATMP,Package Marking,MK-02,C,FAIL,ABNORMAL,ABNORMAL,,,,,,,,,,,,,,,,100.716,,,,,,,,,1,marking_quality_score=100.716,True,True,True
2026-02-19 21:38:00,UNIT04469,LOT030,WAFER4469,PKG04469,11,Burn-in,OSAT,Testing,BI-01,B,FAIL,ABNORMAL,ABNORMAL,,,,,,,,,,,,,,,,,,,124.896,8.424,,,,,1,burn_in_hours=8.424,True,True,True
2026-02-19 21:15:00,UNIT04468,LOT030,WAFER4468,PKG04468,4,Wafer Dicing,ATMP,Wafer Processing,WD-02,B,FAIL,ABNORMAL,ABNORMAL,,,,,,,,44.404,,,,,,,,,,,,,,,,,1,kerf_width_um=44.404,True,True,True
2026-02-19 20:56:00,UNIT04467,LOT030,WAFER4467,PKG04467,1,Wafer Inspection,ATMP,Wafer Metrology,WI-01,B,FAIL,ABNORMAL,ABNORMAL,775.253,5.847,19.153,8.211,83.019,,,,,,,,,,,,,,,,,,,,1,ttv_um=5.847,True,True,True
2026-02-19 20:45:00,UNIT04466,LOT030,WAFER4466,PKG04466,6,Wire Bonding,OSAT/ATMP,Assembly,WB-01,A,FAIL,ABNORMAL,ABNORMAL,,,,,,,,,,,60.731,10.166,,,,,,,,,,,,,1,bond_pull_strength_gf=10.166,True,True,True
2026-02-19 20:24:00,UNIT04465,LOT030,WAFER4465,PKG04465,1,Wafer Inspection,ATMP,Wafer Metrology,WI-01,C,FAIL,ABNORMAL,ABNORMAL,758.328,3.466,18.007,54.244,103.451,,,,,,,,,,,,,,,,,,,,1,warp_um=54.244,True,True,True
2026-02-19 20:11:00,UNIT04464,LOT030,WAFER4464,PKG04464,4,Wafer Dicing,ATMP,Wafer Processing,WD-02,C,FAIL,ABNORMAL,ABNORMAL,,,,,,,,44.449,,,,,,,,,,,,,,,,,1,kerf_width_um=44.449,True,True,True
2026-02-19 19:20:00,UNIT04461,LOT030,WAFER4461,PKG04461,1,Wafer Inspection,ATMP,Wafer Metrology,WI-01,B,FAIL,ABNORMAL,ABNORMAL,701.475,1.699,-2.221,38.153,115.496,,,,,,,,,,,,,,,,,,,,1,bow_um=-2.221,True,True,True
2026-02-19 18:52:00,UNIT04459,LOT030,WAFER4459,PKG04459,5,Die Attach,OSAT/ATMP,Assembly,DA-01,A,FAIL,ABNORMAL,ABNORMAL,,,,,,,,,12.491,43.52,,,,,,,,,,,,,,,1,attach_force_n=12.491,True,True,True
2026-02-19 18:41:00,UNIT04458,LOT030,WAFER4458,PKG04458,10,Package Inspection,OSAT/ATMP,Package Inspection,PI-02,A,FAIL,ABNORMAL,ABNORMAL,,,,,,,,,,,,,,,,,,10.214,,,,,,,1,package_dimension_mm=10.214,True,True,True
2026-02-19 18:26:00,UNIT04457,LOT030,WAFER4457,PKG04457,11,Burn-in,OSAT,Testing,BI-02,B,FAIL,ABNORMAL,ABNORMAL,,,,,,,,,,,,,,,,,,,128.775,8.333,,,,,1,burn_in_hours=8.333,True,True,True
2026-02-19 18:01:00,UNIT04456,LOT030,WAFER4456,PKG04456,2,Wafer Sort,OSAT,Wafer Test,WS-02,C,FAIL,ABNORMAL,ABNORMAL,,,,,,9.423,,,,,,,,,,,,,,,,,,,1,sort_current_a=9.423,True,True,True
2026-02-19 17:49:00,UNIT04455,LOT030,WAFER4455,PKG04455,6,Wire Bonding,OSAT/ATMP,Assembly,WB-02,B,FAIL,ABNORMAL,ABNORMAL,,,,,,,,,,,59.272,7.026,,,,,,,,,,,,,1,wire_bond_force_n=59.272,True,True,True
2026-02-19 17:30:00,UNIT04454,LOT030,WAFER4454,PKG04454,3,Back Grinding,ATMP,Wafer Processing,BG-02,C,FAIL,ABNORMAL,ABNORMAL,697.468,,,,,,3.376,,,,,,,,,,,,,,,,,,1,wafer_thickness_um=697.468,True,True,True
2026-02-19 17:12:00,UNIT04453,LOT030,WAFER4453,PKG04453,1,Wafer Inspection,ATMP,Wafer Metrology,WI-02,B,FAIL,ABNORMAL,ABNORMAL,689.962,3.636,43.651,14.265,73.469,,,,,,,,,,,,,,,,,,,,2,wafer_thickness_um=689.962; tape_thickness_um=73.469,True,True,True
2026-02-19 16:58:00,UNIT04452,LOT030,WAFER4452,PKG04452,3,Back Grinding,ATMP,Wafer Processing,BG-01,C,FAIL,ABNORMAL,ABNORMAL,742.852,,,,,,-0.43,,,,,,,,,,,,,,,,,,1,thickness_variation_um=-0.43,True,True,True
2026-02-19 16:25:00,UNIT04450,LOT030,WAFER4450,PKG04450,2,Wafer Sort,OSAT,Wafer Test,WS-01,C,FAIL,ABNORMAL,ABNORMAL,,,,,,10.601,,,,,,,,,,,,,,,,,,,1,sort_current_a=10.601,True,True,True
2026-02-19 15:56:00,UNIT04448,LOT030,WAFER4448,PKG04448,5,Die Attach,OSAT/ATMP,Assembly,DA-02,A,FAIL,ABNORMAL,ABNORMAL,,,,,,,,,10.652,-0.566,,,,,,,,,,,,,,,1,attach_offset_um=-0.566,True,True,True
2026-02-19 15:44:00,UNIT04447,LOT030,WAFER4447,PKG04447,9,Singulation,ATMP,Package Processing,SG-02,C,FAIL,ABNORMAL,ABNORMAL,,,,,,,,,,,,,,,,,11.469,,,,,,,,1,singulation_damage_score=11.469,True,True,True
2026-02-19 15:23:00,UNIT04446,LOT030,WAFER4446,PKG04446,4,Wafer Dicing,ATMP,Wafer Processing,WD-01,B,FAIL,ABNORMAL,ABNORMAL,,,,,,,,56.136,,,,,,,,,,,,,,,,,1,kerf_width_um=56.136,True,True,True
2026-02-19 15:04:00,UNIT04445,LOT030,WAFER4445,PKG04445,1,Wafer Inspection,ATMP,Wafer Metrology,WI-01,B,FAIL,ABNORMAL,ABNORMAL,784.601,0.028,-1.591,7.549,93.315,,,,,,,,,,,,,,,,,,,,1,bow_um=-1.591,True,True,True
2026-02-19 14:50:00,UNIT04444,LOT030,WAFER4444,PKG04444,3,Back Grinding,ATMP,Wafer Processing,BG-01,B,FAIL,ABNORMAL,ABNORMAL,709.049,,,,,,5.855,,,,,,,,,,,,,,,,,,1,thickness_variation_um=5.855,True,True,True
2026-02-19 14:16:00,UNIT04442,LOT030,WAFER4442,PKG04442,1,Wafer Inspection,ATMP,Wafer Metrology,WI-02,C,FAIL,ABNORMAL,ABNORMAL,735.094,4.428,16.99,59.779,80.625,,,,,,,,,,,,,,,,,,,,1,warp_um=59.779,True,True,True
2026-02-19 14:03:00,UNIT04441,LOT030,WAFER4441,PKG04441,4,Wafer Dicing,ATMP,Wafer Processing,WD-01,B,FAIL,ABNORMAL,ABNORMAL,,,,,,,,44.246,,,,,,,,,,,,,,,,,1,kerf_width_um=44.246,True,True,True
2026-02-19 13:50:00,UNIT04440,LOT030,WAFER4440,PKG04440,7,Encapsulation / Molding,OSAT/ATMP,Packaging,MO-01,C,FAIL,ABNORMAL,ABNORMAL,,,,,,,,,,,,,188.347,147.574,2.846,,,,,,,,,,1,mold_cure_time_s=147.574,True,True,True
2026-02-19 13:36:00,UNIT04439,LOT030,WAFER4439,PKG04439,9,Singulation,ATMP,Package Processing,SG-02,A,FAIL,ABNORMAL,ABNORMAL,,,,,,,,,,,,,,,,,11.676,,,,,,,,1,singulation_damage_score=11.676,True,True,True
2026-02-19 13:12:00,UNIT04438,LOT030,WAFER4438,PKG04438,1,Wafer Inspection,ATMP,Wafer Metrology,WI-01,A,FAIL,ABNORMAL,ABNORMAL,736.75,5.332,15.19,38.538,108.916,,,,,,,,,,,,,,,,,,,,1,ttv_um=5.332,True,True,True
2026-02-19 13:00:00,UNIT04437,LOT030,WAFER4437,PKG04437,5,Die Attach,OSAT/ATMP,Assembly,DA-01,A,FAIL,ABNORMAL,ABNORMAL,,,,,,,,,11.555,59.669,,,,,,,,,,,,,,,1,attach_offset_um=59.669,True,True,True
2026-02-19 12:40:00,UNIT04436,LOT030,WAFER4436,PKG04436,1,Wafer Inspection,ATMP,Wafer Metrology,WI-02,B,FAIL,ABNORMAL,ABNORMAL,777.871,2.339,16.508,-9.529,114.625,,,,,,,,,,,,,,,,,,,,1,warp_um=-9.529,True,True,True
2026-02-19 12:33:00,UNIT04435,LOT030,WAFER4435,PKG04435,10,Package Inspection,OSAT/ATMP,Package Inspection,PI-02,C,FAIL,ABNORMAL,ABNORMAL,,,,,,,,,,,,,,,,,,10.236,,,,,,,1,package_dimension_mm=10.236,True,True,True
2026-02-19 12:08:00,UNIT04434,LOT030,WAFER4434,PKG04434,1,Wafer Inspection,ATMP,Wafer Metrology,WI-02,A,FAIL,ABNORMAL,ABNORMAL,785.36,1.177,27.003,58.634,101.511,,,,,,,,,,,,,,,,,,,,1,warp_um=58.634,True,True,True
2026-02-19 12:05:00,UNIT04433,LOT030,WAFER4433,PKG04433,14,EOL,OSAT,Final Testing,EOL-02,C,FAIL,ABNORMAL,ABNORMAL,,,,,,,,,,,,,,,,,,,,,,,102.736,,1,eol_temperature_c=102.736,True,True,True
2026-02-19 11:38:00,UNIT04432,LOT030,WAFER4432,PKG04432,3,Back Grinding,ATMP,Wafer Processing,BG-01,C,FAIL,ABNORMAL,ABNORMAL,696.15,,,,,,3.139,,,,,,,,,,,,,,,,,,1,wafer_thickness_um=696.15,True,True,True
2026-02-19 11:29:00,UNIT04431,LOT030,WAFER4431,PKG04431,10,Package Inspection,OSAT/ATMP,Package Inspection,PI-02,A,FAIL,ABNORMAL,ABNORMAL,,,,,,,,,,,,,,,,,,10.271,,,,,,,1,package_dimension_mm=10.271,True,True,True
2026-02-19 11:06:00,UNIT04430,LOT030,WAFER4430,PKG04430,3,Back Grinding,ATMP,Wafer Processing,BG-01,B,FAIL,ABNORMAL,ABNORMAL,784.989,,,,,,-0.551,,,,,,,,,,,,,,,,,,1,thickness_variation_um=-0.551,True,True,True
2026-02-19 10:53:00,UNIT04429,LOT030,WAFER4429,PKG04429,6,Wire Bonding,OSAT/ATMP,Assembly,WB-02,B,FAIL,ABNORMAL,ABNORMAL,,,,,,,,,,,70.009,9.939,,,,,,,,,,,,,1,wire_bond_force_n=70.009,True,True,True
2026-02-19 10:15:00,UNIT04426,LOT030,WAFER4426,PKG04426,16,Packing / Dispatch,ATMP,Packaging,PK-02,C,FAIL,ABNORMAL,ABNORMAL,,,,,,,,,,,,,,,,,,,,,,,,-1.609,1,packaging_damage_score=-1.609,True,True,True
2026-02-19 09:32:00,UNIT04424,LOT030,WAFER4424,PKG04424,5,Die Attach,OSAT/ATMP,Assembly,DA-02,A,FAIL,ABNORMAL,ABNORMAL,,,,,,,,,7.766,17.766,,,,,,,,,,,,,,,1,attach_force_n=7.766,True,True,True
2026-02-19 09:21:00,UNIT04423,LOT030,WAFER4423,PKG04423,10,Package Inspection,OSAT/ATMP,Package Inspection,PI-02,C,FAIL,ABNORMAL,ABNORMAL,,,,,,,,,,,,,,,,,,9.781,,,,,,,1,package_dimension_mm=9.781,True,True,True
2026-02-19 09:00:00,UNIT04422,LOT030,WAFER4422,PKG04422,5,Die Attach,OSAT/ATMP,Assembly,DA-01,C,FAIL,ABNORMAL,ABNORMAL,,,,,,,,,10.267,59.6,,,,,,,,,,,,,,,1,attach_offset_um=59.6,True,True,True
2026-02-19 08:40:00,UNIT04421,LOT030,WAFER4421,PKG04421,1,Wafer Inspection,ATMP,Wafer Metrology,WI-02,B,FAIL,ABNORMAL,ABNORMAL,684.864,3.956,0.598,4.24,117.987,,,,,,,,,,,,,,,,,,,,1,wafer_thickness_um=684.864,True,True,True
2026-02-19 08:08:00,UNIT04419,LOT030,WAFER4419,PKG04419,1,Wafer Inspection,ATMP,Wafer Metrology,WI-01,A,FAIL,ABNORMAL,ABNORMAL,705.448,0.402,-8.277,25.25,91.306,,,,,,,,,,,,,,,,,,,,1,bow_um=-8.277,True,True,True
2026-02-19 07:42:00,UNIT04417,LOT030,WAFER4417,PKG04417,7,Encapsulation / Molding,OSAT/ATMP,Packaging,MO-02,A,FAIL,ABNORMAL,ABNORMAL,,,,,,,,,,,,,172.334,92.535,2.03,,,,,,,,,,1,mold_cure_time_s=92.535,True,True,True
2026-02-19 07:26:00,UNIT04416,LOT030,WAFER4416,PKG04416,7,Encapsulation / Molding,OSAT/ATMP,Packaging,MO-02,C,FAIL,ABNORMAL,ABNORMAL,,,,,,,,,,,,,187.674,142.387,1.118,,,,,,,,,,1,mold_cure_time_s=142.387,True,True,True
2026-02-19 07:10:00,UNIT04415,LOT030,WAFER4415,PKG04415,7,Encapsulation / Molding,OSAT/ATMP,Packaging,MO-01,C,FAIL,ABNORMAL,ABNORMAL,,,,,,,,,,,,,182.495,141.17,1.593,,,,,,,,,,1,mold_cure_time_s=141.17,True,True,True
2026-02-19 06:36:00,UNIT04413,LOT030,WAFER4413,PKG04413,5,Die Attach,OSAT/ATMP,Assembly,DA-01,B,FAIL,ABNORMAL,ABNORMAL,,,,,,,,,10.767,-0.801,,,,,,,,,,,,,,,1,attach_offset_um=-0.801,True,True,True
2026-02-19 06:06:00,UNIT04411,LOT030,WAFER4411,PKG04411,7,Encapsulation / Molding,OSAT/ATMP,Packaging,MO-02,C,FAIL,ABNORMAL,ABNORMAL,,,,,,,,,,,,,192.141,95.923,2.907,,,,,,,,,,2,mold_temperature_c=192.141; mold_cure_time_s=95.923,True,True,True
2026-02-19 05:51:00,UNIT04410,LOT030,WAFER4410,PKG04410,8,Marking,ATMP,Package Marking,MK-01,C,FAIL,ABNORMAL,ABNORMAL,,,,,,,,,,,,,,,,89.094,,,,,,,,,1,marking_quality_score=89.094,True,True,True
2026-02-19 05:28:00,UNIT04409,LOT030,WAFER4409,PKG04409,1,Wafer Inspection,ATMP,Wafer Metrology,WI-02,A,FAIL,ABNORMAL,ABNORMAL,708.475,5.167,13.559,39.96,77.534,,,,,,,,,,,,,,,,,,,,2,ttv_um=5.167; tape_thickness_um=77.534,True,True,True
2026-02-19 04:58:00,UNIT04407,LOT030,WAFER4407,PKG04407,3,Back Grinding,ATMP,Wafer Processing,BG-01,B,FAIL,ABNORMAL,ABNORMAL,688.856,,,,,,0.763,,,,,,,,,,,,,,,,,,1,wafer_thickness_um=688.856,True,True,True
2026-02-19 03:57:00,UNIT04403,LOT030,WAFER4403,PKG04403,6,Wire Bonding,OSAT/ATMP,Assembly,WB-01,C,FAIL,ABNORMAL,ABNORMAL,,,,,,,,,,,65.198,4.668,,,,,,,,,,,,,1,bond_pull_strength_gf=4.668,True,True,True
2026-02-19 03:36:00,UNIT04402,LOT030,WAFER4402,PKG04402,1,Wafer Inspection,ATMP,Wafer Metrology,WI-02,A,FAIL,ABNORMAL,ABNORMAL,751.846,3.839,54.469,23.008,91.354,,,,,,,,,,,,,,,,,,,,1,bow_um=54.469,True,True,True
2026-02-19 03:27:00,UNIT04401,LOT030,WAFER4401,PKG04401,8,Marking,ATMP,Package Marking,MK-02,B,FAIL,ABNORMAL,ABNORMAL,,,,,,,,,,,,,,,,101.788,,,,,,,,,1,marking_quality_score=101.788,True,True,True
2026-02-19 03:08:00,UNIT04400,LOT030,WAFER4400,PKG04400,5,Die Attach,OSAT/ATMP,Assembly,DA-02,B,FAIL,ABNORMAL,ABNORMAL,,,,,,,,,11.825,-9.948,,,,,,,,,,,,,,,1,attach_offset_um=-9.948,True,True,True
2026-02-19 02:53:00,UNIT04399,LOT030,WAFER4399,PKG04399,6,Wire Bonding,OSAT/ATMP,Assembly,WB-02,A,FAIL,ABNORMAL,ABNORMAL,,,,,,,,,,,59.165,4.867,,,,,,,,,,,,,2,wire_bond_force_n=59.165; bond_pull_strength_gf=4.867,True,True,True
2026-02-19 02:32:00,UNIT04398,LOT030,WAFER4398,PKG04398,1,Wafer Inspection,ATMP,Wafer Metrology,WI-02,C,FAIL,ABNORMAL,ABNORMAL,773.07,-0.798,17.163,28.369,96.671,,,,,,,,,,,,,,,,,,,,1,ttv_um=-0.798,True,True,True
2026-02-19 02:16:00,UNIT04397,LOT030,WAFER4397,PKG04397,1,Wafer Inspection,ATMP,Wafer Metrology,WI-01,C,FAIL,ABNORMAL,ABNORMAL,778.564,1.919,27.057,52.309,103.158,,,,,,,,,,,,,,,,,,,,1,warp_um=52.309,True,True,True
2026-02-19 02:06:00,UNIT04396,LOT030,WAFER4396,PKG04396,7,Encapsulation / Molding,OSAT/ATMP,Packaging,MO-02,A,FAIL,ABNORMAL,ABNORMAL,,,,,,,,,,,,,179.698,135.503,-0.972,,,,,,,,,,1,void_percentage=-0.972,True,True,True
2026-02-19 01:39:00,UNIT04394,LOT030,WAFER4394,PKG04394,12,ICT,OSAT,Electrical Testing,ICT-02,B,FAIL,ABNORMAL,ABNORMAL,,,,,,,,,,,,,,,,,,,,,10.567,,,,1,ict_current_a=10.567,True,True,True
2026-02-19 01:23:00,UNIT04393,LOT030,WAFER4393,PKG04393,12,ICT,OSAT,Electrical Testing,ICT-02,A,FAIL,ABNORMAL,ABNORMAL,,,,,,,,,,,,,,,,,,,,,10.564,,,,1,ict_current_a=10.564,True,True,True
2026-02-19 00:56:00,UNIT04392,LOT030,WAFER4392,PKG04392,1,Wafer Inspection,ATMP,Wafer Metrology,WI-01,C,FAIL,ABNORMAL,ABNORMAL,818.344,-0.669,9.666,6.153,99.038,,,,,,,,,,,,,,,,,,,,2,wafer_thickness_um=818.344; ttv_um=-0.669,True,True,True
2026-02-19 00:50:00,UNIT04391,LOT030,WAFER4391,PKG04391,11,Burn-in,OSAT,Testing,BI-02,B,FAIL,ABNORMAL,ABNORMAL,,,,,,,,,,,,,,,,,,,118.083,4.24,,,,,1,burn_in_temperature_c=118.083,True,True,True
2026-02-19 00:26:00,UNIT04390,LOT030,WAFER4390,PKG04390,3,Back Grinding,ATMP,Wafer Processing,BG-02,C,FAIL,ABNORMAL,ABNORMAL,681.15,,,,,,3.783,,,,,,,,,,,,,,,,,,1,wafer_thickness_um=681.15,True,True,True
2026-02-19 00:14:00,UNIT04389,LOT030,WAFER4389,PKG04389,7,Encapsulation / Molding,OSAT/ATMP,Packaging,MO-01,C,FAIL,ABNORMAL,ABNORMAL,,,,,,,,,,,,,175.072,99.653,1.443,,,,,,,,,,1,mold_cure_time_s=99.653,True,True,True
2026-02-18 23:36:00,UNIT04387,LOT030,WAFER4387,PKG04387,1,Wafer Inspection,ATMP,Wafer Metrology,WI-01,A,FAIL,ABNORMAL,ABNORMAL,784.472,4.808,3.399,3.842,76.417,,,,,,,,,,,,,,,,,,,,1,tape_thickness_um=76.417,True,True,True
2026-02-18 23:24:00,UNIT04386,LOT030,WAFER4386,PKG04386,5,Die Attach,OSAT/ATMP,Assembly,DA-01,C,FAIL,ABNORMAL,ABNORMAL,,,,,,,,,12.134,5.096,,,,,,,,,,,,,,,1,attach_force_n=12.134,True,True,True
2026-02-18 23:08:00,UNIT04385,LOT030,WAFER4385,PKG04385,5,Die Attach,OSAT/ATMP,Assembly,DA-01,A,FAIL,ABNORMAL,ABNORMAL,,,,,,,,,10.609,53.767,,,,,,,,,,,,,,,1,attach_offset_um=53.767,True,True,True
2026-02-18 22:52:00,UNIT04384,LOT030,WAFER4384,PKG04384,5,Die Attach,OSAT/ATMP,Assembly,DA-01,C,FAIL,ABNORMAL,ABNORMAL,,,,,,,,,10.329,55.46,,,,,,,,,,,,,,,1,attach_offset_um=55.46,True,True,True
2026-02-18 22:28:00,UNIT04382,LOT030,WAFER4382,PKG04382,13,FCT,OSAT,Functional Testing,FCT-01,B,FAIL,ABNORMAL,ABNORMAL,,,,,,,,,,,,,,,,,,,,,,3.059,,,1,fct_voltage_v=3.059,True,True,True
2026-02-18 22:06:00,UNIT04381,LOT030,WAFER4381,PKG04381,7,Encapsulation / Molding,OSAT/ATMP,Packaging,MO-01,C,FAIL,ABNORMAL,ABNORMAL,,,,,,,,,,,,,176.116,140.026,1.768,,,,,,,,,,1,mold_cure_time_s=140.026,True,True,True
2026-02-18 21:44:00,UNIT04380,LOT030,WAFER4380,PKG04380,1,Wafer Inspection,ATMP,Wafer Metrology,WI-02,A,FAIL,ABNORMAL,ABNORMAL,761.992,5.679,19.797,16.852,94.736,,,,,,,,,,,,,,,,,,,,1,ttv_um=5.679,True,True,True
2026-02-18 21:38:00,UNIT04379,LOT030,WAFER4379,PKG04379,11,Burn-in,OSAT,Testing,BI-02,A,FAIL,ABNORMAL,ABNORMAL,,,,,,,,,,,,,,,,,,,124.885,3.566,,,,,1,burn_in_hours=3.566,True,True,True
2026-02-18 21:22:00,UNIT04378,LOT030,WAFER4378,PKG04378,11,Burn-in,OSAT,Testing,BI-02,A,FAIL,ABNORMAL,ABNORMAL,,,,,,,,,,,,,,,,,,,128.433,3.934,,,,,1,burn_in_hours=3.934,True,True,True
2026-02-18 21:00:00,UNIT04377,LOT030,WAFER4377,PKG04377,5,Die Attach,OSAT/ATMP,Assembly,DA-01,C,FAIL,ABNORMAL,ABNORMAL,,,,,,,,,11.622,-2.581,,,,,,,,,,,,,,,1,attach_offset_um=-2.581,True,True,True
2026-02-18 20:40:00,UNIT04376,LOT030,WAFER4376,PKG04376,1,Wafer Inspection,ATMP,Wafer Metrology,WI-01,B,FAIL,ABNORMAL,ABNORMAL,692.977,1.534,32.133,7.052,115.745,,,,,,,,,,,,,,,,,,,,1,wafer_thickness_um=692.977,True,True,True
2026-02-18 20:36:00,UNIT04375,LOT030,WAFER4375,PKG04375,13,FCT,OSAT,Functional Testing,FCT-01,C,FAIL,ABNORMAL,ABNORMAL,,,,,,,,,,,,,,,,,,,,,,3.542,,,1,fct_voltage_v=3.542,True,True,True
2026-02-18 20:12:00,UNIT04374,LOT030,WAFER4374,PKG04374,5,Die Attach,OSAT/ATMP,Assembly,DA-01,C,FAIL,ABNORMAL,ABNORMAL,,,,,,,,,7.568,43.925,,,,,,,,,,,,,,,1,attach_force_n=7.568,True,True,True
2026-02-18 19:52:00,UNIT04373,LOT030,WAFER4373,PKG04373,1,Wafer Inspection,ATMP,Wafer Metrology,WI-02,B,FAIL,ABNORMAL,ABNORMAL,774.234,0.919,55.938,21.184,78.104,,,,,,,,,,,,,,,,,,,,2,bow_um=55.938; tape_thickness_um=78.104,True,True,True
2026-02-18 19:42:00,UNIT04372,LOT030,WAFER4372,PKG04372,7,Encapsulation / Molding,OSAT/ATMP,Packaging,MO-02,C,FAIL,ABNORMAL,ABNORMAL,,,,,,,,,,,,,175.901,141.609,1.509,,,,,,,,,,1,mold_cure_time_s=141.609,True,True,True
2026-02-18 19:04:00,UNIT04370,LOT030,WAFER4370,PKG04370,1,Wafer Inspection,ATMP,Wafer Metrology,WI-01,C,FAIL,ABNORMAL,ABNORMAL,685.926,2.292,33.802,22.259,116.43,,,,,,,,,,,,,,,,,,,,1,wafer_thickness_um=685.926,True,True,True
2026-02-18 18:54:00,UNIT04369,LOT030,WAFER4369,PKG04369,7,Encapsulation / Molding,OSAT/ATMP,Packaging,MO-02,B,FAIL,ABNORMAL,ABNORMAL,,,,,,,,,,,,,180.514,138.893,-0.389,,,,,,,,,,1,void_percentage=-0.389,True,True,True
2026-02-18 18:32:00,UNIT04368,LOT030,WAFER4368,PKG04368,1,Wafer Inspection,ATMP,Wafer Metrology,WI-01,B,FAIL,ABNORMAL,ABNORMAL,689.973,1.638,26.097,22.656,100.792,,,,,,,,,,,,,,,,,,,,1,wafer_thickness_um=689.973,True,True,True
2026-02-18 18:26:00,UNIT04367,LOT030,WAFER4367,PKG04367,11,Burn-in,OSAT,Testing,BI-02,A,FAIL,ABNORMAL,ABNORMAL,,,,,,,,,,,,,,,,,,,130.516,4.383,,,,,1,burn_in_temperature_c=130.516,True,True,True
2026-02-18 18:00:00,UNIT04366,LOT030,WAFER4366,PKG04366,1,Wafer Inspection,ATMP,Wafer Metrology,WI-02,B,FAIL,ABNORMAL,ABNORMAL,722.357,2.19,23.688,47.7,124.549,,,,,,,,,,,,,,,,,,,,1,tape_thickness_um=124.549,True,True,True
2026-02-18 17:58:00,UNIT04365,LOT030,WAFER4365,PKG04365,15,Final Inspection,ATMP,Final Inspection,FI-02,C,FAIL,ABNORMAL,ABNORMAL,,,,,,,,,,,,,,,,96.961,,9.756,,,,,,,1,package_dimension_mm=9.756,True,True,True
2026-02-18 17:39:00,UNIT04364,LOT030,WAFER4364,PKG04364,12,ICT,OSAT,Electrical Testing,ICT-01,C,FAIL,ABNORMAL,ABNORMAL,,,,,,,,,,,,,,,,,,,,,10.672,,,,1,ict_current_a=10.672,True,True,True
2026-02-18 17:17:00,UNIT04363,LOT030,WAFER4363,PKG04363,6,Wire Bonding,OSAT/ATMP,Assembly,WB-02,C,FAIL,ABNORMAL,ABNORMAL,,,,,,,,,,,68.109,4.031,,,,,,,,,,,,,1,bond_pull_strength_gf=4.031,True,True,True
2026-02-18 17:04:00,UNIT04362,LOT030,WAFER4362,PKG04362,9,Singulation,ATMP,Package Processing,SG-02,B,FAIL,ABNORMAL,ABNORMAL,,,,,,,,,,,,,,,,,11.326,,,,,,,,1,singulation_damage_score=11.326,True,True,True
2026-02-18 16:40:00,UNIT04361,LOT030,WAFER4361,PKG04361,1,Wafer Inspection,ATMP,Wafer Metrology,WI-01,B,FAIL,ABNORMAL,ABNORMAL,706.109,2.276,59.055,0.202,105.137,,,,,,,,,,,,,,,,,,,,1,bow_um=59.055,True,True,True
2026-02-18 16:36:00,UNIT04360,LOT030,WAFER4360,PKG04360,13,FCT,OSAT,Functional Testing,FCT-01,A,FAIL,ABNORMAL,ABNORMAL,,,,,,,,,,,,,,,,,,,,,,3.517,,,1,fct_voltage_v=3.517,True,True,True
2026-02-18 16:14:00,UNIT04359,LOT030,WAFER4359,PKG04359,7,Encapsulation / Molding,OSAT/ATMP,Packaging,MO-02,B,FAIL,ABNORMAL,ABNORMAL,,,,,,,,,,,,,178.35,107.628,5.822,,,,,,,,,,1,void_percentage=5.822,True,True,True
2026-02-18 15:52:00,UNIT04358,LOT030,WAFER4358,PKG04358,1,Wafer Inspection,ATMP,Wafer Metrology,WI-01,C,FAIL,ABNORMAL,ABNORMAL,782.859,-0.354,41.846,30.283,112.408,,,,,,,,,,,,,,,,,,,,1,ttv_um=-0.354,True,True,True
2026-02-18 15:41:00,UNIT04357,LOT030,WAFER4357,PKG04357,6,Wire Bonding,OSAT/ATMP,Assembly,WB-02,C,FAIL,ABNORMAL,ABNORMAL,,,,,,,,,,,62.231,4.686,,,,,,,,,,,,,1,bond_pull_strength_gf=4.686,True,True,True
2026-02-18 15:26:00,UNIT04356,LOT030,WAFER4356,PKG04356,7,Encapsulation / Molding,OSAT/ATMP,Packaging,MO-01,B,FAIL,ABNORMAL,ABNORMAL,,,,,,,,,,,,,180.333,119.033,-0.158,,,,,,,,,,1,void_percentage=-0.158,True,True,True
2026-02-18 14:50:00,UNIT04354,LOT030,WAFER4354,PKG04354,3,Back Grinding,ATMP,Wafer Processing,BG-02,A,FAIL,ABNORMAL,ABNORMAL,766.993,,,,,,5.706,,,,,,,,,,,,,,,,,,1,thickness_variation_um=5.706,True,True,True
2026-02-18 14:32:00,UNIT04353,LOT030,WAFER4353,PKG04353,1,Wafer Inspection,ATMP,Wafer Metrology,WI-01,C,FAIL,ABNORMAL,ABNORMAL,735.761,3.525,50.125,47.532,101.018,,,,,,,,,,,,,,,,,,,,1,bow_um=50.125,True,True,True
2026-02-18 14:21:00,UNIT04352,LOT030,WAFER4352,PKG04352,6,Wire Bonding,OSAT/ATMP,Assembly,WB-02,B,FAIL,ABNORMAL,ABNORMAL,,,,,,,,,,,60.914,4.085,,,,,,,,,,,,,1,bond_pull_strength_gf=4.085,True,True,True
2026-02-18 14:14:00,UNIT04351,LOT030,WAFER4351,PKG04351,15,Final Inspection,ATMP,Final Inspection,FI-01,C,FAIL,ABNORMAL,ABNORMAL,,,,,,,,,,,,,,,,90.2,,10.266,,,,,,,1,package_dimension_mm=10.266,True,True,True
2026-02-18 13:44:00,UNIT04350,LOT029,WAFER4350,PKG04350,1,Wafer Inspection,ATMP,Wafer Metrology,WI-01,B,FAIL,ABNORMAL,ABNORMAL,742.775,1.91,29.314,-6.056,89.388,,,,,,,,,,,,,,,,,,,,1,warp_um=-6.056,True,True,True
2026-02-18 13:33:00,UNIT04349,LOT029,WAFER4349,PKG04349,6,Wire Bonding,OSAT/ATMP,Assembly,WB-01,C,FAIL,ABNORMAL,ABNORMAL,,,,,,,,,,,61.421,10.992,,,,,,,,,,,,,1,bond_pull_strength_gf=10.992,True,True,True
2026-02-18 13:14:00,UNIT04348,LOT029,WAFER4348,PKG04348,3,Back Grinding,ATMP,Wafer Processing,BG-01,B,FAIL,ABNORMAL,ABNORMAL,815.32,,,,,,4.689,,,,,,,,,,,,,,,,,,1,wafer_thickness_um=815.32,True,True,True
2026-02-18 13:01:00,UNIT04347,LOT029,WAFER4347,PKG04347,6,Wire Bonding,OSAT/ATMP,Assembly,WB-02,C,FAIL,ABNORMAL,ABNORMAL,,,,,,,,,,,60.947,10.057,,,,,,,,,,,,,1,bond_pull_strength_gf=10.057,True,True,True
2026-02-18 12:48:00,UNIT04346,LOT029,WAFER4346,PKG04346,9,Singulation,ATMP,Package Processing,SG-02,B,FAIL,ABNORMAL,ABNORMAL,,,,,,,,,,,,,,,,,11.454,,,,,,,,1,singulation_damage_score=11.454,True,True,True
2026-02-18 12:28:00,UNIT04345,LOT029,WAFER4345,PKG04345,5,Die Attach,OSAT/ATMP,Assembly,DA-02,C,FAIL,ABNORMAL,ABNORMAL,,,,,,,,,8.903,-1.331,,,,,,,,,,,,,,,1,attach_offset_um=-1.331,True,True,True
2026-02-18 12:14:00,UNIT04344,LOT029,WAFER4344,PKG04344,7,Encapsulation / Molding,OSAT/ATMP,Packaging,MO-01,A,FAIL,ABNORMAL,ABNORMAL,,,,,,,,,,,,,193.796,100.68,3.409,,,,,,,,,,1,mold_temperature_c=193.796,True,True,True
2026-02-18 11:50:00,UNIT04342,LOT029,WAFER4342,PKG04342,15,Final Inspection,ATMP,Final Inspection,FI-02,C,FAIL,ABNORMAL,ABNORMAL,,,,,,,,,,,,,,,,99.833,,9.72,,,,,,,1,package_dimension_mm=9.72,True,True,True
2026-02-18 11:04:00,UNIT04340,LOT029,WAFER4340,PKG04340,1,Wafer Inspection,ATMP,Wafer Metrology,WI-01,B,FAIL,ABNORMAL,ABNORMAL,742.772,5.468,56.445,7.039,88.589,,,,,,,,,,,,,,,,,,,,2,ttv_um=5.468; bow_um=56.445,True,True,True
2026-02-18 10:33:00,UNIT04338,LOT029,WAFER4338,PKG04338,2,Wafer Sort,OSAT,Wafer Test,WS-01,C,FAIL,ABNORMAL,ABNORMAL,,,,,,9.385,,,,,,,,,,,,,,,,,,,1,sort_current_a=9.385,True,True,True
2026-02-18 10:09:00,UNIT04336,LOT029,WAFER4336,PKG04336,10,Package Inspection,OSAT/ATMP,Package Inspection,PI-01,A,FAIL,ABNORMAL,ABNORMAL,,,,,,,,,,,,,,,,,,9.77,,,,,,,1,package_dimension_mm=9.77,True,True,True
2026-02-18 09:44:00,UNIT04335,LOT029,WAFER4335,PKG04335,1,Wafer Inspection,ATMP,Wafer Metrology,WI-01,B,FAIL,ABNORMAL,ABNORMAL,760.219,1.707,57.855,41.307,93.279,,,,,,,,,,,,,,,,,,,,1,bow_um=57.855,True,True,True
2026-02-18 09:34:00,UNIT04334,LOT029,WAFER4334,PKG04334,7,Encapsulation / Molding,OSAT/ATMP,Packaging,MO-01,C,FAIL,ABNORMAL,ABNORMAL,,,,,,,,,,,,,173.725,101.338,-0.373,,,,,,,,,,1,void_percentage=-0.373,True,True,True
2026-02-18 09:12:00,UNIT04333,LOT029,WAFER4333,PKG04333,1,Wafer Inspection,ATMP,Wafer Metrology,WI-02,C,FAIL,ABNORMAL,ABNORMAL,819.058,-0.731,47.796,43.531,104.282,,,,,,,,,,,,,,,,,,,,2,wafer_thickness_um=819.058; ttv_um=-0.731,True,True,True
2026-02-18 08:40:00,UNIT04331,LOT029,WAFER4331,PKG04331,1,Wafer Inspection,ATMP,Wafer Metrology,WI-02,B,FAIL,ABNORMAL,ABNORMAL,755.006,1.829,-6.376,31.753,90.074,,,,,,,,,,,,,,,,,,,,1,bow_um=-6.376,True,True,True
2026-02-18 08:18:00,UNIT04329,LOT029,WAFER4329,PKG04329,11,Burn-in,OSAT,Testing,BI-01,B,FAIL,ABNORMAL,ABNORMAL,,,,,,,,,,,,,,,,,,,127.185,3.63,,,,,1,burn_in_hours=3.63,True,True,True
2026-02-18 07:52:00,UNIT04328,LOT029,WAFER4328,PKG04328,1,Wafer Inspection,ATMP,Wafer Metrology,WI-02,A,FAIL,ABNORMAL,ABNORMAL,739.407,5.843,31.076,32.305,95.273,,,,,,,,,,,,,,,,,,,,1,ttv_um=5.843,True,True,True
2026-02-18 07:36:00,UNIT04327,LOT029,WAFER4327,PKG04327,1,Wafer Inspection,ATMP,Wafer Metrology,WI-01,B,FAIL,ABNORMAL,ABNORMAL,680.42,2.065,16.519,28.39,75.596,,,,,,,,,,,,,,,,,,,,2,wafer_thickness_um=680.42; tape_thickness_um=75.596,True,True,True
2026-02-18 07:20:00,UNIT04326,LOT029,WAFER4326,PKG04326,1,Wafer Inspection,ATMP,Wafer Metrology,WI-02,C,FAIL,ABNORMAL,ABNORMAL,734.428,2.796,29.412,8.477,72.596,,,,,,,,,,,,,,,,,,,,1,tape_thickness_um=72.596,True,True,True
2026-02-18 07:14:00,UNIT04325,LOT029,WAFER4325,PKG04325,11,Burn-in,OSAT,Testing,BI-02,A,FAIL,ABNORMAL,ABNORMAL,,,,,,,,,,,,,,,,,,,119.546,4.181,,,,,1,burn_in_temperature_c=119.546,True,True,True
2026-02-18 06:50:00,UNIT04324,LOT029,WAFER4324,PKG04324,3,Back Grinding,ATMP,Wafer Processing,BG-01,A,FAIL,ABNORMAL,ABNORMAL,698.934,,,,,,-0.897,,,,,,,,,,,,,,,,,,2,wafer_thickness_um=698.934; thickness_variation_um=-0.897,True,True,True
2026-02-18 06:37:00,UNIT04323,LOT029,WAFER4323,PKG04323,6,Wire Bonding,OSAT/ATMP,Assembly,WB-02,C,FAIL,ABNORMAL,ABNORMAL,,,,,,,,,,,58.594,8.251,,,,,,,,,,,,,1,wire_bond_force_n=58.594,True,True,True
2026-02-18 06:16:00,UNIT04322,LOT029,WAFER4322,PKG04322,1,Wafer Inspection,ATMP,Wafer Metrology,WI-02,B,FAIL,ABNORMAL,ABNORMAL,718.952,4.386,51.744,31.177,117.693,,,,,,,,,,,,,,,,,,,,1,bow_um=51.744,True,True,True
2026-02-18 06:09:00,UNIT04321,LOT029,WAFER4321,PKG04321,10,Package Inspection,OSAT/ATMP,Package Inspection,PI-02,B,FAIL,ABNORMAL,ABNORMAL,,,,,,,,,,,,,,,,,,9.746,,,,,,,1,package_dimension_mm=9.746,True,True,True
2026-02-18 05:50:00,UNIT04320,LOT029,WAFER4320,PKG04320,7,Encapsulation / Molding,OSAT/ATMP,Packaging,MO-01,C,FAIL,ABNORMAL,ABNORMAL,,,,,,,,,,,,,191.556,103.458,5.033,,,,,,,,,,2,mold_temperature_c=191.556; void_percentage=5.033,True,True,True
2026-02-18 05:35:00,UNIT04319,LOT029,WAFER4319,PKG04319,8,Marking,ATMP,Package Marking,MK-01,A,FAIL,ABNORMAL,ABNORMAL,,,,,,,,,,,,,,,,88.899,,,,,,,,,1,marking_quality_score=88.899,True,True,True
2026-02-18 04:59:00,UNIT04317,LOT029,WAFER4317,PKG04317,4,Wafer Dicing,ATMP,Wafer Processing,WD-01,A,FAIL,ABNORMAL,ABNORMAL,,,,,,,,44.837,,,,,,,,,,,,,,,,,1,kerf_width_um=44.837,True,True,True
2026-02-18 04:42:00,UNIT04316,LOT029,WAFER4316,PKG04316,3,Back Grinding,ATMP,Wafer Processing,BG-01,B,FAIL,ABNORMAL,ABNORMAL,696.652,,,,,,0.745,,,,,,,,,,,,,,,,,,1,wafer_thickness_um=696.652,True,True,True
2026-02-18 03:52:00,UNIT04313,LOT029,WAFER4313,PKG04313,1,Wafer Inspection,ATMP,Wafer Metrology,WI-02,B,FAIL,ABNORMAL,ABNORMAL,749.934,1.688,39.108,32.715,120.548,,,,,,,,,,,,,,,,,,,,1,tape_thickness_um=120.548,True,True,True
2026-02-18 03:39:00,UNIT04312,LOT029,WAFER4312,PKG04312,4,Wafer Dicing,ATMP,Wafer Processing,WD-01,A,FAIL,ABNORMAL,ABNORMAL,,,,,,,,43.179,,,,,,,,,,,,,,,,,1,kerf_width_um=43.179,True,True,True
2026-02-18 03:20:00,UNIT04311,LOT029,WAFER4311,PKG04311,1,Wafer Inspection,ATMP,Wafer Metrology,WI-01,A,FAIL,ABNORMAL,ABNORMAL,818.69,3.981,45.452,24.968,81.555,,,,,,,,,,,,,,,,,,,,1,wafer_thickness_um=818.69,True,True,True
2026-02-18 03:04:00,UNIT04310,LOT029,WAFER4310,PKG04310,1,Wafer Inspection,ATMP,Wafer Metrology,WI-02,A,FAIL,ABNORMAL,ABNORMAL,720.749,-0.511,25.36,32.593,112.065,,,,,,,,,,,,,,,,,,,,1,ttv_um=-0.511,True,True,True
2026-02-18 02:40:00,UNIT04308,LOT029,WAFER4308,PKG04308,9,Singulation,ATMP,Package Processing,SG-02,B,FAIL,ABNORMAL,ABNORMAL,,,,,,,,,,,,,,,,,11.843,,,,,,,,1,singulation_damage_score=11.843,True,True,True
2026-02-18 02:20:00,UNIT04307,LOT029,WAFER4307,PKG04307,5,Die Attach,OSAT/ATMP,Assembly,DA-01,B,FAIL,ABNORMAL,ABNORMAL,,,,,,,,,7.294,8.06,,,,,,,,,,,,,,,1,attach_force_n=7.294,True,True,True
2026-02-18 02:06:00,UNIT04306,LOT029,WAFER4306,PKG04306,7,Encapsulation / Molding,OSAT/ATMP,Packaging,MO-02,C,FAIL,ABNORMAL,ABNORMAL,,,,,,,,,,,,,191.437,133.227,2.556,,,,,,,,,,1,mold_temperature_c=191.437,True,True,True
2026-02-18 01:56:00,UNIT04305,LOT029,WAFER4305,PKG04305,13,FCT,OSAT,Functional Testing,FCT-01,B,FAIL,ABNORMAL,ABNORMAL,,,,,,,,,,,,,,,,,,,,,,3.074,,,1,fct_voltage_v=3.074,True,True,True
2026-02-18 01:28:00,UNIT04304,LOT029,WAFER4304,PKG04304,1,Wafer Inspection,ATMP,Wafer Metrology,WI-02,A,FAIL,ABNORMAL,ABNORMAL,738.606,5.325,2.618,26.933,104.516,,,,,,,,,,,,,,,,,,,,1,ttv_um=5.325,True,True,True
2026-02-18 01:12:00,UNIT04303,LOT029,WAFER4303,PKG04303,1,Wafer Inspection,ATMP,Wafer Metrology,WI-02,A,FAIL,ABNORMAL,ABNORMAL,680.21,0.452,9.484,10.822,109.682,,,,,,,,,,,,,,,,,,,,1,wafer_thickness_um=680.21,True,True,True
2026-02-18 01:01:00,UNIT04302,LOT029,WAFER4302,PKG04302,6,Wire Bonding,OSAT/ATMP,Assembly,WB-01,A,FAIL,ABNORMAL,ABNORMAL,,,,,,,,,,,64.361,4.21,,,,,,,,,,,,,1,bond_pull_strength_gf=4.21,True,True,True
2026-02-17 23:52:00,UNIT04298,LOT029,WAFER4298,PKG04298,1,Wafer Inspection,ATMP,Wafer Metrology,WI-01,B,FAIL,ABNORMAL,ABNORMAL,722.191,4.558,17.876,0.136,121.598,,,,,,,,,,,,,,,,,,,,1,tape_thickness_um=121.598,True,True,True
2026-02-17 23:06:00,UNIT04295,LOT029,WAFER4295,PKG04295,3,Back Grinding,ATMP,Wafer Processing,BG-02,B,FAIL,ABNORMAL,ABNORMAL,696.934,,,,,,2.089,,,,,,,,,,,,,,,,,,1,wafer_thickness_um=696.934,True,True,True
2026-02-17 22:32:00,UNIT04293,LOT029,WAFER4293,PKG04293,1,Wafer Inspection,ATMP,Wafer Metrology,WI-01,C,FAIL,ABNORMAL,ABNORMAL,710.26,2.071,3.599,54.181,108.462,,,,,,,,,,,,,,,,,,,,1,warp_um=54.181,True,True,True
2026-02-17 22:24:00,UNIT04292,LOT029,WAFER4292,PKG04292,9,Singulation,ATMP,Package Processing,SG-02,B,FAIL,ABNORMAL,ABNORMAL,,,,,,,,,,,,,,,,,11.059,,,,,,,,1,singulation_damage_score=11.059,True,True,True
2026-02-17 22:02:00,UNIT04291,LOT029,WAFER4291,PKG04291,3,Back Grinding,ATMP,Wafer Processing,BG-01,A,FAIL,ABNORMAL,ABNORMAL,725.73,,,,,,5.222,,,,,,,,,,,,,,,,,,1,thickness_variation_um=5.222,True,True,True
2026-02-17 21:49:00,UNIT04290,LOT029,WAFER4290,PKG04290,6,Wire Bonding,OSAT/ATMP,Assembly,WB-02,B,FAIL,ABNORMAL,ABNORMAL,,,,,,,,,,,58.805,7.697,,,,,,,,,,,,,1,wire_bond_force_n=58.805,True,True,True
2026-02-17 21:38:00,UNIT04289,LOT029,WAFER4289,PKG04289,11,Burn-in,OSAT,Testing,BI-02,B,FAIL,ABNORMAL,ABNORMAL,,,,,,,,,,,,,,,,,,,128.609,3.96,,,,,1,burn_in_hours=3.96,True,True,True
2026-02-17 21:02:00,UNIT04287,LOT029,WAFER4287,PKG04287,7,Encapsulation / Molding,OSAT/ATMP,Packaging,MO-01,A,FAIL,ABNORMAL,ABNORMAL,,,,,,,,,,,,,188.249,145.691,4.792,,,,,,,,,,1,mold_cure_time_s=145.691,True,True,True
2026-02-17 20:30:00,UNIT04285,LOT029,WAFER4285,PKG04285,7,Encapsulation / Molding,OSAT/ATMP,Packaging,MO-02,B,FAIL,ABNORMAL,ABNORMAL,,,,,,,,,,,,,169.223,104.92,4.971,,,,,,,,,,1,mold_temperature_c=169.223,True,True,True
2026-02-17 20:23:00,UNIT04284,LOT029,WAFER4284,PKG04284,16,Packing / Dispatch,ATMP,Packaging,PK-02,A,FAIL,ABNORMAL,ABNORMAL,,,,,,,,,,,,,,,,,,,,,,,,-1.363,1,packaging_damage_score=-1.363,True,True,True
2026-02-17 19:52:00,UNIT04283,LOT029,WAFER4283,PKG04283,1,Wafer Inspection,ATMP,Wafer Metrology,WI-01,B,FAIL,ABNORMAL,ABNORMAL,727.134,0.285,57.839,44.411,88.238,,,,,,,,,,,,,,,,,,,,1,bow_um=57.839,True,True,True
2026-02-17 19:44:00,UNIT04282,LOT029,WAFER4282,PKG04282,9,Singulation,ATMP,Package Processing,SG-01,A,FAIL,ABNORMAL,ABNORMAL,,,,,,,,,,,,,,,,,10.915,,,,,,,,1,singulation_damage_score=10.915,True,True,True
2026-02-17 18:54:00,UNIT04279,LOT029,WAFER4279,PKG04279,7,Encapsulation / Molding,OSAT/ATMP,Packaging,MO-01,C,FAIL,ABNORMAL,ABNORMAL,,,,,,,,,,,,,172.799,98.856,1.656,,,,,,,,,,1,mold_cure_time_s=98.856,True,True,True
2026-02-17 18:37:00,UNIT04278,LOT029,WAFER4278,PKG04278,6,Wire Bonding,OSAT/ATMP,Assembly,WB-01,A,FAIL,ABNORMAL,ABNORMAL,,,,,,,,,,,58.933,8.232,,,,,,,,,,,,,1,wire_bond_force_n=58.933,True,True,True
2026-02-17 18:26:00,UNIT04277,LOT029,WAFER4277,PKG04277,11,Burn-in,OSAT,Testing,BI-02,B,FAIL,ABNORMAL,ABNORMAL,,,,,,,,,,,,,,,,,,,130.038,5.626,,,,,1,burn_in_temperature_c=130.038,True,True,True
2026-02-17 18:06:00,UNIT04276,LOT029,WAFER4276,PKG04276,7,Encapsulation / Molding,OSAT/ATMP,Packaging,MO-01,B,FAIL,ABNORMAL,ABNORMAL,,,,,,,,,,,,,184.236,141.146,2.9,,,,,,,,,,1,mold_cure_time_s=141.146,True,True,True
2026-02-17 17:56:00,UNIT04275,LOT029,WAFER4275,PKG04275,13,FCT,OSAT,Functional Testing,FCT-01,A,FAIL,ABNORMAL,ABNORMAL,,,,,,,,,,,,,,,,,,,,,,3.088,,,1,fct_voltage_v=3.088,True,True,True
2026-02-17 17:28:00,UNIT04274,LOT029,WAFER4274,PKG04274,1,Wafer Inspection,ATMP,Wafer Metrology,WI-01,C,FAIL,ABNORMAL,ABNORMAL,728.104,-0.235,9.017,26.171,111.905,,,,,,,,,,,,,,,,,,,,1,ttv_um=-0.235,True,True,True
2026-02-17 17:14:00,UNIT04273,LOT029,WAFER4273,PKG04273,3,Back Grinding,ATMP,Wafer Processing,BG-02,B,FAIL,ABNORMAL,ABNORMAL,779.719,,,,,,5.9,,,,,,,,,,,,,,,,,,1,thickness_variation_um=5.9,True,True,True
2026-02-17 16:56:00,UNIT04272,LOT029,WAFER4272,PKG04272,1,Wafer Inspection,ATMP,Wafer Metrology,WI-01,C,FAIL,ABNORMAL,ABNORMAL,799.218,3.108,-6.025,39.509,93.399,,,,,,,,,,,,,,,,,,,,1,bow_um=-6.025,True,True,True
2026-02-17 16:41:00,UNIT04271,LOT029,WAFER4271,PKG04271,2,Wafer Sort,OSAT,Wafer Test,WS-01,C,FAIL,ABNORMAL,ABNORMAL,,,,,,10.612,,,,,,,,,,,,,,,,,,,1,sort_current_a=10.612,True,True,True
2026-02-17 16:30:00,UNIT04270,LOT029,WAFER4270,PKG04270,7,Encapsulation / Molding,OSAT/ATMP,Packaging,MO-02,C,FAIL,ABNORMAL,ABNORMAL,,,,,,,,,,,,,169.169,109.641,4.399,,,,,,,,,,1,mold_temperature_c=169.169,True,True,True
2026-02-17 16:08:00,UNIT04269,LOT029,WAFER4269,PKG04269,1,Wafer Inspection,ATMP,Wafer Metrology,WI-01,C,FAIL,ABNORMAL,ABNORMAL,682.806,3.78,16.787,32.18,124.501,,,,,,,,,,,,,,,,,,,,2,wafer_thickness_um=682.806; tape_thickness_um=124.501,True,True,True
2026-02-17 15:58:00,UNIT04268,LOT029,WAFER4268,PKG04268,7,Encapsulation / Molding,OSAT/ATMP,Packaging,MO-01,C,FAIL,ABNORMAL,ABNORMAL,,,,,,,,,,,,,186.803,132.456,5.028,,,,,,,,,,1,void_percentage=5.028,True,True,True
2026-02-17 15:43:00,UNIT04267,LOT029,WAFER4267,PKG04267,8,Marking,ATMP,Package Marking,MK-02,C,FAIL,ABNORMAL,ABNORMAL,,,,,,,,,,,,,,,,100.651,,,,,,,,,1,marking_quality_score=100.651,True,True,True
2026-02-17 15:20:00,UNIT04266,LOT029,WAFER4266,PKG04266,1,Wafer Inspection,ATMP,Wafer Metrology,WI-02,A,FAIL,ABNORMAL,ABNORMAL,779.525,2.374,20.443,17.127,79.423,,,,,,,,,,,,,,,,,,,,1,tape_thickness_um=79.423,True,True,True
2026-02-17 15:04:00,UNIT04265,LOT029,WAFER4265,PKG04265,1,Wafer Inspection,ATMP,Wafer Metrology,WI-01,C,FAIL,ABNORMAL,ABNORMAL,768.479,2.966,32.69,2.512,77.935,,,,,,,,,,,,,,,,,,,,1,tape_thickness_um=77.935,True,True,True
2026-02-17 14:18:00,UNIT04262,LOT029,WAFER4262,PKG04262,3,Back Grinding,ATMP,Wafer Processing,BG-01,B,FAIL,ABNORMAL,ABNORMAL,683.255,,,,,,3.354,,,,,,,,,,,,,,,,,,1,wafer_thickness_um=683.255,True,True,True
2026-02-17 14:06:00,UNIT04261,LOT029,WAFER4261,PKG04261,7,Encapsulation / Molding,OSAT/ATMP,Packaging,MO-02,A,FAIL,ABNORMAL,ABNORMAL,,,,,,,,,,,,,184.02,124.903,5.579,,,,,,,,,,1,void_percentage=5.579,True,True,True
2026-02-17 13:44:00,UNIT04260,LOT029,WAFER4260,PKG04260,1,Wafer Inspection,ATMP,Wafer Metrology,WI-01,B,FAIL,ABNORMAL,ABNORMAL,771.521,0.056,14.245,18.048,77.527,,,,,,,,,,,,,,,,,,,,1,tape_thickness_um=77.527,True,True,True
2026-02-17 13:31:00,UNIT04259,LOT029,WAFER4259,PKG04259,4,Wafer Dicing,ATMP,Wafer Processing,WD-01,A,FAIL,ABNORMAL,ABNORMAL,,,,,,,,44.619,,,,,,,,,,,,,,,,,1,kerf_width_um=44.619,True,True,True
2026-02-17 13:23:00,UNIT04258,LOT029,WAFER4258,PKG04258,12,ICT,OSAT,Electrical Testing,ICT-02,B,FAIL,ABNORMAL,ABNORMAL,,,,,,,,,,,,,,,,,,,,,9.323,,,,1,ict_current_a=9.323,True,True,True
2026-02-17 13:01:00,UNIT04257,LOT029,WAFER4257,PKG04257,6,Wire Bonding,OSAT/ATMP,Assembly,WB-01,C,FAIL,ABNORMAL,ABNORMAL,,,,,,,,,,,61.444,10.47,,,,,,,,,,,,,1,bond_pull_strength_gf=10.47,True,True,True
2026-02-17 12:42:00,UNIT04256,LOT029,WAFER4256,PKG04256,3,Back Grinding,ATMP,Wafer Processing,BG-02,B,FAIL,ABNORMAL,ABNORMAL,815.004,,,,,,0.941,,,,,,,,,,,,,,,,,,1,wafer_thickness_um=815.004,True,True,True
2026-02-17 11:57:00,UNIT04253,LOT029,WAFER4253,PKG04253,6,Wire Bonding,OSAT/ATMP,Assembly,WB-02,C,FAIL,ABNORMAL,ABNORMAL,,,,,,,,,,,70.575,6.484,,,,,,,,,,,,,1,wire_bond_force_n=70.575,True,True,True
2026-02-17 11:48:00,UNIT04252,LOT029,WAFER4252,PKG04252,13,FCT,OSAT,Functional Testing,FCT-01,C,FAIL,ABNORMAL,ABNORMAL,,,,,,,,,,,,,,,,,,,,,,3.549,,,1,fct_voltage_v=3.549,True,True,True
2026-02-17 11:20:00,UNIT04251,LOT029,WAFER4251,PKG04251,1,Wafer Inspection,ATMP,Wafer Metrology,WI-02,A,FAIL,ABNORMAL,ABNORMAL,754.311,4.035,3.563,55.948,99.196,,,,,,,,,,,,,,,,,,,,1,warp_um=55.948,True,True,True
2026-02-17 11:08:00,UNIT04250,LOT029,WAFER4250,PKG04250,5,Die Attach,OSAT/ATMP,Assembly,DA-01,A,FAIL,ABNORMAL,ABNORMAL,,,,,,,,,10.81,-2.462,,,,,,,,,,,,,,,1,attach_offset_um=-2.462,True,True,True
2026-02-17 10:50:00,UNIT04249,LOT029,WAFER4249,PKG04249,3,Back Grinding,ATMP,Wafer Processing,BG-02,B,FAIL,ABNORMAL,ABNORMAL,710.192,,,,,,5.295,,,,,,,,,,,,,,,,,,1,thickness_variation_um=5.295,True,True,True
2026-02-17 10:38:00,UNIT04248,LOT029,WAFER4248,PKG04248,7,Encapsulation / Molding,OSAT/ATMP,Packaging,MO-01,C,FAIL,ABNORMAL,ABNORMAL,,,,,,,,,,,,,187.856,99.518,4.647,,,,,,,,,,1,mold_cure_time_s=99.518,True,True,True
2026-02-17 10:22:00,UNIT04247,LOT029,WAFER4247,PKG04247,7,Encapsulation / Molding,OSAT/ATMP,Packaging,MO-01,A,FAIL,ABNORMAL,ABNORMAL,,,,,,,,,,,,,170.579,140.419,3.352,,,,,,,,,,1,mold_cure_time_s=140.419,True,True,True
2026-02-17 10:10:00,UNIT04246,LOT029,WAFER4246,PKG04246,11,Burn-in,OSAT,Testing,BI-02,B,FAIL,ABNORMAL,ABNORMAL,,,,,,,,,,,,,,,,,,,131.347,7.544,,,,,1,burn_in_temperature_c=131.347,True,True,True
2026-02-17 09:50:00,UNIT04245,LOT029,WAFER4245,PKG04245,7,Encapsulation / Molding,OSAT/ATMP,Packaging,MO-01,B,FAIL,ABNORMAL,ABNORMAL,,,,,,,,,,,,,167.361,113.178,0.572,,,,,,,,,,1,mold_temperature_c=167.361,True,True,True
2026-02-17 09:28:00,UNIT04244,LOT029,WAFER4244,PKG04244,1,Wafer Inspection,ATMP,Wafer Metrology,WI-02,A,FAIL,ABNORMAL,ABNORMAL,786.365,5.92,24.714,4.727,104.249,,,,,,,,,,,,,,,,,,,,1,ttv_um=5.92,True,True,True
2026-02-17 09:14:00,UNIT04243,LOT029,WAFER4243,PKG04243,3,Back Grinding,ATMP,Wafer Processing,BG-02,C,FAIL,ABNORMAL,ABNORMAL,685.38,,,,,,0.585,,,,,,,,,,,,,,,,,,1,wafer_thickness_um=685.38,True,True,True
2026-02-17 08:57:00,UNIT04242,LOT029,WAFER4242,PKG04242,2,Wafer Sort,OSAT,Wafer Test,WS-02,A,FAIL,ABNORMAL,ABNORMAL,,,,,,9.373,,,,,,,,,,,,,,,,,,,1,sort_current_a=9.373,True,True,True
2026-02-17 08:51:00,UNIT04241,LOT029,WAFER4241,PKG04241,12,ICT,OSAT,Electrical Testing,ICT-01,B,FAIL,ABNORMAL,ABNORMAL,,,,,,,,,,,,,,,,,,,,,9.483,,,,1,ict_current_a=9.483,True,True,True
2026-02-17 08:30:00,UNIT04240,LOT029,WAFER4240,PKG04240,7,Encapsulation / Molding,OSAT/ATMP,Packaging,MO-01,C,FAIL,ABNORMAL,ABNORMAL,,,,,,,,,,,,,181.006,95.072,3.743,,,,,,,,,,1,mold_cure_time_s=95.072,True,True,True
2026-02-17 08:21:00,UNIT04239,LOT029,WAFER4239,PKG04239,14,EOL,OSAT,Final Testing,EOL-01,C,FAIL,ABNORMAL,ABNORMAL,,,,,,,,,,,,,,,,,,,,,,,100.406,,1,eol_temperature_c=100.406,True,True,True
2026-02-17 07:54:00,UNIT04238,LOT029,WAFER4238,PKG04238,3,Back Grinding,ATMP,Wafer Processing,BG-02,A,FAIL,ABNORMAL,ABNORMAL,682.078,,,,,,4.087,,,,,,,,,,,,,,,,,,1,wafer_thickness_um=682.078,True,True,True
2026-02-17 07:38:00,UNIT04237,LOT029,WAFER4237,PKG04237,3,Back Grinding,ATMP,Wafer Processing,BG-01,B,FAIL,ABNORMAL,ABNORMAL,697.627,,,,,,2.497,,,,,,,,,,,,,,,,,,1,wafer_thickness_um=697.627,True,True,True
2026-02-17 07:24:00,UNIT04236,LOT029,WAFER4236,PKG04236,5,Die Attach,OSAT/ATMP,Assembly,DA-01,A,FAIL,ABNORMAL,ABNORMAL,,,,,,,,,10.346,53.289,,,,,,,,,,,,,,,1,attach_offset_um=53.289,True,True,True
2026-02-17 07:06:00,UNIT04235,LOT029,WAFER4235,PKG04235,3,Back Grinding,ATMP,Wafer Processing,BG-01,C,FAIL,ABNORMAL,ABNORMAL,787.058,,,,,,-0.79,,,,,,,,,,,,,,,,,,1,thickness_variation_um=-0.79,True,True,True
2026-02-17 06:52:00,UNIT04234,LOT029,WAFER4234,PKG04234,5,Die Attach,OSAT/ATMP,Assembly,DA-01,A,FAIL,ABNORMAL,ABNORMAL,,,,,,,,,7.587,24.177,,,,,,,,,,,,,,,1,attach_force_n=7.587,True,True,True
2026-02-17 06:16:00,UNIT04232,LOT029,WAFER4232,PKG04232,1,Wafer Inspection,ATMP,Wafer Metrology,WI-01,C,FAIL,ABNORMAL,ABNORMAL,792.728,1.717,10.742,10.169,126.862,,,,,,,,,,,,,,,,,,,,1,tape_thickness_um=126.862,True,True,True
2026-02-17 06:11:00,UNIT04231,LOT029,WAFER4231,PKG04231,12,ICT,OSAT,Electrical Testing,ICT-01,C,FAIL,ABNORMAL,ABNORMAL,,,,,,,,,,,,,,,,,,,,,10.668,,,,1,ict_current_a=10.668,True,True,True
2026-02-17 05:47:00,UNIT04230,LOT029,WAFER4230,PKG04230,4,Wafer Dicing,ATMP,Wafer Processing,WD-01,A,FAIL,ABNORMAL,ABNORMAL,,,,,,,,56.813,,,,,,,,,,,,,,,,,1,kerf_width_um=56.813,True,True,True
2026-02-17 05:30:00,UNIT04229,LOT029,WAFER4229,PKG04229,3,Back Grinding,ATMP,Wafer Processing,BG-01,C,FAIL,ABNORMAL,ABNORMAL,801.63,,,,,,4.222,,,,,,,,,,,,,,,,,,1,wafer_thickness_um=801.63,True,True,True
2026-02-17 04:45:00,UNIT04226,LOT029,WAFER4226,PKG04226,6,Wire Bonding,OSAT/ATMP,Assembly,WB-02,B,FAIL,ABNORMAL,ABNORMAL,,,,,,,,,,,71.549,8.761,,,,,,,,,,,,,1,wire_bond_force_n=71.549,True,True,True
2026-02-17 04:28:00,UNIT04225,LOT029,WAFER4225,PKG04225,5,Die Attach,OSAT/ATMP,Assembly,DA-01,C,FAIL,ABNORMAL,ABNORMAL,,,,,,,,,9.771,54.074,,,,,,,,,,,,,,,1,attach_offset_um=54.074,True,True,True
2026-02-17 04:13:00,UNIT04224,LOT029,WAFER4224,PKG04224,6,Wire Bonding,OSAT/ATMP,Assembly,WB-02,A,FAIL,ABNORMAL,ABNORMAL,,,,,,,,,,,70.717,8.489,,,,,,,,,,,,,1,wire_bond_force_n=70.717,True,True,True
2026-02-17 04:00:00,UNIT04223,LOT029,WAFER4223,PKG04223,9,Singulation,ATMP,Package Processing,SG-01,A,FAIL,ABNORMAL,ABNORMAL,,,,,,,,,,,,,,,,,-1.625,,,,,,,,1,singulation_damage_score=-1.625,True,True,True
2026-02-17 03:23:00,UNIT04221,LOT029,WAFER4221,PKG04221,4,Wafer Dicing,ATMP,Wafer Processing,WD-02,B,FAIL,ABNORMAL,ABNORMAL,,,,,,,,55.941,,,,,,,,,,,,,,,,,1,kerf_width_um=55.941,True,True,True
2026-02-17 03:07:00,UNIT04220,LOT029,WAFER4220,PKG04220,4,Wafer Dicing,ATMP,Wafer Processing,WD-01,C,FAIL,ABNORMAL,ABNORMAL,,,,,,,,55.59,,,,,,,,,,,,,,,,,1,kerf_width_um=55.59,True,True,True
2026-02-17 02:57:00,UNIT04219,LOT029,WAFER4219,PKG04219,10,Package Inspection,OSAT/ATMP,Package Inspection,PI-02,B,FAIL,ABNORMAL,ABNORMAL,,,,,,,,,,,,,,,,,,10.231,,,,,,,1,package_dimension_mm=10.231,True,True,True
2026-02-17 02:38:00,UNIT04218,LOT029,WAFER4218,PKG04218,7,Encapsulation / Molding,OSAT/ATMP,Packaging,MO-02,C,FAIL,ABNORMAL,ABNORMAL,,,,,,,,,,,,,171.349,122.524,5.044,,,,,,,,,,1,void_percentage=5.044,True,True,True
2026-02-17 02:20:00,UNIT04217,LOT029,WAFER4217,PKG04217,5,Die Attach,OSAT/ATMP,Assembly,DA-02,A,FAIL,ABNORMAL,ABNORMAL,,,,,,,,,10.091,57.842,,,,,,,,,,,,,,,1,attach_offset_um=57.842,True,True,True
2026-02-17 02:04:00,UNIT04216,LOT029,WAFER4216,PKG04216,5,Die Attach,OSAT/ATMP,Assembly,DA-02,A,FAIL,ABNORMAL,ABNORMAL,,,,,,,,,12.222,34.547,,,,,,,,,,,,,,,1,attach_force_n=12.222,True,True,True
2026-02-17 01:52:00,UNIT04215,LOT029,WAFER4215,PKG04215,9,Singulation,ATMP,Package Processing,SG-02,A,FAIL,ABNORMAL,ABNORMAL,,,,,,,,,,,,,,,,,11.557,,,,,,,,1,singulation_damage_score=11.557,True,True,True
2026-02-17 01:34:00,UNIT04214,LOT029,WAFER4214,PKG04214,7,Encapsulation / Molding,OSAT/ATMP,Packaging,MO-01,A,FAIL,ABNORMAL,ABNORMAL,,,,,,,,,,,,,184.367,128.578,5.922,,,,,,,,,,1,void_percentage=5.922,True,True,True
2026-02-17 01:12:00,UNIT04213,LOT029,WAFER4213,PKG04213,1,Wafer Inspection,ATMP,Wafer Metrology,WI-02,C,FAIL,ABNORMAL,ABNORMAL,710.597,-0.329,20.478,0.974,109.635,,,,,,,,,,,,,,,,,,,,1,ttv_um=-0.329,True,True,True
2026-02-17 00:56:00,UNIT04212,LOT029,WAFER4212,PKG04212,1,Wafer Inspection,ATMP,Wafer Metrology,WI-02,C,FAIL,ABNORMAL,ABNORMAL,817.306,4.917,40.437,36.256,80.038,,,,,,,,,,,,,,,,,,,,1,wafer_thickness_um=817.306,True,True,True
2026-02-17 00:55:00,UNIT04211,LOT029,WAFER4211,PKG04211,16,Packing / Dispatch,ATMP,Packaging,PK-01,A,FAIL,ABNORMAL,ABNORMAL,,,,,,,,,,,,,,,,,,,,,,,,10.378,1,packaging_damage_score=10.378,True,True,True
2026-02-16 23:36:00,UNIT04207,LOT029,WAFER4207,PKG04207,1,Wafer Inspection,ATMP,Wafer Metrology,WI-02,B,FAIL,ABNORMAL,ABNORMAL,774.558,4.099,47.803,-6.904,97.161,,,,,,,,,,,,,,,,,,,,1,warp_um=-6.904,True,True,True
2026-02-16 23:21:00,UNIT04206,LOT029,WAFER4206,PKG04206,2,Wafer Sort,OSAT,Wafer Test,WS-02,B,FAIL,ABNORMAL,ABNORMAL,,,,,,10.653,,,,,,,,,,,,,,,,,,,1,sort_current_a=10.653,True,True,True
2026-02-16 23:04:00,UNIT04205,LOT029,WAFER4205,PKG04205,1,Wafer Inspection,ATMP,Wafer Metrology,WI-01,B,FAIL,ABNORMAL,ABNORMAL,819.384,3.209,4.846,15.945,96.789,,,,,,,,,,,,,,,,,,,,1,wafer_thickness_um=819.384,True,True,True
2026-02-16 22:48:00,UNIT04204,LOT029,WAFER4204,PKG04204,1,Wafer Inspection,ATMP,Wafer Metrology,WI-01,B,FAIL,ABNORMAL,ABNORMAL,732.593,3.561,18.201,-5.701,103.036,,,,,,,,,,,,,,,,,,,,1,warp_um=-5.701,True,True,True
2026-02-16 22:18:00,UNIT04202,LOT029,WAFER4202,PKG04202,3,Back Grinding,ATMP,Wafer Processing,BG-02,C,FAIL,ABNORMAL,ABNORMAL,813.066,,,,,,3.584,,,,,,,,,,,,,,,,,,1,wafer_thickness_um=813.066,True,True,True
2026-02-16 22:04:00,UNIT04201,LOT029,WAFER4201,PKG04201,5,Die Attach,OSAT/ATMP,Assembly,DA-02,C,FAIL,ABNORMAL,ABNORMAL,,,,,,,,,7.911,46.707,,,,,,,,,,,,,,,1,attach_force_n=7.911,True,True,True
2026-02-16 21:45:00,UNIT04200,LOT028,WAFER4200,PKG04200,2,Wafer Sort,OSAT,Wafer Test,WS-01,C,FAIL,ABNORMAL,ABNORMAL,,,,,,9.498,,,,,,,,,,,,,,,,,,,1,sort_current_a=9.498,True,True,True
2026-02-16 21:38:00,UNIT04199,LOT028,WAFER4199,PKG04199,11,Burn-in,OSAT,Testing,BI-02,B,FAIL,ABNORMAL,ABNORMAL,,,,,,,,,,,,,,,,,,,118.925,4.669,,,,,1,burn_in_temperature_c=118.925,True,True,True
2026-02-16 20:59:00,UNIT04197,LOT028,WAFER4197,PKG04197,4,Wafer Dicing,ATMP,Wafer Processing,WD-02,A,FAIL,ABNORMAL,ABNORMAL,,,,,,,,44.082,,,,,,,,,,,,,,,,,1,kerf_width_um=44.082,True,True,True
2026-02-16 20:47:00,UNIT04196,LOT028,WAFER4196,PKG04196,8,Marking,ATMP,Package Marking,MK-02,B,FAIL,ABNORMAL,ABNORMAL,,,,,,,,,,,,,,,,89.766,,,,,,,,,1,marking_quality_score=89.766,True,True,True
2026-02-16 20:22:00,UNIT04194,LOT028,WAFER4194,PKG04194,15,Final Inspection,ATMP,Final Inspection,FI-02,A,FAIL,ABNORMAL,ABNORMAL,,,,,,,,,,,,,,,,95.469,,9.791,,,,,,,1,package_dimension_mm=9.791,True,True,True
2026-02-16 20:01:00,UNIT04193,LOT028,WAFER4193,PKG04193,10,Package Inspection,OSAT/ATMP,Package Inspection,PI-01,C,FAIL,ABNORMAL,ABNORMAL,,,,,,,,,,,,,,,,,,10.236,,,,,,,1,package_dimension_mm=10.236,True,True,True
2026-02-16 19:36:00,UNIT04192,LOT028,WAFER4192,PKG04192,1,Wafer Inspection,ATMP,Wafer Metrology,WI-02,A,FAIL,ABNORMAL,ABNORMAL,761.413,-0.2,28.328,16.987,91.846,,,,,,,,,,,,,,,,,,,,1,ttv_um=-0.2,True,True,True
2026-02-16 19:15:00,UNIT04190,LOT028,WAFER4190,PKG04190,12,ICT,OSAT,Electrical Testing,ICT-01,C,FAIL,ABNORMAL,ABNORMAL,,,,,,,,,,,,,,,,,,,,,9.321,,,,1,ict_current_a=9.321,True,True,True
2026-02-16 18:48:00,UNIT04189,LOT028,WAFER4189,PKG04189,1,Wafer Inspection,ATMP,Wafer Metrology,WI-02,A,FAIL,ABNORMAL,ABNORMAL,815.243,0.62,-9.938,15.548,89.956,,,,,,,,,,,,,,,,,,,,2,wafer_thickness_um=815.243; bow_um=-9.938,True,True,True
2026-02-16 18:32:00,UNIT04188,LOT028,WAFER4188,PKG04188,1,Wafer Inspection,ATMP,Wafer Metrology,WI-01,A,FAIL,ABNORMAL,ABNORMAL,802.421,0.898,42.313,27.807,98.213,,,,,,,,,,,,,,,,,,,,1,wafer_thickness_um=802.421,True,True,True
2026-02-16 18:18:00,UNIT04187,LOT028,WAFER4187,PKG04187,3,Back Grinding,ATMP,Wafer Processing,BG-01,A,FAIL,ABNORMAL,ABNORMAL,775.607,,,,,,-0.831,,,,,,,,,,,,,,,,,,1,thickness_variation_um=-0.831,True,True,True
2026-02-16 18:00:00,UNIT04186,LOT028,WAFER4186,PKG04186,1,Wafer Inspection,ATMP,Wafer Metrology,WI-01,B,FAIL,ABNORMAL,ABNORMAL,751.616,1.606,12.947,27.033,123.648,,,,,,,,,,,,,,,,,,,,1,tape_thickness_um=123.648,True,True,True
2026-02-16 17:44:00,UNIT04185,LOT028,WAFER4185,PKG04185,1,Wafer Inspection,ATMP,Wafer Metrology,WI-01,B,FAIL,ABNORMAL,ABNORMAL,791.931,4.493,35.342,-4.626,111.07,,,,,,,,,,,,,,,,,,,,1,warp_um=-4.626,True,True,True
2026-02-16 17:14:00,UNIT04183,LOT028,WAFER4183,PKG04183,3,Back Grinding,ATMP,Wafer Processing,BG-01,A,FAIL,ABNORMAL,ABNORMAL,683.708,,,,,,0.493,,,,,,,,,,,,,,,,,,1,wafer_thickness_um=683.708,True,True,True
2026-02-16 16:40:00,UNIT04181,LOT028,WAFER4181,PKG04181,1,Wafer Inspection,ATMP,Wafer Metrology,WI-02,B,FAIL,ABNORMAL,ABNORMAL,714.939,3.661,29.742,33.697,125.735,,,,,,,,,,,,,,,,,,,,1,tape_thickness_um=125.735,True,True,True
2026-02-16 16:31:00,UNIT04180,LOT028,WAFER4180,PKG04180,8,Marking,ATMP,Package Marking,MK-01,B,FAIL,ABNORMAL,ABNORMAL,,,,,,,,,,,,,,,,100.081,,,,,,,,,1,marking_quality_score=100.081,True,True,True
2026-02-16 16:22:00,UNIT04179,LOT028,WAFER4179,PKG04179,15,Final Inspection,ATMP,Final Inspection,FI-02,B,FAIL,ABNORMAL,ABNORMAL,,,,,,,,,,,,,,,,91.877,,9.736,,,,,,,1,package_dimension_mm=9.736,True,True,True
2026-02-16 15:52:00,UNIT04178,LOT028,WAFER4178,PKG04178,1,Wafer Inspection,ATMP,Wafer Metrology,WI-02,A,FAIL,ABNORMAL,ABNORMAL,690.279,2.037,1.714,8.687,99.191,,,,,,,,,,,,,,,,,,,,1,wafer_thickness_um=690.279,True,True,True
2026-02-16 15:38:00,UNIT04177,LOT028,WAFER4177,PKG04177,3,Back Grinding,ATMP,Wafer Processing,BG-02,C,FAIL,ABNORMAL,ABNORMAL,750.236,,,,,,5.692,,,,,,,,,,,,,,,,,,1,thickness_variation_um=5.692,True,True,True
2026-02-16 15:10:00,UNIT04175,LOT028,WAFER4175,PKG04175,7,Encapsulation / Molding,OSAT/ATMP,Packaging,MO-01,A,FAIL,ABNORMAL,ABNORMAL,,,,,,,,,,,,,168.101,104.299,0.685,,,,,,,,,,1,mold_temperature_c=168.101,True,True,True
2026-02-16 14:54:00,UNIT04174,LOT028,WAFER4174,PKG04174,7,Encapsulation / Molding,OSAT/ATMP,Packaging,MO-01,B,FAIL,ABNORMAL,ABNORMAL,,,,,,,,,,,,,190.412,133.764,2.661,,,,,,,,,,1,mold_temperature_c=190.412,True,True,True
2026-02-16 14:34:00,UNIT04173,LOT028,WAFER4173,PKG04173,3,Back Grinding,ATMP,Wafer Processing,BG-02,A,FAIL,ABNORMAL,ABNORMAL,695.485,,,,,,3.696,,,,,,,,,,,,,,,,,,1,wafer_thickness_um=695.485,True,True,True
2026-02-16 14:16:00,UNIT04172,LOT028,WAFER4172,PKG04172,1,Wafer Inspection,ATMP,Wafer Metrology,WI-01,A,FAIL,ABNORMAL,ABNORMAL,712.589,2.915,-9.598,35.636,81.498,,,,,,,,,,,,,,,,,,,,1,bow_um=-9.598,True,True,True
2026-02-16 13:54:00,UNIT04170,LOT028,WAFER4170,PKG04170,11,Burn-in,OSAT,Testing,BI-01,A,FAIL,ABNORMAL,ABNORMAL,,,,,,,,,,,,,,,,,,,130.985,5.939,,,,,1,burn_in_temperature_c=130.985,True,True,True
2026-02-16 13:21:00,UNIT04168,LOT028,WAFER4168,PKG04168,10,Package Inspection,OSAT/ATMP,Package Inspection,PI-02,B,FAIL,ABNORMAL,ABNORMAL,,,,,,,,,,,,,,,,,,10.237,,,,,,,1,package_dimension_mm=10.237,True,True,True
2026-02-16 13:10:00,UNIT04167,LOT028,WAFER4167,PKG04167,15,Final Inspection,ATMP,Final Inspection,FI-01,C,FAIL,ABNORMAL,ABNORMAL,,,,,,,,,,,,,,,,89.954,,9.899,,,,,,,1,marking_quality_score=89.954,True,True,True
2026-02-16 12:32:00,UNIT04165,LOT028,WAFER4165,PKG04165,9,Singulation,ATMP,Package Processing,SG-01,A,FAIL,ABNORMAL,ABNORMAL,,,,,,,,,,,,,,,,,10.094,,,,,,,,1,singulation_damage_score=10.094,True,True,True
2026-02-16 12:08:00,UNIT04164,LOT028,WAFER4164,PKG04164,1,Wafer Inspection,ATMP,Wafer Metrology,WI-01,C,FAIL,ABNORMAL,ABNORMAL,767.017,0.654,35.749,28.991,75.892,,,,,,,,,,,,,,,,,,,,1,tape_thickness_um=75.892,True,True,True
2026-02-16 11:52:00,UNIT04163,LOT028,WAFER4163,PKG04163,1,Wafer Inspection,ATMP,Wafer Metrology,WI-01,C,FAIL,ABNORMAL,ABNORMAL,761.676,5.507,24.299,29.626,94.897,,,,,,,,,,,,,,,,,,,,1,ttv_um=5.507,True,True,True
2026-02-16 11:40:00,UNIT04162,LOT028,WAFER4162,PKG04162,5,Die Attach,OSAT/ATMP,Assembly,DA-02,B,FAIL,ABNORMAL,ABNORMAL,,,,,,,,,9.135,51.011,,,,,,,,,,,,,,,1,attach_offset_um=51.011,True,True,True
2026-02-16 11:05:00,UNIT04160,LOT028,WAFER4160,PKG04160,2,Wafer Sort,OSAT,Wafer Test,WS-01,B,FAIL,ABNORMAL,ABNORMAL,,,,,,10.57,,,,,,,,,,,,,,,,,,,1,sort_current_a=10.57,True,True,True
2026-02-16 10:55:00,UNIT04159,LOT028,WAFER4159,PKG04159,8,Marking,ATMP,Package Marking,MK-01,C,FAIL,ABNORMAL,ABNORMAL,,,,,,,,,,,,,,,,89.188,,,,,,,,,1,marking_quality_score=89.188,True,True,True
2026-02-16 10:34:00,UNIT04158,LOT028,WAFER4158,PKG04158,3,Back Grinding,ATMP,Wafer Processing,BG-02,C,FAIL,ABNORMAL,ABNORMAL,755.538,,,,,,-0.017,,,,,,,,,,,,,,,,,,1,thickness_variation_um=-0.017,True,True,True
2026-02-16 10:20:00,UNIT04157,LOT028,WAFER4157,PKG04157,5,Die Attach,OSAT/ATMP,Assembly,DA-01,B,FAIL,ABNORMAL,ABNORMAL,,,,,,,,,8.49,-2.497,,,,,,,,,,,,,,,1,attach_offset_um=-2.497,True,True,True
2026-02-16 09:44:00,UNIT04155,LOT028,WAFER4155,PKG04155,1,Wafer Inspection,ATMP,Wafer Metrology,WI-02,B,FAIL,ABNORMAL,ABNORMAL,761.243,2.808,-2.588,1.999,117.9,,,,,,,,,,,,,,,,,,,,1,bow_um=-2.588,True,True,True
2026-02-16 09:17:00,UNIT04153,LOT028,WAFER4153,PKG04153,6,Wire Bonding,OSAT/ATMP,Assembly,WB-02,C,FAIL,ABNORMAL,ABNORMAL,,,,,,,,,,,69.818,10.849,,,,,,,,,,,,,1,bond_pull_strength_gf=10.849,True,True,True
2026-02-16 09:02:00,UNIT04152,LOT028,WAFER4152,PKG04152,7,Encapsulation / Molding,OSAT/ATMP,Packaging,MO-01,A,FAIL,ABNORMAL,ABNORMAL,,,,,,,,,,,,,187.67,92.904,0.745,,,,,,,,,,1,mold_cure_time_s=92.904,True,True,True
2026-02-16 08:40:00,UNIT04151,LOT028,WAFER4151,PKG04151,1,Wafer Inspection,ATMP,Wafer Metrology,WI-01,A,FAIL,ABNORMAL,ABNORMAL,736.922,1.009,16.918,35.661,126.655,,,,,,,,,,,,,,,,,,,,1,tape_thickness_um=126.655,True,True,True
2026-02-16 08:27:00,UNIT04150,LOT028,WAFER4150,PKG04150,4,Wafer Dicing,ATMP,Wafer Processing,WD-01,B,FAIL,ABNORMAL,ABNORMAL,,,,,,,,43.954,,,,,,,,,,,,,,,,,1,kerf_width_um=43.954,True,True,True
2026-02-16 07:53:00,UNIT04148,LOT028,WAFER4148,PKG04148,2,Wafer Sort,OSAT,Wafer Test,WS-02,B,FAIL,ABNORMAL,ABNORMAL,,,,,,10.525,,,,,,,,,,,,,,,,,,,1,sort_current_a=10.525,True,True,True
2026-02-16 07:50:00,UNIT04147,LOT028,WAFER4147,PKG04147,15,Final Inspection,ATMP,Final Inspection,FI-01,A,FAIL,ABNORMAL,ABNORMAL,,,,,,,,,,,,,,,,97.534,,9.779,,,,,,,1,package_dimension_mm=9.779,True,True,True
2026-02-16 07:27:00,UNIT04146,LOT028,WAFER4146,PKG04146,8,Marking,ATMP,Package Marking,MK-02,C,FAIL,ABNORMAL,ABNORMAL,,,,,,,,,,,,,,,,88.625,,,,,,,,,1,marking_quality_score=88.625,True,True,True
2026-02-16 07:14:00,UNIT04145,LOT028,WAFER4145,PKG04145,11,Burn-in,OSAT,Testing,BI-01,A,FAIL,ABNORMAL,ABNORMAL,,,,,,,,,,,,,,,,,,,125.976,8.759,,,,,1,burn_in_hours=8.759,True,True,True
2026-02-16 06:50:00,UNIT04144,LOT028,WAFER4144,PKG04144,3,Back Grinding,ATMP,Wafer Processing,BG-02,A,FAIL,ABNORMAL,ABNORMAL,691.874,,,,,,1.976,,,,,,,,,,,,,,,,,,1,wafer_thickness_um=691.874,True,True,True
2026-02-16 06:41:00,UNIT04143,LOT028,WAFER4143,PKG04143,10,Package Inspection,OSAT/ATMP,Package Inspection,PI-02,B,FAIL,ABNORMAL,ABNORMAL,,,,,,,,,,,,,,,,,,9.723,,,,,,,1,package_dimension_mm=9.723,True,True,True
2026-02-16 06:21:00,UNIT04142,LOT028,WAFER4142,PKG04142,6,Wire Bonding,OSAT/ATMP,Assembly,WB-02,A,FAIL,ABNORMAL,ABNORMAL,,,,,,,,,,,58.715,8.707,,,,,,,,,,,,,1,wire_bond_force_n=58.715,True,True,True
2026-02-16 06:02:00,UNIT04141,LOT028,WAFER4141,PKG04141,3,Back Grinding,ATMP,Wafer Processing,BG-01,B,FAIL,ABNORMAL,ABNORMAL,794.133,,,,,,-0.148,,,,,,,,,,,,,,,,,,1,thickness_variation_um=-0.148,True,True,True
2026-02-16 05:44:00,UNIT04140,LOT028,WAFER4140,PKG04140,1,Wafer Inspection,ATMP,Wafer Metrology,WI-01,B,FAIL,ABNORMAL,ABNORMAL,757.042,2.621,22.601,28.44,77.381,,,,,,,,,,,,,,,,,,,,1,tape_thickness_um=77.381,True,True,True
2026-02-16 05:28:00,UNIT04139,LOT028,WAFER4139,PKG04139,1,Wafer Inspection,ATMP,Wafer Metrology,WI-02,A,FAIL,ABNORMAL,ABNORMAL,808.811,-0.366,45.093,31.371,82.434,,,,,,,,,,,,,,,,,,,,2,wafer_thickness_um=808.811; ttv_um=-0.366,True,True,True
2026-02-16 05:12:00,UNIT04138,LOT028,WAFER4138,PKG04138,1,Wafer Inspection,ATMP,Wafer Metrology,WI-02,C,FAIL,ABNORMAL,ABNORMAL,709.416,2.707,35.934,56.302,102.268,,,,,,,,,,,,,,,,,,,,1,warp_um=56.302,True,True,True
2026-02-16 05:06:00,UNIT04137,LOT028,WAFER4137,PKG04137,11,Burn-in,OSAT,Testing,BI-01,A,FAIL,ABNORMAL,ABNORMAL,,,,,,,,,,,,,,,,,,,122.697,8.099,,,,,1,burn_in_hours=8.099,True,True,True
2026-02-16 04:15:00,UNIT04134,LOT028,WAFER4134,PKG04134,8,Marking,ATMP,Package Marking,MK-02,B,FAIL,ABNORMAL,ABNORMAL,,,,,,,,,,,,,,,,100.4,,,,,,,,,1,marking_quality_score=100.4,True,True,True
2026-02-16 03:34:00,UNIT04131,LOT028,WAFER4131,PKG04131,15,Final Inspection,ATMP,Final Inspection,FI-01,C,FAIL,ABNORMAL,ABNORMAL,,,,,,,,,,,,,,,,100.4,,10.121,,,,,,,1,marking_quality_score=100.4,True,True,True
2026-02-16 03:04:00,UNIT04130,LOT028,WAFER4130,PKG04130,1,Wafer Inspection,ATMP,Wafer Metrology,WI-02,A,FAIL,ABNORMAL,ABNORMAL,800.782,0.978,40.444,41.315,112.75,,,,,,,,,,,,,,,,,,,,1,wafer_thickness_um=800.782,True,True,True
2026-02-16 02:51:00,UNIT04129,LOT028,WAFER4129,PKG04129,4,Wafer Dicing,ATMP,Wafer Processing,WD-02,C,FAIL,ABNORMAL,ABNORMAL,,,,,,,,44.988,,,,,,,,,,,,,,,,,1,kerf_width_um=44.988,True,True,True
2026-02-16 02:16:00,UNIT04127,LOT028,WAFER4127,PKG04127,1,Wafer Inspection,ATMP,Wafer Metrology,WI-01,B,FAIL,ABNORMAL,ABNORMAL,704.45,3.68,26.443,19.857,126.135,,,,,,,,,,,,,,,,,,,,1,tape_thickness_um=126.135,True,True,True
2026-02-16 02:00:00,UNIT04126,LOT028,WAFER4126,PKG04126,1,Wafer Inspection,ATMP,Wafer Metrology,WI-01,A,FAIL,ABNORMAL,ABNORMAL,793.53,5.805,26.363,28.199,112.785,,,,,,,,,,,,,,,,,,,,1,ttv_um=5.805,True,True,True
2026-02-16 01:14:00,UNIT04123,LOT028,WAFER4123,PKG04123,3,Back Grinding,ATMP,Wafer Processing,BG-02,A,FAIL,ABNORMAL,ABNORMAL,806.298,,,,,,3.967,,,,,,,,,,,,,,,,,,1,wafer_thickness_um=806.298,True,True,True
2026-02-16 00:47:00,UNIT04121,LOT028,WAFER4121,PKG04121,8,Marking,ATMP,Package Marking,MK-01,A,FAIL,ABNORMAL,ABNORMAL,,,,,,,,,,,,,,,,89.064,,,,,,,,,1,marking_quality_score=89.064,True,True,True
2026-02-16 00:27:00,UNIT04120,LOT028,WAFER4120,PKG04120,4,Wafer Dicing,ATMP,Wafer Processing,WD-01,B,FAIL,ABNORMAL,ABNORMAL,,,,,,,,43.139,,,,,,,,,,,,,,,,,1,kerf_width_um=43.139,True,True,True
2026-02-16 00:10:00,UNIT04119,LOT028,WAFER4119,PKG04119,3,Back Grinding,ATMP,Wafer Processing,BG-02,B,FAIL,ABNORMAL,ABNORMAL,761.591,,,,,,-0.667,,,,,,,,,,,,,,,,,,1,thickness_variation_um=-0.667,True,True,True
2026-02-15 23:59:00,UNIT04118,LOT028,WAFER4118,PKG04118,8,Marking,ATMP,Package Marking,MK-02,C,FAIL,ABNORMAL,ABNORMAL,,,,,,,,,,,,,,,,101.119,,,,,,,,,1,marking_quality_score=101.119,True,True,True
2026-02-15 23:42:00,UNIT04117,LOT028,WAFER4117,PKG04117,7,Encapsulation / Molding,OSAT/ATMP,Packaging,MO-02,B,FAIL,ABNORMAL,ABNORMAL,,,,,,,,,,,,,191.141,115.352,2.336,,,,,,,,,,1,mold_temperature_c=191.141,True,True,True
2026-02-15 23:05:00,UNIT04115,LOT028,WAFER4115,PKG04115,2,Wafer Sort,OSAT,Wafer Test,WS-01,B,FAIL,ABNORMAL,ABNORMAL,,,,,,9.473,,,,,,,,,,,,,,,,,,,1,sort_current_a=9.473,True,True,True
2026-02-15 22:58:00,UNIT04114,LOT028,WAFER4114,PKG04114,11,Burn-in,OSAT,Testing,BI-01,C,FAIL,ABNORMAL,ABNORMAL,,,,,,,,,,,,,,,,,,,125.574,8.233,,,,,1,burn_in_hours=8.233,True,True,True
2026-02-15 22:33:00,UNIT04113,LOT028,WAFER4113,PKG04113,2,Wafer Sort,OSAT,Wafer Test,WS-01,A,FAIL,ABNORMAL,ABNORMAL,,,,,,10.545,,,,,,,,,,,,,,,,,,,1,sort_current_a=10.545,True,True,True
2026-02-15 22:22:00,UNIT04112,LOT028,WAFER4112,PKG04112,7,Encapsulation / Molding,OSAT/ATMP,Packaging,MO-01,C,FAIL,ABNORMAL,ABNORMAL,,,,,,,,,,,,,166.083,137.217,0.741,,,,,,,,,,1,mold_temperature_c=166.083,True,True,True
2026-02-15 22:00:00,UNIT04111,LOT028,WAFER4111,PKG04111,1,Wafer Inspection,ATMP,Wafer Metrology,WI-02,A,FAIL,ABNORMAL,ABNORMAL,799.882,5.391,4.164,50.672,107.935,,,,,,,,,,,,,,,,,,,,2,ttv_um=5.391; warp_um=50.672,True,True,True
2026-02-15 21:28:00,UNIT04109,LOT028,WAFER4109,PKG04109,1,Wafer Inspection,ATMP,Wafer Metrology,WI-01,A,FAIL,ABNORMAL,ABNORMAL,717.731,2.039,-3.744,18.253,95.235,,,,,,,,,,,,,,,,,,,,1,bow_um=-3.744,True,True,True
2026-02-15 20:40:00,UNIT04106,LOT028,WAFER4106,PKG04106,1,Wafer Inspection,ATMP,Wafer Metrology,WI-01,A,FAIL,ABNORMAL,ABNORMAL,736.419,4.98,3.393,44.654,72.596,,,,,,,,,,,,,,,,,,,,1,tape_thickness_um=72.596,True,True,True
2026-02-15 20:12:00,UNIT04104,LOT028,WAFER4104,PKG04104,5,Die Attach,OSAT/ATMP,Assembly,DA-02,A,FAIL,ABNORMAL,ABNORMAL,,,,,,,,,7.79,29.584,,,,,,,,,,,,,,,1,attach_force_n=7.79,True,True,True
2026-02-15 19:52:00,UNIT04103,LOT028,WAFER4103,PKG04103,1,Wafer Inspection,ATMP,Wafer Metrology,WI-02,B,FAIL,ABNORMAL,ABNORMAL,787.013,3.889,2.897,-1.51,80.18,,,,,,,,,,,,,,,,,,,,1,warp_um=-1.51,True,True,True
2026-02-15 19:36:00,UNIT04102,LOT028,WAFER4102,PKG04102,1,Wafer Inspection,ATMP,Wafer Metrology,WI-01,C,FAIL,ABNORMAL,ABNORMAL,777.789,0.822,52.666,25.657,80.539,,,,,,,,,,,,,,,,,,,,1,bow_um=52.666,True,True,True
2026-02-15 19:24:00,UNIT04101,LOT028,WAFER4101,PKG04101,5,Die Attach,OSAT/ATMP,Assembly,DA-02,B,FAIL,ABNORMAL,ABNORMAL,,,,,,,,,11.716,57.406,,,,,,,,,,,,,,,1,attach_offset_um=57.406,True,True,True
2026-02-15 18:42:00,UNIT04098,LOT028,WAFER4098,PKG04098,11,Burn-in,OSAT,Testing,BI-02,B,FAIL,ABNORMAL,ABNORMAL,,,,,,,,,,,,,,,,,,,122.625,3.965,,,,,1,burn_in_hours=3.965,True,True,True
2026-02-15 18:22:00,UNIT04097,LOT028,WAFER4097,PKG04097,7,Encapsulation / Molding,OSAT/ATMP,Packaging,MO-01,B,FAIL,ABNORMAL,ABNORMAL,,,,,,,,,,,,,167.855,118.283,2.73,,,,,,,,,,1,mold_temperature_c=167.855,True,True,True
2026-02-15 18:00:00,UNIT04096,LOT028,WAFER4096,PKG04096,1,Wafer Inspection,ATMP,Wafer Metrology,WI-01,C,FAIL,ABNORMAL,ABNORMAL,713.693,3.375,9.481,8.521,120.194,,,,,,,,,,,,,,,,,,,,1,tape_thickness_um=120.194,True,True,True
2026-02-15 17:52:00,UNIT04095,LOT028,WAFER4095,PKG04095,9,Singulation,ATMP,Package Processing,SG-02,A,FAIL,ABNORMAL,ABNORMAL,,,,,,,,,,,,,,,,,11.117,,,,,,,,1,singulation_damage_score=11.117,True,True,True
2026-02-15 17:35:00,UNIT04094,LOT028,WAFER4094,PKG04094,8,Marking,ATMP,Package Marking,MK-02,B,FAIL,ABNORMAL,ABNORMAL,,,,,,,,,,,,,,,,100.612,,,,,,,,,1,marking_quality_score=100.612,True,True,True
2026-02-15 17:26:00,UNIT04093,LOT028,WAFER4093,PKG04093,15,Final Inspection,ATMP,Final Inspection,FI-02,A,FAIL,ABNORMAL,ABNORMAL,,,,,,,,,,,,,,,,96.48,,9.757,,,,,,,1,package_dimension_mm=9.757,True,True,True
2026-02-15 17:06:00,UNIT04092,LOT028,WAFER4092,PKG04092,11,Burn-in,OSAT,Testing,BI-02,B,FAIL,ABNORMAL,ABNORMAL,,,,,,,,,,,,,,,,,,,124.191,8.532,,,,,1,burn_in_hours=8.532,True,True,True
2026-02-15 16:54:00,UNIT04091,LOT028,WAFER4091,PKG04091,15,Final Inspection,ATMP,Final Inspection,FI-01,A,FAIL,ABNORMAL,ABNORMAL,,,,,,,,,,,,,,,,97.934,,9.729,,,,,,,1,package_dimension_mm=9.729,True,True,True
2026-02-15 16:28:00,UNIT04090,LOT028,WAFER4090,PKG04090,5,Die Attach,OSAT/ATMP,Assembly,DA-01,C,FAIL,ABNORMAL,ABNORMAL,,,,,,,,,12.251,40.49,,,,,,,,,,,,,,,1,attach_force_n=12.251,True,True,True
2026-02-15 16:06:00,UNIT04088,LOT028,WAFER4088,PKG04088,15,Final Inspection,ATMP,Final Inspection,FI-02,B,FAIL,ABNORMAL,ABNORMAL,,,,,,,,,,,,,,,,100.996,,9.976,,,,,,,1,marking_quality_score=100.996,True,True,True
2026-02-15 15:36:00,UNIT04087,LOT028,WAFER4087,PKG04087,1,Wafer Inspection,ATMP,Wafer Metrology,WI-02,C,FAIL,ABNORMAL,ABNORMAL,775.618,2.14,27.324,54.126,110.513,,,,,,,,,,,,,,,,,,,,1,warp_um=54.126,True,True,True
2026-02-15 15:04:00,UNIT04085,LOT028,WAFER4085,PKG04085,1,Wafer Inspection,ATMP,Wafer Metrology,WI-01,A,FAIL,ABNORMAL,ABNORMAL,723.277,-0.354,33.521,20.884,102.74,,,,,,,,,,,,,,,,,,,,1,ttv_um=-0.354,True,True,True
2026-02-15 14:54:00,UNIT04084,LOT028,WAFER4084,PKG04084,7,Encapsulation / Molding,OSAT/ATMP,Packaging,MO-01,A,FAIL,ABNORMAL,ABNORMAL,,,,,,,,,,,,,188.92,137.682,-0.923,,,,,,,,,,1,void_percentage=-0.923,True,True,True
2026-02-15 14:24:00,UNIT04082,LOT028,WAFER4082,PKG04082,9,Singulation,ATMP,Package Processing,SG-01,C,FAIL,ABNORMAL,ABNORMAL,,,,,,,,,,,,,,,,,11.711,,,,,,,,1,singulation_damage_score=11.711,True,True,True
2026-02-15 14:04:00,UNIT04081,LOT028,WAFER4081,PKG04081,5,Die Attach,OSAT/ATMP,Assembly,DA-01,B,FAIL,ABNORMAL,ABNORMAL,,,,,,,,,7.471,0.9,,,,,,,,,,,,,,,1,attach_force_n=7.471,True,True,True
2026-02-15 12:30:00,UNIT04075,LOT028,WAFER4075,PKG04075,7,Encapsulation / Molding,OSAT/ATMP,Packaging,MO-02,B,FAIL,ABNORMAL,ABNORMAL,,,,,,,,,,,,,192.754,126.41,0.639,,,,,,,,,,1,mold_temperature_c=192.754,True,True,True
2026-02-15 11:57:00,UNIT04073,LOT028,WAFER4073,PKG04073,6,Wire Bonding,OSAT/ATMP,Assembly,WB-02,A,FAIL,ABNORMAL,ABNORMAL,,,,,,,,,,,69.322,4.479,,,,,,,,,,,,,1,bond_pull_strength_gf=4.479,True,True,True
2026-02-15 11:04:00,UNIT04070,LOT028,WAFER4070,PKG04070,1,Wafer Inspection,ATMP,Wafer Metrology,WI-01,A,FAIL,ABNORMAL,ABNORMAL,750.123,-0.215,27.665,42.9,84.116,,,,,,,,,,,,,,,,,,,,1,ttv_um=-0.215,True,True,True
2026-02-15 10:54:00,UNIT04069,LOT028,WAFER4069,PKG04069,7,Encapsulation / Molding,OSAT/ATMP,Packaging,MO-02,B,FAIL,ABNORMAL,ABNORMAL,,,,,,,,,,,,,176.678,135.186,5.56,,,,,,,,,,1,void_percentage=5.56,True,True,True
2026-02-15 10:32:00,UNIT04068,LOT028,WAFER4068,PKG04068,1,Wafer Inspection,ATMP,Wafer Metrology,WI-02,B,FAIL,ABNORMAL,ABNORMAL,761.84,3.65,48.763,-8.783,92.523,,,,,,,,,,,,,,,,,,,,1,warp_um=-8.783,True,True,True
2026-02-15 10:23:00,UNIT04067,LOT028,WAFER4067,PKG04067,8,Marking,ATMP,Package Marking,MK-01,B,FAIL,ABNORMAL,ABNORMAL,,,,,,,,,,,,,,,,88.945,,,,,,,,,1,marking_quality_score=88.945,True,True,True
2026-02-15 09:51:00,UNIT04065,LOT028,WAFER4065,PKG04065,8,Marking,ATMP,Package Marking,MK-02,C,FAIL,ABNORMAL,ABNORMAL,,,,,,,,,,,,,,,,101.141,,,,,,,,,1,marking_quality_score=101.141,True,True,True
2026-02-15 09:29:00,UNIT04064,LOT028,WAFER4064,PKG04064,2,Wafer Sort,OSAT,Wafer Test,WS-01,A,FAIL,ABNORMAL,ABNORMAL,,,,,,9.454,,,,,,,,,,,,,,,,,,,1,sort_current_a=9.454,True,True,True
2026-02-15 09:12:00,UNIT04063,LOT028,WAFER4063,PKG04063,1,Wafer Inspection,ATMP,Wafer Metrology,WI-01,A,FAIL,ABNORMAL,ABNORMAL,768.208,-0.231,42.583,0.886,99.456,,,,,,,,,,,,,,,,,,,,1,ttv_um=-0.231,True,True,True
2026-02-15 08:56:00,UNIT04062,LOT028,WAFER4062,PKG04062,1,Wafer Inspection,ATMP,Wafer Metrology,WI-01,C,FAIL,ABNORMAL,ABNORMAL,745.368,3.479,18.463,51.491,92.859,,,,,,,,,,,,,,,,,,,,1,warp_um=51.491,True,True,True
2026-02-15 08:51:00,UNIT04061,LOT028,WAFER4061,PKG04061,12,ICT,OSAT,Electrical Testing,ICT-01,B,FAIL,ABNORMAL,ABNORMAL,,,,,,,,,,,,,,,,,,,,,9.474,,,,1,ict_current_a=9.474,True,True,True
2026-02-15 08:08:00,UNIT04059,LOT028,WAFER4059,PKG04059,1,Wafer Inspection,ATMP,Wafer Metrology,WI-02,B,FAIL,ABNORMAL,ABNORMAL,744.895,4.53,38.458,13.651,73.043,,,,,,,,,,,,,,,,,,,,1,tape_thickness_um=73.043,True,True,True
2026-02-15 07:57:00,UNIT04058,LOT028,WAFER4058,PKG04058,6,Wire Bonding,OSAT/ATMP,Assembly,WB-01,A,FAIL,ABNORMAL,ABNORMAL,,,,,,,,,,,58.875,10.686,,,,,,,,,,,,,2,wire_bond_force_n=58.875; bond_pull_strength_gf=10.686,True,True,True
2026-02-15 07:38:00,UNIT04057,LOT028,WAFER4057,PKG04057,3,Back Grinding,ATMP,Wafer Processing,BG-02,C,FAIL,ABNORMAL,ABNORMAL,819.051,,,,,,5.298,,,,,,,,,,,,,,,,,,2,wafer_thickness_um=819.051; thickness_variation_um=5.298,True,True,True
2026-02-15 07:24:00,UNIT04056,LOT028,WAFER4056,PKG04056,5,Die Attach,OSAT/ATMP,Assembly,DA-02,A,FAIL,ABNORMAL,ABNORMAL,,,,,,,,,12.669,45.879,,,,,,,,,,,,,,,1,attach_force_n=12.669,True,True,True
2026-02-15 06:48:00,UNIT04054,LOT028,WAFER4054,PKG04054,1,Wafer Inspection,ATMP,Wafer Metrology,WI-02,C,FAIL,ABNORMAL,ABNORMAL,759.584,0.077,35.912,-9.738,111.41,,,,,,,,,,,,,,,,,,,,1,warp_um=-9.738,True,True,True
2026-02-15 06:16:00,UNIT04052,LOT028,WAFER4052,PKG04052,1,Wafer Inspection,ATMP,Wafer Metrology,WI-01,A,FAIL,ABNORMAL,ABNORMAL,799.807,0.582,-7.147,10.539,101.768,,,,,,,,,,,,,,,,,,,,1,bow_um=-7.147,True,True,True
2026-02-15 06:06:00,UNIT04051,LOT028,WAFER4051,PKG04051,7,Encapsulation / Molding,OSAT/ATMP,Packaging,MO-02,B,FAIL,ABNORMAL,ABNORMAL,,,,,,,,,,,,,178.314,117.899,-0.537,,,,,,,,,,1,void_percentage=-0.537,True,True,True
2026-02-15 05:53:00,UNIT04050,LOT027,WAFER4050,PKG04050,10,Package Inspection,OSAT/ATMP,Package Inspection,PI-01,A,FAIL,ABNORMAL,ABNORMAL,,,,,,,,,,,,,,,,,,10.212,,,,,,,1,package_dimension_mm=10.212,True,True,True
2026-02-15 05:28:00,UNIT04049,LOT027,WAFER4049,PKG04049,1,Wafer Inspection,ATMP,Wafer Metrology,WI-01,B,FAIL,ABNORMAL,ABNORMAL,767.337,3.627,51.962,37.985,115.176,,,,,,,,,,,,,,,,,,,,1,bow_um=51.962,True,True,True
2026-02-15 05:12:00,UNIT04048,LOT027,WAFER4048,PKG04048,1,Wafer Inspection,ATMP,Wafer Metrology,WI-01,B,FAIL,ABNORMAL,ABNORMAL,686.572,3.302,25.927,23.616,84.03,,,,,,,,,,,,,,,,,,,,1,wafer_thickness_um=686.572,True,True,True
2026-02-15 04:42:00,UNIT04046,LOT027,WAFER4046,PKG04046,3,Back Grinding,ATMP,Wafer Processing,BG-01,C,FAIL,ABNORMAL,ABNORMAL,808.124,,,,,,3.172,,,,,,,,,,,,,,,,,,1,wafer_thickness_um=808.124,True,True,True
2026-02-15 04:38:00,UNIT04045,LOT027,WAFER4045,PKG04045,15,Final Inspection,ATMP,Final Inspection,FI-02,C,FAIL,ABNORMAL,ABNORMAL,,,,,,,,,,,,,,,,94.246,,10.256,,,,,,,1,package_dimension_mm=10.256,True,True,True
2026-02-15 04:12:00,UNIT04044,LOT027,WAFER4044,PKG04044,5,Die Attach,OSAT/ATMP,Assembly,DA-02,C,FAIL,ABNORMAL,ABNORMAL,,,,,,,,,12.714,46.475,,,,,,,,,,,,,,,1,attach_force_n=12.714,True,True,True
2026-02-15 03:58:00,UNIT04043,LOT027,WAFER4043,PKG04043,7,Encapsulation / Molding,OSAT/ATMP,Packaging,MO-01,A,FAIL,ABNORMAL,ABNORMAL,,,,,,,,,,,,,193.098,102.607,2.566,,,,,,,,,,1,mold_temperature_c=193.098,True,True,True
2026-02-15 03:44:00,UNIT04042,LOT027,WAFER4042,PKG04042,9,Singulation,ATMP,Package Processing,SG-01,B,FAIL,ABNORMAL,ABNORMAL,,,,,,,,,,,,,,,,,-1.143,,,,,,,,1,singulation_damage_score=-1.143,True,True,True
2026-02-15 03:26:00,UNIT04041,LOT027,WAFER4041,PKG04041,7,Encapsulation / Molding,OSAT/ATMP,Packaging,MO-02,B,FAIL,ABNORMAL,ABNORMAL,,,,,,,,,,,,,191.928,115.66,0.308,,,,,,,,,,1,mold_temperature_c=191.928,True,True,True
2026-02-15 02:48:00,UNIT04039,LOT027,WAFER4039,PKG04039,1,Wafer Inspection,ATMP,Wafer Metrology,WI-02,A,FAIL,ABNORMAL,ABNORMAL,694.294,0.023,36.216,33.05,98.747,,,,,,,,,,,,,,,,,,,,1,wafer_thickness_um=694.294,True,True,True
2026-02-15 02:32:00,UNIT04038,LOT027,WAFER4038,PKG04038,1,Wafer Inspection,ATMP,Wafer Metrology,WI-02,A,FAIL,ABNORMAL,ABNORMAL,719.899,5.45,34.273,39.303,84.955,,,,,,,,,,,,,,,,,,,,1,ttv_um=5.45,True,True,True
2026-02-15 02:17:00,UNIT04037,LOT027,WAFER4037,PKG04037,2,Wafer Sort,OSAT,Wafer Test,WS-01,C,FAIL,ABNORMAL,ABNORMAL,,,,,,10.58,,,,,,,,,,,,,,,,,,,1,sort_current_a=10.58,True,True,True
2026-02-15 02:05:00,UNIT04036,LOT027,WAFER4036,PKG04036,6,Wire Bonding,OSAT/ATMP,Assembly,WB-01,C,FAIL,ABNORMAL,ABNORMAL,,,,,,,,,,,60.737,4.148,,,,,,,,,,,,,1,bond_pull_strength_gf=4.148,True,True,True
2026-02-15 01:28:00,UNIT04034,LOT027,WAFER4034,PKG04034,1,Wafer Inspection,ATMP,Wafer Metrology,WI-01,B,FAIL,ABNORMAL,ABNORMAL,681.454,0.107,26.362,30.921,92.308,,,,,,,,,,,,,,,,,,,,1,wafer_thickness_um=681.454,True,True,True
2026-02-15 01:24:00,UNIT04033,LOT027,WAFER4033,PKG04033,13,FCT,OSAT,Functional Testing,FCT-01,A,FAIL,ABNORMAL,ABNORMAL,,,,,,,,,,,,,,,,,,,,,,3.023,,,1,fct_voltage_v=3.023,True,True,True
2026-02-15 00:30:00,UNIT04030,LOT027,WAFER4030,PKG04030,7,Encapsulation / Molding,OSAT/ATMP,Packaging,MO-02,A,FAIL,ABNORMAL,ABNORMAL,,,,,,,,,,,,,187.339,135.147,5.075,,,,,,,,,,1,void_percentage=5.075,True,True,True
2026-02-15 00:08:00,UNIT04029,LOT027,WAFER4029,PKG04029,1,Wafer Inspection,ATMP,Wafer Metrology,WI-02,A,FAIL,ABNORMAL,ABNORMAL,749.155,2.806,12.882,16.288,78.375,,,,,,,,,,,,,,,,,,,,1,tape_thickness_um=78.375,True,True,True
2026-02-14 23:54:00,UNIT04028,LOT027,WAFER4028,PKG04028,3,Back Grinding,ATMP,Wafer Processing,BG-02,C,FAIL,ABNORMAL,ABNORMAL,707.769,,,,,,-0.933,,,,,,,,,,,,,,,,,,1,thickness_variation_um=-0.933,True,True,True
2026-02-14 23:36:00,UNIT04027,LOT027,WAFER4027,PKG04027,1,Wafer Inspection,ATMP,Wafer Metrology,WI-02,C,FAIL,ABNORMAL,ABNORMAL,759.838,2.823,19.813,50.314,87.699,,,,,,,,,,,,,,,,,,,,1,warp_um=50.314,True,True,True
2026-02-14 23:20:00,UNIT04026,LOT027,WAFER4026,PKG04026,1,Wafer Inspection,ATMP,Wafer Metrology,WI-02,B,FAIL,ABNORMAL,ABNORMAL,711.738,-0.154,1.487,-0.801,90.87,,,,,,,,,,,,,,,,,,,,2,ttv_um=-0.154; warp_um=-0.801,True,True,True
2026-02-14 23:08:00,UNIT04025,LOT027,WAFER4025,PKG04025,5,Die Attach,OSAT/ATMP,Assembly,DA-01,C,FAIL,ABNORMAL,ABNORMAL,,,,,,,,,10.795,-9.513,,,,,,,,,,,,,,,1,attach_offset_um=-9.513,True,True,True
2026-02-14 22:47:00,UNIT04023,LOT027,WAFER4023,PKG04023,16,Packing / Dispatch,ATMP,Packaging,PK-02,B,FAIL,ABNORMAL,ABNORMAL,,,,,,,,,,,,,,,,,,,,,,,,10.305,1,packaging_damage_score=10.305,True,True,True
2026-02-14 22:26:00,UNIT04022,LOT027,WAFER4022,PKG04022,11,Burn-in,OSAT,Testing,BI-01,A,FAIL,ABNORMAL,ABNORMAL,,,,,,,,,,,,,,,,,,,126.387,3.8,,,,,1,burn_in_hours=3.8,True,True,True
2026-02-14 22:03:00,UNIT04021,LOT027,WAFER4021,PKG04021,4,Wafer Dicing,ATMP,Wafer Processing,WD-01,A,FAIL,ABNORMAL,ABNORMAL,,,,,,,,43.596,,,,,,,,,,,,,,,,,1,kerf_width_um=43.596,True,True,True
2026-02-14 21:48:00,UNIT04020,LOT027,WAFER4020,PKG04020,5,Die Attach,OSAT/ATMP,Assembly,DA-01,C,FAIL,ABNORMAL,ABNORMAL,,,,,,,,,8.89,-4.527,,,,,,,,,,,,,,,1,attach_offset_um=-4.527,True,True,True
2026-02-14 21:30:00,UNIT04019,LOT027,WAFER4019,PKG04019,3,Back Grinding,ATMP,Wafer Processing,BG-02,C,FAIL,ABNORMAL,ABNORMAL,804.454,,,,,,3.016,,,,,,,,,,,,,,,,,,1,wafer_thickness_um=804.454,True,True,True
2026-02-14 21:22:00,UNIT04018,LOT027,WAFER4018,PKG04018,11,Burn-in,OSAT,Testing,BI-01,A,FAIL,ABNORMAL,ABNORMAL,,,,,,,,,,,,,,,,,,,118.207,5.518,,,,,1,burn_in_temperature_c=118.207,True,True,True
2026-02-14 20:40:00,UNIT04016,LOT027,WAFER4016,PKG04016,1,Wafer Inspection,ATMP,Wafer Metrology,WI-01,A,FAIL,ABNORMAL,ABNORMAL,776.676,5.829,32.583,38.664,103.089,,,,,,,,,,,,,,,,,,,,1,ttv_um=5.829,True,True,True
2026-02-14 20:26:00,UNIT04015,LOT027,WAFER4015,PKG04015,3,Back Grinding,ATMP,Wafer Processing,BG-02,A,FAIL,ABNORMAL,ABNORMAL,801.201,,,,,,3.69,,,,,,,,,,,,,,,,,,1,wafer_thickness_um=801.201,True,True,True
2026-02-14 20:10:00,UNIT04014,LOT027,WAFER4014,PKG04014,3,Back Grinding,ATMP,Wafer Processing,BG-01,A,FAIL,ABNORMAL,ABNORMAL,732.741,,,,,,5.599,,,,,,,,,,,,,,,,,,1,thickness_variation_um=5.599,True,True,True
2026-02-14 19:37:00,UNIT04012,LOT027,WAFER4012,PKG04012,2,Wafer Sort,OSAT,Wafer Test,WS-02,C,FAIL,ABNORMAL,ABNORMAL,,,,,,10.662,,,,,,,,,,,,,,,,,,,1,sort_current_a=10.662,True,True,True
2026-02-14 19:04:00,UNIT04010,LOT027,WAFER4010,PKG04010,1,Wafer Inspection,ATMP,Wafer Metrology,WI-02,B,FAIL,ABNORMAL,ABNORMAL,809.891,2.042,48.648,41.384,117.591,,,,,,,,,,,,,,,,,,,,1,wafer_thickness_um=809.891,True,True,True
2026-02-14 18:48:00,UNIT04009,LOT027,WAFER4009,PKG04009,1,Wafer Inspection,ATMP,Wafer Metrology,WI-02,A,FAIL,ABNORMAL,ABNORMAL,808.977,4.573,54.416,34.897,118.071,,,,,,,,,,,,,,,,,,,,2,wafer_thickness_um=808.977; bow_um=54.416,True,True,True
2026-02-14 17:49:00,UNIT04005,LOT027,WAFER4005,PKG04005,6,Wire Bonding,OSAT/ATMP,Assembly,WB-02,B,FAIL,ABNORMAL,ABNORMAL,,,,,,,,,,,68.401,10.347,,,,,,,,,,,,,1,bond_pull_strength_gf=10.347,True,True,True
2026-02-14 17:28:00,UNIT04004,LOT027,WAFER4004,PKG04004,1,Wafer Inspection,ATMP,Wafer Metrology,WI-01,B,FAIL,ABNORMAL,ABNORMAL,798.569,2.596,-8.63,14.008,93.347,,,,,,,,,,,,,,,,,,,,1,bow_um=-8.63,True,True,True
2026-02-14 16:30:00,UNIT04000,LOT027,WAFER4000,PKG04000,7,Encapsulation / Molding,OSAT/ATMP,Packaging,MO-02,A,FAIL,ABNORMAL,ABNORMAL,,,,,,,,,,,,,180.36,123.76,-0.924,,,,,,,,,,1,void_percentage=-0.924,True,True,True
2026-02-14 16:08:00,UNIT03999,LOT027,WAFER3999,PKG03999,1,Wafer Inspection,ATMP,Wafer Metrology,WI-01,B,FAIL,ABNORMAL,ABNORMAL,760.789,4.825,42.759,53.402,113.366,,,,,,,,,,,,,,,,,,,,1,warp_um=53.402,True,True,True
2026-02-14 15:52:00,UNIT03998,LOT027,WAFER3998,PKG03998,1,Wafer Inspection,ATMP,Wafer Metrology,WI-01,C,FAIL,ABNORMAL,ABNORMAL,703.502,-0.818,29.64,23.176,113.619,,,,,,,,,,,,,,,,,,,,1,ttv_um=-0.818,True,True,True
2026-02-14 15:43:00,UNIT03997,LOT027,WAFER3997,PKG03997,8,Marking,ATMP,Package Marking,MK-02,C,FAIL,ABNORMAL,ABNORMAL,,,,,,,,,,,,,,,,101.427,,,,,,,,,1,marking_quality_score=101.427,True,True,True
2026-02-14 15:20:00,UNIT03996,LOT027,WAFER3996,PKG03996,1,Wafer Inspection,ATMP,Wafer Metrology,WI-01,C,FAIL,ABNORMAL,ABNORMAL,732.302,1.899,28.754,29.064,76.707,,,,,,,,,,,,,,,,,,,,1,tape_thickness_um=76.707,True,True,True
2026-02-14 15:08:00,UNIT03995,LOT027,WAFER3995,PKG03995,5,Die Attach,OSAT/ATMP,Assembly,DA-02,A,FAIL,ABNORMAL,ABNORMAL,,,,,,,,,12.035,29.038,,,,,,,,,,,,,,,1,attach_force_n=12.035,True,True,True
2026-02-14 14:32:00,UNIT03993,LOT027,WAFER3993,PKG03993,1,Wafer Inspection,ATMP,Wafer Metrology,WI-01,A,FAIL,ABNORMAL,ABNORMAL,709.939,3.637,10.238,-9.281,102.083,,,,,,,,,,,,,,,,,,,,1,warp_um=-9.281,True,True,True
2026-02-14 14:04:00,UNIT03991,LOT027,WAFER3991,PKG03991,5,Die Attach,OSAT/ATMP,Assembly,DA-01,C,FAIL,ABNORMAL,ABNORMAL,,,,,,,,,11.458,-4.604,,,,,,,,,,,,,,,1,attach_offset_um=-4.604,True,True,True
2026-02-14 13:57:00,UNIT03990,LOT027,WAFER3990,PKG03990,14,EOL,OSAT,Final Testing,EOL-01,C,FAIL,ABNORMAL,ABNORMAL,,,,,,,,,,,,,,,,,,,,,,,103.954,,1,eol_temperature_c=103.954,True,True,True
2026-02-14 13:41:00,UNIT03989,LOT027,WAFER3989,PKG03989,14,EOL,OSAT,Final Testing,EOL-02,C,FAIL,ABNORMAL,ABNORMAL,,,,,,,,,,,,,,,,,,,,,,,100.363,,1,eol_temperature_c=100.363,True,True,True
2026-02-14 13:16:00,UNIT03988,LOT027,WAFER3988,PKG03988,5,Die Attach,OSAT/ATMP,Assembly,DA-02,A,FAIL,ABNORMAL,ABNORMAL,,,,,,,,,7.337,30.063,,,,,,,,,,,,,,,1,attach_force_n=7.337,True,True,True
2026-02-14 13:02:00,UNIT03987,LOT027,WAFER3987,PKG03987,7,Encapsulation / Molding,OSAT/ATMP,Packaging,MO-01,C,FAIL,ABNORMAL,ABNORMAL,,,,,,,,,,,,,168.172,121.609,3.579,,,,,,,,,,1,mold_temperature_c=168.172,True,True,True
2026-02-14 12:44:00,UNIT03986,LOT027,WAFER3986,PKG03986,5,Die Attach,OSAT/ATMP,Assembly,DA-01,A,FAIL,ABNORMAL,ABNORMAL,,,,,,,,,12.573,44.156,,,,,,,,,,,,,,,1,attach_force_n=12.573,True,True,True
2026-02-14 12:34:00,UNIT03985,LOT027,WAFER3985,PKG03985,11,Burn-in,OSAT,Testing,BI-01,A,FAIL,ABNORMAL,ABNORMAL,,,,,,,,,,,,,,,,,,,128.89,8.702,,,,,1,burn_in_hours=8.702,True,True,True
2026-02-14 11:54:00,UNIT03983,LOT027,WAFER3983,PKG03983,3,Back Grinding,ATMP,Wafer Processing,BG-02,B,FAIL,ABNORMAL,ABNORMAL,727.919,,,,,,5.364,,,,,,,,,,,,,,,,,,1,thickness_variation_um=5.364,True,True,True
2026-02-14 11:36:00,UNIT03982,LOT027,WAFER3982,PKG03982,1,Wafer Inspection,ATMP,Wafer Metrology,WI-01,A,FAIL,ABNORMAL,ABNORMAL,798.93,3.892,0.188,59.274,91.692,,,,,,,,,,,,,,,,,,,,1,warp_um=59.274,True,True,True
2026-02-14 11:21:00,UNIT03981,LOT027,WAFER3981,PKG03981,2,Wafer Sort,OSAT,Wafer Test,WS-02,B,FAIL,ABNORMAL,ABNORMAL,,,,,,9.345,,,,,,,,,,,,,,,,,,,1,sort_current_a=9.345,True,True,True
2026-02-14 11:04:00,UNIT03980,LOT027,WAFER3980,PKG03980,1,Wafer Inspection,ATMP,Wafer Metrology,WI-01,C,FAIL,ABNORMAL,ABNORMAL,750.371,0.518,45.536,-5.575,114.919,,,,,,,,,,,,,,,,,,,,1,warp_um=-5.575,True,True,True
2026-02-14 10:32:00,UNIT03978,LOT027,WAFER3978,PKG03978,1,Wafer Inspection,ATMP,Wafer Metrology,WI-01,A,FAIL,ABNORMAL,ABNORMAL,729.411,2.639,41.819,15.802,123.083,,,,,,,,,,,,,,,,,,,,1,tape_thickness_um=123.083,True,True,True
2026-02-14 10:20:00,UNIT03977,LOT027,WAFER3977,PKG03977,5,Die Attach,OSAT/ATMP,Assembly,DA-01,C,FAIL,ABNORMAL,ABNORMAL,,,,,,,,,11.437,55.679,,,,,,,,,,,,,,,1,attach_offset_um=55.679,True,True,True
2026-02-14 10:02:00,UNIT03976,LOT027,WAFER3976,PKG03976,3,Back Grinding,ATMP,Wafer Processing,BG-02,B,FAIL,ABNORMAL,ABNORMAL,735.858,,,,,,5.73,,,,,,,,,,,,,,,,,,1,thickness_variation_um=5.73,True,True,True
2026-02-14 09:46:00,UNIT03975,LOT027,WAFER3975,PKG03975,3,Back Grinding,ATMP,Wafer Processing,BG-02,C,FAIL,ABNORMAL,ABNORMAL,803.49,,,,,,3.611,,,,,,,,,,,,,,,,,,1,wafer_thickness_um=803.49,True,True,True
2026-02-14 09:39:00,UNIT03974,LOT027,WAFER3974,PKG03974,12,ICT,OSAT,Electrical Testing,ICT-02,C,FAIL,ABNORMAL,ABNORMAL,,,,,,,,,,,,,,,,,,,,,9.386,,,,1,ict_current_a=9.386,True,True,True
2026-02-14 09:19:00,UNIT03973,LOT027,WAFER3973,PKG03973,8,Marking,ATMP,Package Marking,MK-02,C,FAIL,ABNORMAL,ABNORMAL,,,,,,,,,,,,,,,,89.829,,,,,,,,,1,marking_quality_score=89.829,True,True,True
2026-02-14 09:02:00,UNIT03972,LOT027,WAFER3972,PKG03972,7,Encapsulation / Molding,OSAT/ATMP,Packaging,MO-02,C,FAIL,ABNORMAL,ABNORMAL,,,,,,,,,,,,,183.813,102.987,5.761,,,,,,,,,,1,void_percentage=5.761,True,True,True
2026-02-14 07:55:00,UNIT03968,LOT027,WAFER3968,PKG03968,4,Wafer Dicing,ATMP,Wafer Processing,WD-02,C,FAIL,ABNORMAL,ABNORMAL,,,,,,,,44.782,,,,,,,,,,,,,,,,,1,kerf_width_um=44.782,True,True,True
2026-02-14 07:36:00,UNIT03967,LOT027,WAFER3967,PKG03967,1,Wafer Inspection,ATMP,Wafer Metrology,WI-02,A,FAIL,ABNORMAL,ABNORMAL,782.303,2.202,11.269,53.871,110.046,,,,,,,,,,,,,,,,,,,,1,warp_um=53.871,True,True,True
2026-02-14 07:26:00,UNIT03966,LOT027,WAFER3966,PKG03966,7,Encapsulation / Molding,OSAT/ATMP,Packaging,MO-02,A,FAIL,ABNORMAL,ABNORMAL,,,,,,,,,,,,,166.565,124.023,4.058,,,,,,,,,,1,mold_temperature_c=166.565,True,True,True
2026-02-14 07:01:00,UNIT03964,LOT027,WAFER3964,PKG03964,14,EOL,OSAT,Final Testing,EOL-01,A,FAIL,ABNORMAL,ABNORMAL,,,,,,,,,,,,,,,,,,,,,,,78.086,,1,eol_temperature_c=78.086,True,True,True
2026-02-14 06:33:00,UNIT03963,LOT027,WAFER3963,PKG03963,2,Wafer Sort,OSAT,Wafer Test,WS-02,A,FAIL,ABNORMAL,ABNORMAL,,,,,,9.402,,,,,,,,,,,,,,,,,,,1,sort_current_a=9.402,True,True,True
2026-02-14 06:22:00,UNIT03962,LOT027,WAFER3962,PKG03962,7,Encapsulation / Molding,OSAT/ATMP,Packaging,MO-01,C,FAIL,ABNORMAL,ABNORMAL,,,,,,,,,,,,,184.093,113.147,5.843,,,,,,,,,,1,void_percentage=5.843,True,True,True
2026-02-14 06:04:00,UNIT03961,LOT027,WAFER3961,PKG03961,5,Die Attach,OSAT/ATMP,Assembly,DA-02,B,FAIL,ABNORMAL,ABNORMAL,,,,,,,,,8.407,52.363,,,,,,,,,,,,,,,1,attach_offset_um=52.363,True,True,True
2026-02-14 05:49:00,UNIT03960,LOT027,WAFER3960,PKG03960,6,Wire Bonding,OSAT/ATMP,Assembly,WB-01,A,FAIL,ABNORMAL,ABNORMAL,,,,,,,,,,,70.63,6.856,,,,,,,,,,,,,1,wire_bond_force_n=70.63,True,True,True
2026-02-14 05:25:00,UNIT03958,LOT027,WAFER3958,PKG03958,14,EOL,OSAT,Final Testing,EOL-01,B,FAIL,ABNORMAL,ABNORMAL,,,,,,,,,,,,,,,,,,,,,,,100.658,,1,eol_temperature_c=100.658,True,True,True
2026-02-14 04:59:00,UNIT03957,LOT027,WAFER3957,PKG03957,4,Wafer Dicing,ATMP,Wafer Processing,WD-02,C,FAIL,ABNORMAL,ABNORMAL,,,,,,,,56.298,,,,,,,,,,,,,,,,,1,kerf_width_um=56.298,True,True,True
2026-02-14 04:45:00,UNIT03956,LOT027,WAFER3956,PKG03956,6,Wire Bonding,OSAT/ATMP,Assembly,WB-01,C,FAIL,ABNORMAL,ABNORMAL,,,,,,,,,,,58.925,8.073,,,,,,,,,,,,,1,wire_bond_force_n=58.925,True,True,True
2026-02-14 04:31:00,UNIT03955,LOT027,WAFER3955,PKG03955,8,Marking,ATMP,Package Marking,MK-01,B,FAIL,ABNORMAL,ABNORMAL,,,,,,,,,,,,,,,,100.367,,,,,,,,,1,marking_quality_score=100.367,True,True,True
2026-02-14 04:12:00,UNIT03954,LOT027,WAFER3954,PKG03954,5,Die Attach,OSAT/ATMP,Assembly,DA-01,B,FAIL,ABNORMAL,ABNORMAL,,,,,,,,,12.642,30.138,,,,,,,,,,,,,,,1,attach_force_n=12.642,True,True,True
2026-02-14 03:47:00,UNIT03952,LOT027,WAFER3952,PKG03952,12,ICT,OSAT,Electrical Testing,ICT-01,B,FAIL,ABNORMAL,ABNORMAL,,,,,,,,,,,,,,,,,,,,,9.415,,,,1,ict_current_a=9.415,True,True,True
2026-02-14 03:24:00,UNIT03951,LOT027,WAFER3951,PKG03951,5,Die Attach,OSAT/ATMP,Assembly,DA-02,A,FAIL,ABNORMAL,ABNORMAL,,,,,,,,,11.029,-1.232,,,,,,,,,,,,,,,1,attach_offset_um=-1.232,True,True,True
2026-02-14 03:18:00,UNIT03950,LOT027,WAFER3950,PKG03950,15,Final Inspection,ATMP,Final Inspection,FI-01,B,FAIL,ABNORMAL,ABNORMAL,,,,,,,,,,,,,,,,89.898,,10.19,,,,,,,1,marking_quality_score=89.898,True,True,True
2026-02-14 02:56:00,UNIT03949,LOT027,WAFER3949,PKG03949,9,Singulation,ATMP,Package Processing,SG-01,A,FAIL,ABNORMAL,ABNORMAL,,,,,,,,,,,,,,,,,10.403,,,,,,,,1,singulation_damage_score=10.403,True,True,True
2026-02-14 02:37:00,UNIT03948,LOT027,WAFER3948,PKG03948,6,Wire Bonding,OSAT/ATMP,Assembly,WB-01,A,FAIL,ABNORMAL,ABNORMAL,,,,,,,,,,,71.846,5.935,,,,,,,,,,,,,1,wire_bond_force_n=71.846,True,True,True
2026-02-14 02:00:00,UNIT03946,LOT027,WAFER3946,PKG03946,1,Wafer Inspection,ATMP,Wafer Metrology,WI-01,C,FAIL,ABNORMAL,ABNORMAL,687.927,2.088,40.98,24.752,111.968,,,,,,,,,,,,,,,,,,,,1,wafer_thickness_um=687.927,True,True,True
2026-02-14 01:28:00,UNIT03944,LOT027,WAFER3944,PKG03944,1,Wafer Inspection,ATMP,Wafer Metrology,WI-01,A,FAIL,ABNORMAL,ABNORMAL,819.63,0.934,39.001,8.858,114.002,,,,,,,,,,,,,,,,,,,,1,wafer_thickness_um=819.63,True,True,True
2026-02-14 01:26:00,UNIT03943,LOT027,WAFER3943,PKG03943,15,Final Inspection,ATMP,Final Inspection,FI-02,C,FAIL,ABNORMAL,ABNORMAL,,,,,,,,,,,,,,,,88.492,,9.976,,,,,,,1,marking_quality_score=88.492,True,True,True
2026-02-14 01:10:00,UNIT03942,LOT027,WAFER3942,PKG03942,15,Final Inspection,ATMP,Final Inspection,FI-02,A,FAIL,ABNORMAL,ABNORMAL,,,,,,,,,,,,,,,,96.273,,10.241,,,,,,,1,package_dimension_mm=10.241,True,True,True
2026-02-14 00:40:00,UNIT03941,LOT027,WAFER3941,PKG03941,1,Wafer Inspection,ATMP,Wafer Metrology,WI-02,C,FAIL,ABNORMAL,ABNORMAL,815.54,3.724,24.512,22.601,98.537,,,,,,,,,,,,,,,,,,,,1,wafer_thickness_um=815.54,True,True,True
2026-02-14 00:30:00,UNIT03940,LOT027,WAFER3940,PKG03940,7,Encapsulation / Molding,OSAT/ATMP,Packaging,MO-02,A,FAIL,ABNORMAL,ABNORMAL,,,,,,,,,,,,,173.512,95.042,0.415,,,,,,,,,,1,mold_cure_time_s=95.042,True,True,True
2026-02-14 00:04:00,UNIT03938,LOT027,WAFER3938,PKG03938,13,FCT,OSAT,Functional Testing,FCT-02,A,FAIL,ABNORMAL,ABNORMAL,,,,,,,,,,,,,,,,,,,,,,3.521,,,1,fct_voltage_v=3.521,True,True,True
2026-02-13 23:46:00,UNIT03937,LOT027,WAFER3937,PKG03937,11,Burn-in,OSAT,Testing,BI-01,B,FAIL,ABNORMAL,ABNORMAL,,,,,,,,,,,,,,,,,,,130.727,7.063,,,,,1,burn_in_temperature_c=130.727,True,True,True
2026-02-13 23:04:00,UNIT03935,LOT027,WAFER3935,PKG03935,1,Wafer Inspection,ATMP,Wafer Metrology,WI-01,C,FAIL,ABNORMAL,ABNORMAL,720.426,2.657,-5.731,14.109,99.829,,,,,,,,,,,,,,,,,,,,1,bow_um=-5.731,True,True,True
2026-02-13 22:54:00,UNIT03934,LOT027,WAFER3934,PKG03934,7,Encapsulation / Molding,OSAT/ATMP,Packaging,MO-02,A,FAIL,ABNORMAL,ABNORMAL,,,,,,,,,,,,,192.314,123.69,3.554,,,,,,,,,,1,mold_temperature_c=192.314,True,True,True
2026-02-13 22:29:00,UNIT03932,LOT027,WAFER3932,PKG03932,14,EOL,OSAT,Final Testing,EOL-02,B,FAIL,ABNORMAL,ABNORMAL,,,,,,,,,,,,,,,,,,,,,,,76.227,,1,eol_temperature_c=76.227,True,True,True
2026-02-13 22:01:00,UNIT03931,LOT027,WAFER3931,PKG03931,2,Wafer Sort,OSAT,Wafer Test,WS-01,B,FAIL,ABNORMAL,ABNORMAL,,,,,,9.443,,,,,,,,,,,,,,,,,,,1,sort_current_a=9.443,True,True,True
2026-02-13 21:50:00,UNIT03930,LOT027,WAFER3930,PKG03930,7,Encapsulation / Molding,OSAT/ATMP,Packaging,MO-01,A,FAIL,ABNORMAL,ABNORMAL,,,,,,,,,,,,,180.615,96.518,1.782,,,,,,,,,,1,mold_cure_time_s=96.518,True,True,True
2026-02-13 21:42:00,UNIT03929,LOT027,WAFER3929,PKG03929,15,Final Inspection,ATMP,Final Inspection,FI-02,C,FAIL,ABNORMAL,ABNORMAL,,,,,,,,,,,,,,,,96.321,,9.772,,,,,,,1,package_dimension_mm=9.772,True,True,True
2026-02-13 21:13:00,UNIT03928,LOT027,WAFER3928,PKG03928,2,Wafer Sort,OSAT,Wafer Test,WS-01,B,FAIL,ABNORMAL,ABNORMAL,,,,,,10.673,,,,,,,,,,,,,,,,,,,1,sort_current_a=10.673,True,True,True
2026-02-13 21:09:00,UNIT03927,LOT027,WAFER3927,PKG03927,14,EOL,OSAT,Final Testing,EOL-02,B,FAIL,ABNORMAL,ABNORMAL,,,,,,,,,,,,,,,,,,,,,,,102.941,,1,eol_temperature_c=102.941,True,True,True
2026-02-13 20:40:00,UNIT03926,LOT027,WAFER3926,PKG03926,1,Wafer Inspection,ATMP,Wafer Metrology,WI-02,A,FAIL,ABNORMAL,ABNORMAL,796.969,5.26,29.116,23.222,101.869,,,,,,,,,,,,,,,,,,,,1,ttv_um=5.26,True,True,True
2026-02-13 20:08:00,UNIT03924,LOT027,WAFER3924,PKG03924,1,Wafer Inspection,ATMP,Wafer Metrology,WI-01,C,FAIL,ABNORMAL,ABNORMAL,712.934,3.622,17.453,22.874,120.999,,,,,,,,,,,,,,,,,,,,1,tape_thickness_um=120.999,True,True,True
2026-02-13 19:52:00,UNIT03923,LOT027,WAFER3923,PKG03923,1,Wafer Inspection,ATMP,Wafer Metrology,WI-01,C,FAIL,ABNORMAL,ABNORMAL,716.439,1.043,52.261,33.698,105.544,,,,,,,,,,,,,,,,,,,,1,bow_um=52.261,True,True,True
2026-02-13 19:37:00,UNIT03922,LOT027,WAFER3922,PKG03922,2,Wafer Sort,OSAT,Wafer Test,WS-01,C,FAIL,ABNORMAL,ABNORMAL,,,,,,9.339,,,,,,,,,,,,,,,,,,,1,sort_current_a=9.339,True,True,True
2026-02-13 19:04:00,UNIT03920,LOT027,WAFER3920,PKG03920,1,Wafer Inspection,ATMP,Wafer Metrology,WI-01,A,FAIL,ABNORMAL,ABNORMAL,786.671,4.965,33.075,59.764,88.795,,,,,,,,,,,,,,,,,,,,1,warp_um=59.764,True,True,True
2026-02-13 18:52:00,UNIT03919,LOT027,WAFER3919,PKG03919,5,Die Attach,OSAT/ATMP,Assembly,DA-01,A,FAIL,ABNORMAL,ABNORMAL,,,,,,,,,12.679,7.718,,,,,,,,,,,,,,,1,attach_force_n=12.679,True,True,True
2026-02-13 18:43:00,UNIT03918,LOT027,WAFER3918,PKG03918,12,ICT,OSAT,Electrical Testing,ICT-02,B,FAIL,ABNORMAL,ABNORMAL,,,,,,,,,,,,,,,,,,,,,10.679,,,,1,ict_current_a=10.679,True,True,True
2026-02-13 18:16:00,UNIT03917,LOT027,WAFER3917,PKG03917,1,Wafer Inspection,ATMP,Wafer Metrology,WI-01,A,FAIL,ABNORMAL,ABNORMAL,718.949,4.515,16.318,-8.317,92.766,,,,,,,,,,,,,,,,,,,,1,warp_um=-8.317,True,True,True
2026-02-13 18:00:00,UNIT03916,LOT027,WAFER3916,PKG03916,1,Wafer Inspection,ATMP,Wafer Metrology,WI-01,B,FAIL,ABNORMAL,ABNORMAL,731.307,5.863,2.708,44.988,106.119,,,,,,,,,,,,,,,,,,,,1,ttv_um=5.863,True,True,True
2026-02-13 17:50:00,UNIT03915,LOT027,WAFER3915,PKG03915,7,Encapsulation / Molding,OSAT/ATMP,Packaging,MO-02,B,FAIL,ABNORMAL,ABNORMAL,,,,,,,,,,,,,169.594,97.386,2.983,,,,,,,,,,2,mold_temperature_c=169.594; mold_cure_time_s=97.386,True,True,True
2026-02-13 17:38:00,UNIT03914,LOT027,WAFER3914,PKG03914,11,Burn-in,OSAT,Testing,BI-01,C,FAIL,ABNORMAL,ABNORMAL,,,,,,,,,,,,,,,,,,,128.7,8.723,,,,,1,burn_in_hours=8.723,True,True,True
2026-02-13 17:21:00,UNIT03913,LOT027,WAFER3913,PKG03913,10,Package Inspection,OSAT/ATMP,Package Inspection,PI-01,A,FAIL,ABNORMAL,ABNORMAL,,,,,,,,,,,,,,,,,,9.764,,,,,,,1,package_dimension_mm=9.764,True,True,True
2026-02-13 17:02:00,UNIT03912,LOT027,WAFER3912,PKG03912,7,Encapsulation / Molding,OSAT/ATMP,Packaging,MO-01,A,FAIL,ABNORMAL,ABNORMAL,,,,,,,,,,,,,188.095,136.335,-0.5,,,,,,,,,,1,void_percentage=-0.5,True,True,True
2026-02-13 16:46:00,UNIT03911,LOT027,WAFER3911,PKG03911,7,Encapsulation / Molding,OSAT/ATMP,Packaging,MO-01,B,FAIL,ABNORMAL,ABNORMAL,,,,,,,,,,,,,168.297,130.34,5.658,,,,,,,,,,2,mold_temperature_c=168.297; void_percentage=5.658,True,True,True
2026-02-13 16:24:00,UNIT03910,LOT027,WAFER3910,PKG03910,1,Wafer Inspection,ATMP,Wafer Metrology,WI-02,B,FAIL,ABNORMAL,ABNORMAL,697.937,2.906,46.012,48.194,98.714,,,,,,,,,,,,,,,,,,,,1,wafer_thickness_um=697.937,True,True,True
2026-02-13 16:13:00,UNIT03909,LOT027,WAFER3909,PKG03909,6,Wire Bonding,OSAT/ATMP,Assembly,WB-01,B,FAIL,ABNORMAL,ABNORMAL,,,,,,,,,,,66.651,4.026,,,,,,,,,,,,,1,bond_pull_strength_gf=4.026,True,True,True
2026-02-13 15:42:00,UNIT03907,LOT027,WAFER3907,PKG03907,7,Encapsulation / Molding,OSAT/ATMP,Packaging,MO-01,A,FAIL,ABNORMAL,ABNORMAL,,,,,,,,,,,,,173.867,146.045,0.967,,,,,,,,,,1,mold_cure_time_s=146.045,True,True,True
2026-02-13 15:20:00,UNIT03906,LOT027,WAFER3906,PKG03906,1,Wafer Inspection,ATMP,Wafer Metrology,WI-01,A,FAIL,ABNORMAL,ABNORMAL,692.991,2.311,20.292,43.619,99.003,,,,,,,,,,,,,,,,,,,,1,wafer_thickness_um=692.991,True,True,True
2026-02-13 15:10:00,UNIT03905,LOT027,WAFER3905,PKG03905,7,Encapsulation / Molding,OSAT/ATMP,Packaging,MO-02,C,FAIL,ABNORMAL,ABNORMAL,,,,,,,,,,,,,169.926,109.87,3.815,,,,,,,,,,1,mold_temperature_c=169.926,True,True,True
2026-02-13 14:38:00,UNIT03903,LOT027,WAFER3903,PKG03903,7,Encapsulation / Molding,OSAT/ATMP,Packaging,MO-01,B,FAIL,ABNORMAL,ABNORMAL,,,,,,,,,,,,,170.251,113.846,-0.974,,,,,,,,,,1,void_percentage=-0.974,True,True,True
2026-02-13 14:19:00,UNIT03902,LOT027,WAFER3902,PKG03902,4,Wafer Dicing,ATMP,Wafer Processing,WD-01,C,FAIL,ABNORMAL,ABNORMAL,,,,,,,,43.616,,,,,,,,,,,,,,,,,1,kerf_width_um=43.616,True,True,True
2026-02-13 13:47:00,UNIT03900,LOT026,WAFER3900,PKG03900,4,Wafer Dicing,ATMP,Wafer Processing,WD-02,A,FAIL,ABNORMAL,ABNORMAL,,,,,,,,55.944,,,,,,,,,,,,,,,,,1,kerf_width_um=55.944,True,True,True
2026-02-13 13:34:00,UNIT03899,LOT026,WAFER3899,PKG03899,7,Encapsulation / Molding,OSAT/ATMP,Packaging,MO-01,A,FAIL,ABNORMAL,ABNORMAL,,,,,,,,,,,,,169.494,124.73,3.699,,,,,,,,,,1,mold_temperature_c=169.494,True,True,True
2026-02-13 13:12:00,UNIT03898,LOT026,WAFER3898,PKG03898,1,Wafer Inspection,ATMP,Wafer Metrology,WI-02,C,FAIL,ABNORMAL,ABNORMAL,733.598,-0.259,32.507,48.435,101.97,,,,,,,,,,,,,,,,,,,,1,ttv_um=-0.259,True,True,True
2026-02-13 12:35:00,UNIT03895,LOT026,WAFER3895,PKG03895,12,ICT,OSAT,Electrical Testing,ICT-01,B,FAIL,ABNORMAL,ABNORMAL,,,,,,,,,,,,,,,,,,,,,10.675,,,,1,ict_current_a=10.675,True,True,True
2026-02-13 11:53:00,UNIT03893,LOT026,WAFER3893,PKG03893,2,Wafer Sort,OSAT,Wafer Test,WS-02,A,FAIL,ABNORMAL,ABNORMAL,,,,,,9.383,,,,,,,,,,,,,,,,,,,1,sort_current_a=9.383,True,True,True
2026-02-13 11:49:00,UNIT03892,LOT026,WAFER3892,PKG03892,14,EOL,OSAT,Final Testing,EOL-01,C,FAIL,ABNORMAL,ABNORMAL,,,,,,,,,,,,,,,,,,,,,,,78.679,,1,eol_temperature_c=78.679,True,True,True
2026-02-13 11:22:00,UNIT03891,LOT026,WAFER3891,PKG03891,3,Back Grinding,ATMP,Wafer Processing,BG-01,C,FAIL,ABNORMAL,ABNORMAL,815.099,,,,,,3.778,,,,,,,,,,,,,,,,,,1,wafer_thickness_um=815.099,True,True,True
2026-02-13 10:52:00,UNIT03889,LOT026,WAFER3889,PKG03889,5,Die Attach,OSAT/ATMP,Assembly,DA-02,C,FAIL,ABNORMAL,ABNORMAL,,,,,,,,,12.69,10.03,,,,,,,,,,,,,,,1,attach_force_n=12.69,True,True,True
2026-02-13 10:45:00,UNIT03888,LOT026,WAFER3888,PKG03888,14,EOL,OSAT,Final Testing,EOL-01,B,FAIL,ABNORMAL,ABNORMAL,,,,,,,,,,,,,,,,,,,,,,,101.576,,1,eol_temperature_c=101.576,True,True,True
2026-02-13 10:24:00,UNIT03887,LOT026,WAFER3887,PKG03887,9,Singulation,ATMP,Package Processing,SG-01,C,FAIL,ABNORMAL,ABNORMAL,,,,,,,,,,,,,,,,,11.447,,,,,,,,1,singulation_damage_score=11.447,True,True,True
2026-02-13 10:05:00,UNIT03886,LOT026,WAFER3886,PKG03886,6,Wire Bonding,OSAT/ATMP,Assembly,WB-01,B,FAIL,ABNORMAL,ABNORMAL,,,,,,,,,,,59.101,7.991,,,,,,,,,,,,,1,wire_bond_force_n=59.101,True,True,True
2026-02-13 09:49:00,UNIT03885,LOT026,WAFER3885,PKG03885,6,Wire Bonding,OSAT/ATMP,Assembly,WB-01,A,FAIL,ABNORMAL,ABNORMAL,,,,,,,,,,,70.343,7.401,,,,,,,,,,,,,1,wire_bond_force_n=70.343,True,True,True
2026-02-13 09:30:00,UNIT03884,LOT026,WAFER3884,PKG03884,3,Back Grinding,ATMP,Wafer Processing,BG-01,A,FAIL,ABNORMAL,ABNORMAL,818.123,,,,,,0.346,,,,,,,,,,,,,,,,,,1,wafer_thickness_um=818.123,True,True,True
2026-02-13 09:13:00,UNIT03883,LOT026,WAFER3883,PKG03883,2,Wafer Sort,OSAT,Wafer Test,WS-02,A,FAIL,ABNORMAL,ABNORMAL,,,,,,10.672,,,,,,,,,,,,,,,,,,,1,sort_current_a=10.672,True,True,True
2026-02-13 08:46:00,UNIT03881,LOT026,WAFER3881,PKG03881,7,Encapsulation / Molding,OSAT/ATMP,Packaging,MO-02,C,FAIL,ABNORMAL,ABNORMAL,,,,,,,,,,,,,192.58,133.614,2.527,,,,,,,,,,1,mold_temperature_c=192.58,True,True,True
2026-02-13 07:52:00,UNIT03878,LOT026,WAFER3878,PKG03878,1,Wafer Inspection,ATMP,Wafer Metrology,WI-02,A,FAIL,ABNORMAL,ABNORMAL,684.242,1.323,3.916,24.19,81.321,,,,,,,,,,,,,,,,,,,,1,wafer_thickness_um=684.242,True,True,True
2026-02-13 07:20:00,UNIT03876,LOT026,WAFER3876,PKG03876,1,Wafer Inspection,ATMP,Wafer Metrology,WI-02,B,FAIL,ABNORMAL,ABNORMAL,747.167,-0.663,31.177,31.811,118.859,,,,,,,,,,,,,,,,,,,,1,ttv_um=-0.663,True,True,True
2026-02-13 07:04:00,UNIT03875,LOT026,WAFER3875,PKG03875,1,Wafer Inspection,ATMP,Wafer Metrology,WI-02,C,FAIL,ABNORMAL,ABNORMAL,726.588,2.539,32.379,51.353,124.359,,,,,,,,,,,,,,,,,,,,2,warp_um=51.353; tape_thickness_um=124.359,True,True,True
2026-02-13 06:55:00,UNIT03874,LOT026,WAFER3874,PKG03874,8,Marking,ATMP,Package Marking,MK-02,C,FAIL,ABNORMAL,ABNORMAL,,,,,,,,,,,,,,,,101.34,,,,,,,,,1,marking_quality_score=101.34,True,True,True
2026-02-13 06:40:00,UNIT03873,LOT026,WAFER3873,PKG03873,9,Singulation,ATMP,Package Processing,SG-01,C,FAIL,ABNORMAL,ABNORMAL,,,,,,,,,,,,,,,,,-1.121,,,,,,,,1,singulation_damage_score=-1.121,True,True,True
2026-02-13 06:18:00,UNIT03872,LOT026,WAFER3872,PKG03872,3,Back Grinding,ATMP,Wafer Processing,BG-01,B,FAIL,ABNORMAL,ABNORMAL,781.989,,,,,,-0.725,,,,,,,,,,,,,,,,,,1,thickness_variation_um=-0.725,True,True,True
2026-02-13 06:04:00,UNIT03871,LOT026,WAFER3871,PKG03871,5,Die Attach,OSAT/ATMP,Assembly,DA-02,C,FAIL,ABNORMAL,ABNORMAL,,,,,,,,,12.563,37.816,,,,,,,,,,,,,,,1,attach_force_n=12.563,True,True,True
2026-02-13 05:44:00,UNIT03870,LOT026,WAFER3870,PKG03870,1,Wafer Inspection,ATMP,Wafer Metrology,WI-02,A,FAIL,ABNORMAL,ABNORMAL,700.73,-0.571,34.887,35.523,105.468,,,,,,,,,,,,,,,,,,,,1,ttv_um=-0.571,True,True,True
2026-02-13 05:30:00,UNIT03869,LOT026,WAFER3869,PKG03869,3,Back Grinding,ATMP,Wafer Processing,BG-01,C,FAIL,ABNORMAL,ABNORMAL,681.126,,,,,,1.152,,,,,,,,,,,,,,,,,,1,wafer_thickness_um=681.126,True,True,True
2026-02-13 05:12:00,UNIT03868,LOT026,WAFER3868,PKG03868,1,Wafer Inspection,ATMP,Wafer Metrology,WI-02,C,FAIL,ABNORMAL,ABNORMAL,791.191,2.416,-8.299,26.753,114.801,,,,,,,,,,,,,,,,,,,,1,bow_um=-8.299,True,True,True
2026-02-13 04:44:00,UNIT03866,LOT026,WAFER3866,PKG03866,5,Die Attach,OSAT/ATMP,Assembly,DA-01,C,FAIL,ABNORMAL,ABNORMAL,,,,,,,,,7.524,20.663,,,,,,,,,,,,,,,1,attach_force_n=7.524,True,True,True
2026-02-13 04:29:00,UNIT03865,LOT026,WAFER3865,PKG03865,6,Wire Bonding,OSAT/ATMP,Assembly,WB-02,C,FAIL,ABNORMAL,ABNORMAL,,,,,,,,,,,59.399,4.262,,,,,,,,,,,,,2,wire_bond_force_n=59.399; bond_pull_strength_gf=4.262,True,True,True
2026-02-13 04:13:00,UNIT03864,LOT026,WAFER3864,PKG03864,6,Wire Bonding,OSAT/ATMP,Assembly,WB-02,B,FAIL,ABNORMAL,ABNORMAL,,,,,,,,,,,65.42,10.222,,,,,,,,,,,,,1,bond_pull_strength_gf=10.222,True,True,True
2026-02-13 03:57:00,UNIT03863,LOT026,WAFER3863,PKG03863,6,Wire Bonding,OSAT/ATMP,Assembly,WB-02,A,FAIL,ABNORMAL,ABNORMAL,,,,,,,,,,,66.624,10.379,,,,,,,,,,,,,1,bond_pull_strength_gf=10.379,True,True,True
2026-02-13 03:38:00,UNIT03862,LOT026,WAFER3862,PKG03862,3,Back Grinding,ATMP,Wafer Processing,BG-01,C,FAIL,ABNORMAL,ABNORMAL,786.403,,,,,,5.371,,,,,,,,,,,,,,,,,,1,thickness_variation_um=5.371,True,True,True
2026-02-13 03:20:00,UNIT03861,LOT026,WAFER3861,PKG03861,1,Wafer Inspection,ATMP,Wafer Metrology,WI-01,A,FAIL,ABNORMAL,ABNORMAL,707.304,0.151,54.064,8.642,109.749,,,,,,,,,,,,,,,,,,,,1,bow_um=54.064,True,True,True
2026-02-13 03:04:00,UNIT03860,LOT026,WAFER3860,PKG03860,1,Wafer Inspection,ATMP,Wafer Metrology,WI-02,C,FAIL,ABNORMAL,ABNORMAL,741.783,-0.666,24.471,15.69,114.823,,,,,,,,,,,,,,,,,,,,1,ttv_um=-0.666,True,True,True
2026-02-13 02:49:00,UNIT03859,LOT026,WAFER3859,PKG03859,2,Wafer Sort,OSAT,Wafer Test,WS-01,B,FAIL,ABNORMAL,ABNORMAL,,,,,,9.42,,,,,,,,,,,,,,,,,,,1,sort_current_a=9.42,True,True,True
2026-02-13 02:30:00,UNIT03857,LOT026,WAFER3857,PKG03857,15,Final Inspection,ATMP,Final Inspection,FI-01,C,FAIL,ABNORMAL,ABNORMAL,,,,,,,,,,,,,,,,94.81,,9.757,,,,,,,1,package_dimension_mm=9.757,True,True,True
2026-02-13 01:50:00,UNIT03855,LOT026,WAFER3855,PKG03855,7,Encapsulation / Molding,OSAT/ATMP,Packaging,MO-02,A,FAIL,ABNORMAL,ABNORMAL,,,,,,,,,,,,,168.48,123.434,2.268,,,,,,,,,,1,mold_temperature_c=168.48,True,True,True
2026-02-13 01:28:00,UNIT03854,LOT026,WAFER3854,PKG03854,1,Wafer Inspection,ATMP,Wafer Metrology,WI-02,A,FAIL,ABNORMAL,ABNORMAL,750.043,4.819,-1.981,21.001,109.634,,,,,,,,,,,,,,,,,,,,1,bow_um=-1.981,True,True,True
2026-02-13 01:12:00,UNIT03853,LOT026,WAFER3853,PKG03853,1,Wafer Inspection,ATMP,Wafer Metrology,WI-02,C,FAIL,ABNORMAL,ABNORMAL,695.397,2.526,18.381,8.954,111.845,,,,,,,,,,,,,,,,,,,,1,wafer_thickness_um=695.397,True,True,True
2026-02-12 23:52:00,UNIT03848,LOT026,WAFER3848,PKG03848,1,Wafer Inspection,ATMP,Wafer Metrology,WI-02,C,FAIL,ABNORMAL,ABNORMAL,712.587,4.932,23.334,-7.814,117.731,,,,,,,,,,,,,,,,,,,,1,warp_um=-7.814,True,True,True
2026-02-12 23:36:00,UNIT03847,LOT026,WAFER3847,PKG03847,1,Wafer Inspection,ATMP,Wafer Metrology,WI-01,A,FAIL,ABNORMAL,ABNORMAL,714.839,2.608,56.742,29.536,119.111,,,,,,,,,,,,,,,,,,,,1,bow_um=56.742,True,True,True
2026-02-12 23:20:00,UNIT03846,LOT026,WAFER3846,PKG03846,1,Wafer Inspection,ATMP,Wafer Metrology,WI-02,C,FAIL,ABNORMAL,ABNORMAL,727.962,1.912,54.061,7.682,86.426,,,,,,,,,,,,,,,,,,,,1,bow_um=54.061,True,True,True
2026-02-12 23:04:00,UNIT03845,LOT026,WAFER3845,PKG03845,1,Wafer Inspection,ATMP,Wafer Metrology,WI-01,B,FAIL,ABNORMAL,ABNORMAL,717.137,1.291,25.35,-0.263,107.37,,,,,,,,,,,,,,,,,,,,1,warp_um=-0.263,True,True,True
2026-02-12 22:33:00,UNIT03843,LOT026,WAFER3843,PKG03843,2,Wafer Sort,OSAT,Wafer Test,WS-02,A,FAIL,ABNORMAL,ABNORMAL,,,,,,10.656,,,,,,,,,,,,,,,,,,,1,sort_current_a=10.656,True,True,True
2026-02-12 22:06:00,UNIT03841,LOT026,WAFER3841,PKG03841,7,Encapsulation / Molding,OSAT/ATMP,Packaging,MO-02,C,FAIL,ABNORMAL,ABNORMAL,,,,,,,,,,,,,171.628,122.104,5.172,,,,,,,,,,1,void_percentage=5.172,True,True,True
2026-02-12 21:48:00,UNIT03840,LOT026,WAFER3840,PKG03840,5,Die Attach,OSAT/ATMP,Assembly,DA-01,C,FAIL,ABNORMAL,ABNORMAL,,,,,,,,,12.528,12.71,,,,,,,,,,,,,,,1,attach_force_n=12.528,True,True,True
2026-02-12 21:39:00,UNIT03839,LOT026,WAFER3839,PKG03839,12,ICT,OSAT,Electrical Testing,ICT-02,B,FAIL,ABNORMAL,ABNORMAL,,,,,,,,,,,,,,,,,,,,,9.353,,,,1,ict_current_a=9.353,True,True,True
2026-02-12 21:27:00,UNIT03838,LOT026,WAFER3838,PKG03838,16,Packing / Dispatch,ATMP,Packaging,PK-02,B,FAIL,ABNORMAL,ABNORMAL,,,,,,,,,,,,,,,,,,,,,,,,-0.176,1,packaging_damage_score=-0.176,True,True,True
2026-02-12 20:46:00,UNIT03836,LOT026,WAFER3836,PKG03836,7,Encapsulation / Molding,OSAT/ATMP,Packaging,MO-01,C,FAIL,ABNORMAL,ABNORMAL,,,,,,,,,,,,,185.612,97.744,4.509,,,,,,,,,,1,mold_cure_time_s=97.744,True,True,True
2026-02-12 20:24:00,UNIT03835,LOT026,WAFER3835,PKG03835,1,Wafer Inspection,ATMP,Wafer Metrology,WI-01,A,FAIL,ABNORMAL,ABNORMAL,712.661,-0.444,39.696,36.977,127.487,,,,,,,,,,,,,,,,,,,,2,ttv_um=-0.444; tape_thickness_um=127.487,True,True,True
2026-02-12 19:58:00,UNIT03833,LOT026,WAFER3833,PKG03833,7,Encapsulation / Molding,OSAT/ATMP,Packaging,MO-02,B,FAIL,ABNORMAL,ABNORMAL,,,,,,,,,,,,,173.486,101.174,5.03,,,,,,,,,,1,void_percentage=5.03,True,True,True
2026-02-12 19:38:00,UNIT03832,LOT026,WAFER3832,PKG03832,3,Back Grinding,ATMP,Wafer Processing,BG-02,C,FAIL,ABNORMAL,ABNORMAL,744.009,,,,,,5.845,,,,,,,,,,,,,,,,,,1,thickness_variation_um=5.845,True,True,True
2026-02-12 19:24:00,UNIT03831,LOT026,WAFER3831,PKG03831,5,Die Attach,OSAT/ATMP,Assembly,DA-01,B,FAIL,ABNORMAL,ABNORMAL,,,,,,,,,7.544,41.401,,,,,,,,,,,,,,,1,attach_force_n=7.544,True,True,True
2026-02-12 19:06:00,UNIT03830,LOT026,WAFER3830,PKG03830,3,Back Grinding,ATMP,Wafer Processing,BG-01,B,FAIL,ABNORMAL,ABNORMAL,743.581,,,,,,5.736,,,,,,,,,,,,,,,,,,1,thickness_variation_um=5.736,True,True,True
2026-02-12 18:39:00,UNIT03828,LOT026,WAFER3828,PKG03828,8,Marking,ATMP,Package Marking,MK-02,A,FAIL,ABNORMAL,ABNORMAL,,,,,,,,,,,,,,,,101.495,,,,,,,,,1,marking_quality_score=101.495,True,True,True
2026-02-12 18:26:00,UNIT03827,LOT026,WAFER3827,PKG03827,11,Burn-in,OSAT,Testing,BI-01,B,FAIL,ABNORMAL,ABNORMAL,,,,,,,,,,,,,,,,,,,122.741,3.43,,,,,1,burn_in_hours=3.43,True,True,True
2026-02-12 17:38:00,UNIT03824,LOT026,WAFER3824,PKG03824,11,Burn-in,OSAT,Testing,BI-02,B,FAIL,ABNORMAL,ABNORMAL,,,,,,,,,,,,,,,,,,,126.597,3.667,,,,,1,burn_in_hours=3.667,True,True,True
2026-02-12 16:24:00,UNIT03820,LOT026,WAFER3820,PKG03820,1,Wafer Inspection,ATMP,Wafer Metrology,WI-02,B,FAIL,ABNORMAL,ABNORMAL,720.223,1.039,45.05,19.896,78.38,,,,,,,,,,,,,,,,,,,,1,tape_thickness_um=78.38,True,True,True
2026-02-12 16:10:00,UNIT03819,LOT026,WAFER3819,PKG03819,3,Back Grinding,ATMP,Wafer Processing,BG-02,B,FAIL,ABNORMAL,ABNORMAL,794.774,,,,,,-0.102,,,,,,,,,,,,,,,,,,1,thickness_variation_um=-0.102,True,True,True
2026-02-12 15:56:00,UNIT03818,LOT026,WAFER3818,PKG03818,5,Die Attach,OSAT/ATMP,Assembly,DA-02,A,FAIL,ABNORMAL,ABNORMAL,,,,,,,,,11.039,58.041,,,,,,,,,,,,,,,1,attach_offset_um=58.041,True,True,True
2026-02-12 15:37:00,UNIT03817,LOT026,WAFER3817,PKG03817,2,Wafer Sort,OSAT,Wafer Test,WS-01,A,FAIL,ABNORMAL,ABNORMAL,,,,,,10.515,,,,,,,,,,,,,,,,,,,1,sort_current_a=10.515,True,True,True
2026-02-12 15:04:00,UNIT03815,LOT026,WAFER3815,PKG03815,1,Wafer Inspection,ATMP,Wafer Metrology,WI-02,A,FAIL,ABNORMAL,ABNORMAL,734.901,4.352,59.735,19.333,105.618,,,,,,,,,,,,,,,,,,,,1,bow_um=59.735,True,True,True
2026-02-12 15:01:00,UNIT03814,LOT026,WAFER3814,PKG03814,14,EOL,OSAT,Final Testing,EOL-02,C,FAIL,ABNORMAL,ABNORMAL,,,,,,,,,,,,,,,,,,,,,,,77.548,,1,eol_temperature_c=77.548,True,True,True
2026-02-12 14:34:00,UNIT03813,LOT026,WAFER3813,PKG03813,3,Back Grinding,ATMP,Wafer Processing,BG-02,B,FAIL,ABNORMAL,ABNORMAL,785.742,,,,,,-0.583,,,,,,,,,,,,,,,,,,1,thickness_variation_um=-0.583,True,True,True
2026-02-12 14:00:00,UNIT03811,LOT026,WAFER3811,PKG03811,1,Wafer Inspection,ATMP,Wafer Metrology,WI-01,A,FAIL,ABNORMAL,ABNORMAL,774.074,0.941,29.01,26.632,76.479,,,,,,,,,,,,,,,,,,,,1,tape_thickness_um=76.479,True,True,True
2026-02-12 13:52:00,UNIT03810,LOT026,WAFER3810,PKG03810,9,Singulation,ATMP,Package Processing,SG-01,C,FAIL,ABNORMAL,ABNORMAL,,,,,,,,,,,,,,,,,10.246,,,,,,,,1,singulation_damage_score=10.246,True,True,True
2026-02-12 13:12:00,UNIT03808,LOT026,WAFER3808,PKG03808,1,Wafer Inspection,ATMP,Wafer Metrology,WI-01,C,FAIL,ABNORMAL,ABNORMAL,742.248,2.485,57.449,6.992,102.865,,,,,,,,,,,,,,,,,,,,1,bow_um=57.449,True,True,True
2026-02-12 13:02:00,UNIT03807,LOT026,WAFER3807,PKG03807,7,Encapsulation / Molding,OSAT/ATMP,Packaging,MO-02,C,FAIL,ABNORMAL,ABNORMAL,,,,,,,,,,,,,167.805,118.297,1.072,,,,,,,,,,1,mold_temperature_c=167.805,True,True,True
2026-02-12 12:50:00,UNIT03806,LOT026,WAFER3806,PKG03806,11,Burn-in,OSAT,Testing,BI-02,A,FAIL,ABNORMAL,ABNORMAL,,,,,,,,,,,,,,,,,,,118.677,4.55,,,,,1,burn_in_temperature_c=118.677,True,True,True
2026-02-12 12:15:00,UNIT03804,LOT026,WAFER3804,PKG03804,8,Marking,ATMP,Package Marking,MK-02,C,FAIL,ABNORMAL,ABNORMAL,,,,,,,,,,,,,,,,100.168,,,,,,,,,1,marking_quality_score=100.168,True,True,True
2026-02-12 12:06:00,UNIT03803,LOT026,WAFER3803,PKG03803,15,Final Inspection,ATMP,Final Inspection,FI-01,A,FAIL,ABNORMAL,ABNORMAL,,,,,,,,,,,,,,,,88.168,,10.193,,,,,,,1,marking_quality_score=88.168,True,True,True
2026-02-12 11:04:00,UNIT03800,LOT026,WAFER3800,PKG03800,1,Wafer Inspection,ATMP,Wafer Metrology,WI-01,A,FAIL,ABNORMAL,ABNORMAL,741.243,1.498,28.146,7.99,77.738,,,,,,,,,,,,,,,,,,,,1,tape_thickness_um=77.738,True,True,True
2026-02-12 10:48:00,UNIT03799,LOT026,WAFER3799,PKG03799,1,Wafer Inspection,ATMP,Wafer Metrology,WI-02,C,FAIL,ABNORMAL,ABNORMAL,706.709,4.249,25.048,-3.255,75.532,,,,,,,,,,,,,,,,,,,,2,warp_um=-3.255; tape_thickness_um=75.532,True,True,True
2026-02-12 10:38:00,UNIT03798,LOT026,WAFER3798,PKG03798,7,Encapsulation / Molding,OSAT/ATMP,Packaging,MO-02,C,FAIL,ABNORMAL,ABNORMAL,,,,,,,,,,,,,169.107,136.179,0.608,,,,,,,,,,1,mold_temperature_c=169.107,True,True,True
2026-02-12 10:00:00,UNIT03796,LOT026,WAFER3796,PKG03796,1,Wafer Inspection,ATMP,Wafer Metrology,WI-01,A,FAIL,ABNORMAL,ABNORMAL,776.867,-0.361,46.127,23.667,101.274,,,,,,,,,,,,,,,,,,,,1,ttv_um=-0.361,True,True,True
2026-02-12 09:44:00,UNIT03795,LOT026,WAFER3795,PKG03795,1,Wafer Inspection,ATMP,Wafer Metrology,WI-01,A,FAIL,ABNORMAL,ABNORMAL,703.217,3.748,48.748,15.278,76.855,,,,,,,,,,,,,,,,,,,,1,tape_thickness_um=76.855,True,True,True
2026-02-12 09:42:00,UNIT03794,LOT026,WAFER3794,PKG03794,15,Final Inspection,ATMP,Final Inspection,FI-01,B,FAIL,ABNORMAL,ABNORMAL,,,,,,,,,,,,,,,,98.248,,9.769,,,,,,,1,package_dimension_mm=9.769,True,True,True
2026-02-12 09:12:00,UNIT03793,LOT026,WAFER3793,PKG03793,1,Wafer Inspection,ATMP,Wafer Metrology,WI-01,A,FAIL,ABNORMAL,ABNORMAL,747.817,2.704,-6.77,41.835,119.978,,,,,,,,,,,,,,,,,,,,1,bow_um=-6.77,True,True,True
2026-02-12 08:58:00,UNIT03792,LOT026,WAFER3792,PKG03792,3,Back Grinding,ATMP,Wafer Processing,BG-02,B,FAIL,ABNORMAL,ABNORMAL,804.724,,,,,,3.418,,,,,,,,,,,,,,,,,,1,wafer_thickness_um=804.724,True,True,True
2026-02-12 08:50:00,UNIT03791,LOT026,WAFER3791,PKG03791,11,Burn-in,OSAT,Testing,BI-01,C,FAIL,ABNORMAL,ABNORMAL,,,,,,,,,,,,,,,,,,,118.177,6.506,,,,,1,burn_in_temperature_c=118.177,True,True,True
2026-02-12 08:34:00,UNIT03790,LOT026,WAFER3790,PKG03790,11,Burn-in,OSAT,Testing,BI-01,C,FAIL,ABNORMAL,ABNORMAL,,,,,,,,,,,,,,,,,,,131.375,7.157,,,,,1,burn_in_temperature_c=131.375,True,True,True
2026-02-12 08:12:00,UNIT03789,LOT026,WAFER3789,PKG03789,5,Die Attach,OSAT/ATMP,Assembly,DA-01,C,FAIL,ABNORMAL,ABNORMAL,,,,,,,,,7.676,43.15,,,,,,,,,,,,,,,1,attach_force_n=7.676,True,True,True
2026-02-12 07:56:00,UNIT03788,LOT026,WAFER3788,PKG03788,5,Die Attach,OSAT/ATMP,Assembly,DA-02,B,FAIL,ABNORMAL,ABNORMAL,,,,,,,,,8.239,-2.135,,,,,,,,,,,,,,,1,attach_offset_um=-2.135,True,True,True
2026-02-12 07:07:00,UNIT03785,LOT026,WAFER3785,PKG03785,4,Wafer Dicing,ATMP,Wafer Processing,WD-01,A,FAIL,ABNORMAL,ABNORMAL,,,,,,,,55.322,,,,,,,,,,,,,,,,,1,kerf_width_um=55.322,True,True,True
2026-02-12 06:32:00,UNIT03783,LOT026,WAFER3783,PKG03783,1,Wafer Inspection,ATMP,Wafer Metrology,WI-02,C,FAIL,ABNORMAL,ABNORMAL,726.461,4.146,10.012,53.599,83.803,,,,,,,,,,,,,,,,,,,,1,warp_um=53.599,True,True,True
2026-02-12 06:18:00,UNIT03782,LOT026,WAFER3782,PKG03782,3,Back Grinding,ATMP,Wafer Processing,BG-01,B,FAIL,ABNORMAL,ABNORMAL,803.667,,,,,,2.763,,,,,,,,,,,,,,,,,,1,wafer_thickness_um=803.667,True,True,True
2026-02-12 05:44:00,UNIT03780,LOT026,WAFER3780,PKG03780,1,Wafer Inspection,ATMP,Wafer Metrology,WI-01,A,FAIL,ABNORMAL,ABNORMAL,801.003,2.647,23.927,48.679,110.233,,,,,,,,,,,,,,,,,,,,1,wafer_thickness_um=801.003,True,True,True
2026-02-12 05:38:00,UNIT03779,LOT026,WAFER3779,PKG03779,11,Burn-in,OSAT,Testing,BI-01,A,FAIL,ABNORMAL,ABNORMAL,,,,,,,,,,,,,,,,,,,130.832,6.695,,,,,1,burn_in_temperature_c=130.832,True,True,True
2026-02-12 05:16:00,UNIT03778,LOT026,WAFER3778,PKG03778,5,Die Attach,OSAT/ATMP,Assembly,DA-01,C,FAIL,ABNORMAL,ABNORMAL,,,,,,,,,8.252,50.539,,,,,,,,,,,,,,,1,attach_offset_um=50.539,True,True,True
2026-02-12 04:56:00,UNIT03777,LOT026,WAFER3777,PKG03777,1,Wafer Inspection,ATMP,Wafer Metrology,WI-02,A,FAIL,ABNORMAL,ABNORMAL,790.998,3.323,41.512,19.275,72.017,,,,,,,,,,,,,,,,,,,,1,tape_thickness_um=72.017,True,True,True
2026-02-12 04:38:00,UNIT03775,LOT026,WAFER3775,PKG03775,15,Final Inspection,ATMP,Final Inspection,FI-01,B,FAIL,ABNORMAL,ABNORMAL,,,,,,,,,,,,,,,,96.067,,9.788,,,,,,,1,package_dimension_mm=9.788,True,True,True
2026-02-12 04:08:00,UNIT03774,LOT026,WAFER3774,PKG03774,1,Wafer Inspection,ATMP,Wafer Metrology,WI-02,C,FAIL,ABNORMAL,ABNORMAL,707.569,2.865,-7.897,38.739,110.895,,,,,,,,,,,,,,,,,,,,1,bow_um=-7.897,True,True,True
2026-02-12 03:42:00,UNIT03772,LOT026,WAFER3772,PKG03772,7,Encapsulation / Molding,OSAT/ATMP,Packaging,MO-02,B,FAIL,ABNORMAL,ABNORMAL,,,,,,,,,,,,,190.765,96.063,3.835,,,,,,,,,,2,mold_temperature_c=190.765; mold_cure_time_s=96.063,True,True,True
2026-02-12 03:33:00,UNIT03771,LOT026,WAFER3771,PKG03771,14,EOL,OSAT,Final Testing,EOL-01,C,FAIL,ABNORMAL,ABNORMAL,,,,,,,,,,,,,,,,,,,,,,,79.568,,1,eol_temperature_c=79.568,True,True,True
2026-02-12 03:18:00,UNIT03770,LOT026,WAFER3770,PKG03770,15,Final Inspection,ATMP,Final Inspection,FI-01,C,FAIL,ABNORMAL,ABNORMAL,,,,,,,,,,,,,,,,89.887,,10.091,,,,,,,1,marking_quality_score=89.887,True,True,True
2026-02-12 02:48:00,UNIT03769,LOT026,WAFER3769,PKG03769,1,Wafer Inspection,ATMP,Wafer Metrology,WI-01,C,FAIL,ABNORMAL,ABNORMAL,782.655,-0.6,48.395,35.442,94.641,,,,,,,,,,,,,,,,,,,,1,ttv_um=-0.6,True,True,True
2026-02-12 02:42:00,UNIT03768,LOT026,WAFER3768,PKG03768,11,Burn-in,OSAT,Testing,BI-01,C,FAIL,ABNORMAL,ABNORMAL,,,,,,,,,,,,,,,,,,,118.191,5.345,,,,,1,burn_in_temperature_c=118.191,True,True,True
2026-02-12 02:16:00,UNIT03767,LOT026,WAFER3767,PKG03767,1,Wafer Inspection,ATMP,Wafer Metrology,WI-01,B,FAIL,ABNORMAL,ABNORMAL,752.056,1.569,-0.073,30.958,91.806,,,,,,,,,,,,,,,,,,,,1,bow_um=-0.073,True,True,True
2026-02-12 02:00:00,UNIT03766,LOT026,WAFER3766,PKG03766,1,Wafer Inspection,ATMP,Wafer Metrology,WI-02,A,FAIL,ABNORMAL,ABNORMAL,715.695,-0.01,1.287,15.591,110.775,,,,,,,,,,,,,,,,,,,,1,ttv_um=-0.01,True,True,True
2026-02-12 01:44:00,UNIT03765,LOT026,WAFER3765,PKG03765,1,Wafer Inspection,ATMP,Wafer Metrology,WI-01,B,FAIL,ABNORMAL,ABNORMAL,742.359,4.215,26.593,-5.489,92.762,,,,,,,,,,,,,,,,,,,,1,warp_um=-5.489,True,True,True
2026-02-12 01:12:00,UNIT03763,LOT026,WAFER3763,PKG03763,1,Wafer Inspection,ATMP,Wafer Metrology,WI-01,A,FAIL,ABNORMAL,ABNORMAL,743.438,2.518,21.207,-0.031,116.134,,,,,,,,,,,,,,,,,,,,1,warp_um=-0.031,True,True,True
2026-02-12 00:57:00,UNIT03762,LOT026,WAFER3762,PKG03762,2,Wafer Sort,OSAT,Wafer Test,WS-01,C,FAIL,ABNORMAL,ABNORMAL,,,,,,9.489,,,,,,,,,,,,,,,,,,,1,sort_current_a=9.489,True,True,True
2026-02-12 00:44:00,UNIT03761,LOT026,WAFER3761,PKG03761,5,Die Attach,OSAT/ATMP,Assembly,DA-02,A,FAIL,ABNORMAL,ABNORMAL,,,,,,,,,10.454,-0.142,,,,,,,,,,,,,,,1,attach_offset_um=-0.142,True,True,True
2026-02-12 00:24:00,UNIT03760,LOT026,WAFER3760,PKG03760,1,Wafer Inspection,ATMP,Wafer Metrology,WI-01,C,FAIL,ABNORMAL,ABNORMAL,733.325,4.05,-3.751,38.87,94.886,,,,,,,,,,,,,,,,,,,,1,bow_um=-3.751,True,True,True
2026-02-12 00:10:00,UNIT03759,LOT026,WAFER3759,PKG03759,3,Back Grinding,ATMP,Wafer Processing,BG-02,A,FAIL,ABNORMAL,ABNORMAL,708.247,,,,,,-0.614,,,,,,,,,,,,,,,,,,1,thickness_variation_um=-0.614,True,True,True
2026-02-11 23:42:00,UNIT03757,LOT026,WAFER3757,PKG03757,7,Encapsulation / Molding,OSAT/ATMP,Packaging,MO-02,C,FAIL,ABNORMAL,ABNORMAL,,,,,,,,,,,,,193.519,122.196,3.997,,,,,,,,,,1,mold_temperature_c=193.519,True,True,True
2026-02-11 23:10:00,UNIT03755,LOT026,WAFER3755,PKG03755,7,Encapsulation / Molding,OSAT/ATMP,Packaging,MO-01,C,FAIL,ABNORMAL,ABNORMAL,,,,,,,,,,,,,186.852,143.294,1.593,,,,,,,,,,1,mold_cure_time_s=143.294,True,True,True
2026-02-11 22:53:00,UNIT03754,LOT026,WAFER3754,PKG03754,6,Wire Bonding,OSAT/ATMP,Assembly,WB-01,B,FAIL,ABNORMAL,ABNORMAL,,,,,,,,,,,58.059,8.123,,,,,,,,,,,,,1,wire_bond_force_n=58.059,True,True,True
2026-02-11 22:16:00,UNIT03752,LOT026,WAFER3752,PKG03752,1,Wafer Inspection,ATMP,Wafer Metrology,WI-01,C,FAIL,ABNORMAL,ABNORMAL,700.596,2.324,3.721,41.848,123.95,,,,,,,,,,,,,,,,,,,,1,tape_thickness_um=123.95,True,True,True
2026-02-11 21:44:00,UNIT03750,LOT025,WAFER3750,PKG03750,1,Wafer Inspection,ATMP,Wafer Metrology,WI-01,A,FAIL,ABNORMAL,ABNORMAL,727.463,-0.414,14.905,5.333,91.589,,,,,,,,,,,,,,,,,,,,1,ttv_um=-0.414,True,True,True
2026-02-11 21:16:00,UNIT03748,LOT025,WAFER3748,PKG03748,5,Die Attach,OSAT/ATMP,Assembly,DA-01,A,FAIL,ABNORMAL,ABNORMAL,,,,,,,,,12.109,-9.629,,,,,,,,,,,,,,,2,attach_force_n=12.109; attach_offset_um=-9.629,True,True,True
2026-02-11 21:08:00,UNIT03747,LOT025,WAFER3747,PKG03747,13,FCT,OSAT,Functional Testing,FCT-01,A,FAIL,ABNORMAL,ABNORMAL,,,,,,,,,,,,,,,,,,,,,,3.548,,,1,fct_voltage_v=3.548,True,True,True
2026-02-11 20:43:00,UNIT03746,LOT025,WAFER3746,PKG03746,4,Wafer Dicing,ATMP,Wafer Processing,WD-02,A,FAIL,ABNORMAL,ABNORMAL,,,,,,,,56.749,,,,,,,,,,,,,,,,,1,kerf_width_um=56.749,True,True,True
2026-02-11 20:16:00,UNIT03744,LOT025,WAFER3744,PKG03744,9,Singulation,ATMP,Package Processing,SG-02,C,FAIL,ABNORMAL,ABNORMAL,,,,,,,,,,,,,,,,,-1.03,,,,,,,,1,singulation_damage_score=-1.03,True,True,True
2026-02-11 19:58:00,UNIT03743,LOT025,WAFER3743,PKG03743,7,Encapsulation / Molding,OSAT/ATMP,Packaging,MO-01,C,FAIL,ABNORMAL,ABNORMAL,,,,,,,,,,,,,183.172,119.118,5.226,,,,,,,,,,1,void_percentage=5.226,True,True,True
2026-02-11 19:36:00,UNIT03742,LOT025,WAFER3742,PKG03742,1,Wafer Inspection,ATMP,Wafer Metrology,WI-01,A,FAIL,ABNORMAL,ABNORMAL,730.705,5.114,34.094,6.054,98.481,,,,,,,,,,,,,,,,,,,,1,ttv_um=5.114,True,True,True
2026-02-11 19:20:00,UNIT03741,LOT025,WAFER3741,PKG03741,1,Wafer Inspection,ATMP,Wafer Metrology,WI-02,A,FAIL,ABNORMAL,ABNORMAL,693.572,2.317,32.943,34.783,111.002,,,,,,,,,,,,,,,,,,,,1,wafer_thickness_um=693.572,True,True,True
2026-02-11 19:10:00,UNIT03740,LOT025,WAFER3740,PKG03740,7,Encapsulation / Molding,OSAT/ATMP,Packaging,MO-01,B,FAIL,ABNORMAL,ABNORMAL,,,,,,,,,,,,,191.3,126.22,4.332,,,,,,,,,,1,mold_temperature_c=191.3,True,True,True
2026-02-11 18:53:00,UNIT03739,LOT025,WAFER3739,PKG03739,6,Wire Bonding,OSAT/ATMP,Assembly,WB-02,C,FAIL,ABNORMAL,ABNORMAL,,,,,,,,,,,66.386,4.458,,,,,,,,,,,,,1,bond_pull_strength_gf=4.458,True,True,True
2026-02-11 18:35:00,UNIT03738,LOT025,WAFER3738,PKG03738,4,Wafer Dicing,ATMP,Wafer Processing,WD-01,A,FAIL,ABNORMAL,ABNORMAL,,,,,,,,56.592,,,,,,,,,,,,,,,,,1,kerf_width_um=56.592,True,True,True
2026-02-11 17:42:00,UNIT03734,LOT025,WAFER3734,PKG03734,15,Final Inspection,ATMP,Final Inspection,FI-01,B,FAIL,ABNORMAL,ABNORMAL,,,,,,,,,,,,,,,,101.593,,9.828,,,,,,,1,marking_quality_score=101.593,True,True,True
2026-02-11 17:15:00,UNIT03733,LOT025,WAFER3733,PKG03733,4,Wafer Dicing,ATMP,Wafer Processing,WD-01,B,FAIL,ABNORMAL,ABNORMAL,,,,,,,,44.041,,,,,,,,,,,,,,,,,1,kerf_width_um=44.041,True,True,True
2026-02-11 16:46:00,UNIT03731,LOT025,WAFER3731,PKG03731,7,Encapsulation / Molding,OSAT/ATMP,Packaging,MO-01,A,FAIL,ABNORMAL,ABNORMAL,,,,,,,,,,,,,185.622,93.455,1.611,,,,,,,,,,1,mold_cure_time_s=93.455,True,True,True
2026-02-11 16:24:00,UNIT03730,LOT025,WAFER3730,PKG03730,1,Wafer Inspection,ATMP,Wafer Metrology,WI-02,C,FAIL,ABNORMAL,ABNORMAL,762.073,5.42,21.438,11.704,89.977,,,,,,,,,,,,,,,,,,,,1,ttv_um=5.42,True,True,True
2026-02-11 15:48:00,UNIT03727,LOT025,WAFER3727,PKG03727,13,FCT,OSAT,Functional Testing,FCT-01,A,FAIL,ABNORMAL,ABNORMAL,,,,,,,,,,,,,,,,,,,,,,3.504,,,1,fct_voltage_v=3.504,True,True,True
2026-02-11 15:30:00,UNIT03726,LOT025,WAFER3726,PKG03726,11,Burn-in,OSAT,Testing,BI-01,C,FAIL,ABNORMAL,ABNORMAL,,,,,,,,,,,,,,,,,,,129.937,8.79,,,,,1,burn_in_hours=8.79,True,True,True
2026-02-11 15:08:00,UNIT03725,LOT025,WAFER3725,PKG03725,5,Die Attach,OSAT/ATMP,Assembly,DA-01,C,FAIL,ABNORMAL,ABNORMAL,,,,,,,,,9.28,-4.84,,,,,,,,,,,,,,,1,attach_offset_um=-4.84,True,True,True
2026-02-11 14:56:00,UNIT03724,LOT025,WAFER3724,PKG03724,9,Singulation,ATMP,Package Processing,SG-02,C,FAIL,ABNORMAL,ABNORMAL,,,,,,,,,,,,,,,,,-0.018,,,,,,,,1,singulation_damage_score=-0.018,True,True,True
2026-02-11 14:16:00,UNIT03722,LOT025,WAFER3722,PKG03722,1,Wafer Inspection,ATMP,Wafer Metrology,WI-01,C,FAIL,ABNORMAL,ABNORMAL,752.168,3.436,1.122,27.292,74.39,,,,,,,,,,,,,,,,,,,,1,tape_thickness_um=74.39,True,True,True
2026-02-11 13:44:00,UNIT03720,LOT025,WAFER3720,PKG03720,1,Wafer Inspection,ATMP,Wafer Metrology,WI-01,A,FAIL,ABNORMAL,ABNORMAL,740.978,0.775,47.484,51.778,96.763,,,,,,,,,,,,,,,,,,,,1,warp_um=51.778,True,True,True
2026-02-11 13:28:00,UNIT03719,LOT025,WAFER3719,PKG03719,1,Wafer Inspection,ATMP,Wafer Metrology,WI-01,B,FAIL,ABNORMAL,ABNORMAL,746.118,4.308,20.728,-2.279,86.278,,,,,,,,,,,,,,,,,,,,1,warp_um=-2.279,True,True,True
2026-02-11 13:12:00,UNIT03718,LOT025,WAFER3718,PKG03718,1,Wafer Inspection,ATMP,Wafer Metrology,WI-01,C,FAIL,ABNORMAL,ABNORMAL,813.437,3.026,49.453,11.565,95.82,,,,,,,,,,,,,,,,,,,,1,wafer_thickness_um=813.437,True,True,True
2026-02-11 12:40:00,UNIT03716,LOT025,WAFER3716,PKG03716,1,Wafer Inspection,ATMP,Wafer Metrology,WI-01,B,FAIL,ABNORMAL,ABNORMAL,722.562,1.27,29.886,50.816,82.35,,,,,,,,,,,,,,,,,,,,1,warp_um=50.816,True,True,True
2026-02-11 12:29:00,UNIT03715,LOT025,WAFER3715,PKG03715,6,Wire Bonding,OSAT/ATMP,Assembly,WB-02,C,FAIL,ABNORMAL,ABNORMAL,,,,,,,,,,,71.654,4.362,,,,,,,,,,,,,2,wire_bond_force_n=71.654; bond_pull_strength_gf=4.362,True,True,True
2026-02-11 11:36:00,UNIT03712,LOT025,WAFER3712,PKG03712,1,Wafer Inspection,ATMP,Wafer Metrology,WI-02,B,FAIL,ABNORMAL,ABNORMAL,744.366,2.353,56.429,48.357,115.013,,,,,,,,,,,,,,,,,,,,1,bow_um=56.429,True,True,True
2026-02-11 11:34:00,UNIT03711,LOT025,WAFER3711,PKG03711,15,Final Inspection,ATMP,Final Inspection,FI-01,C,FAIL,ABNORMAL,ABNORMAL,,,,,,,,,,,,,,,,95.447,,10.239,,,,,,,1,package_dimension_mm=10.239,True,True,True
2026-02-11 10:57:00,UNIT03709,LOT025,WAFER3709,PKG03709,10,Package Inspection,OSAT/ATMP,Package Inspection,PI-02,A,FAIL,ABNORMAL,ABNORMAL,,,,,,,,,,,,,,,,,,9.721,,,,,,,1,package_dimension_mm=9.721,True,True,True
2026-02-11 10:37:00,UNIT03708,LOT025,WAFER3708,PKG03708,6,Wire Bonding,OSAT/ATMP,Assembly,WB-01,A,FAIL,ABNORMAL,ABNORMAL,,,,,,,,,,,58.258,5.86,,,,,,,,,,,,,1,wire_bond_force_n=58.258,True,True,True
2026-02-11 10:16:00,UNIT03707,LOT025,WAFER3707,PKG03707,1,Wafer Inspection,ATMP,Wafer Metrology,WI-01,B,FAIL,ABNORMAL,ABNORMAL,703.014,4.19,-0.785,29.852,115.271,,,,,,,,,,,,,,,,,,,,1,bow_um=-0.785,True,True,True
2026-02-11 09:44:00,UNIT03705,LOT025,WAFER3705,PKG03705,1,Wafer Inspection,ATMP,Wafer Metrology,WI-01,C,FAIL,ABNORMAL,ABNORMAL,780.237,-0.423,26.148,14.732,116.383,,,,,,,,,,,,,,,,,,,,1,ttv_um=-0.423,True,True,True
2026-02-11 09:34:00,UNIT03704,LOT025,WAFER3704,PKG03704,7,Encapsulation / Molding,OSAT/ATMP,Packaging,MO-02,A,FAIL,ABNORMAL,ABNORMAL,,,,,,,,,,,,,192.338,141.764,3.411,,,,,,,,,,2,mold_temperature_c=192.338; mold_cure_time_s=141.764,True,True,True
2026-02-11 09:03:00,UNIT03702,LOT025,WAFER3702,PKG03702,8,Marking,ATMP,Package Marking,MK-02,B,FAIL,ABNORMAL,ABNORMAL,,,,,,,,,,,,,,,,101.916,,,,,,,,,1,marking_quality_score=101.916,True,True,True
2026-02-11 08:41:00,UNIT03701,LOT025,WAFER3701,PKG03701,2,Wafer Sort,OSAT,Wafer Test,WS-02,A,FAIL,ABNORMAL,ABNORMAL,,,,,,9.335,,,,,,,,,,,,,,,,,,,1,sort_current_a=9.335,True,True,True
2026-02-11 08:26:00,UNIT03700,LOT025,WAFER3700,PKG03700,3,Back Grinding,ATMP,Wafer Processing,BG-01,B,FAIL,ABNORMAL,ABNORMAL,729.203,,,,,,-0.08,,,,,,,,,,,,,,,,,,1,thickness_variation_um=-0.08,True,True,True
2026-02-11 08:13:00,UNIT03699,LOT025,WAFER3699,PKG03699,6,Wire Bonding,OSAT/ATMP,Assembly,WB-01,B,FAIL,ABNORMAL,ABNORMAL,,,,,,,,,,,63.322,4.88,,,,,,,,,,,,,1,bond_pull_strength_gf=4.88,True,True,True
2026-02-11 07:59:00,UNIT03698,LOT025,WAFER3698,PKG03698,8,Marking,ATMP,Package Marking,MK-02,B,FAIL,ABNORMAL,ABNORMAL,,,,,,,,,,,,,,,,100.353,,,,,,,,,1,marking_quality_score=100.353,True,True,True
2026-02-11 07:40:00,UNIT03697,LOT025,WAFER3697,PKG03697,5,Die Attach,OSAT/ATMP,Assembly,DA-01,C,FAIL,ABNORMAL,ABNORMAL,,,,,,,,,9.42,58.613,,,,,,,,,,,,,,,1,attach_offset_um=58.613,True,True,True
2026-02-11 07:22:00,UNIT03696,LOT025,WAFER3696,PKG03696,3,Back Grinding,ATMP,Wafer Processing,BG-02,B,FAIL,ABNORMAL,ABNORMAL,727.229,,,,,,5.145,,,,,,,,,,,,,,,,,,1,thickness_variation_um=5.145,True,True,True
2026-02-11 07:04:00,UNIT03695,LOT025,WAFER3695,PKG03695,1,Wafer Inspection,ATMP,Wafer Metrology,WI-02,C,FAIL,ABNORMAL,ABNORMAL,697.73,3.395,21.572,38.229,117.495,,,,,,,,,,,,,,,,,,,,1,wafer_thickness_um=697.73,True,True,True
2026-02-11 06:50:00,UNIT03694,LOT025,WAFER3694,PKG03694,3,Back Grinding,ATMP,Wafer Processing,BG-02,B,FAIL,ABNORMAL,ABNORMAL,727.587,,,,,,-0.189,,,,,,,,,,,,,,,,,,1,thickness_variation_um=-0.189,True,True,True
2026-02-11 06:38:00,UNIT03693,LOT025,WAFER3693,PKG03693,7,Encapsulation / Molding,OSAT/ATMP,Packaging,MO-02,B,FAIL,ABNORMAL,ABNORMAL,,,,,,,,,,,,,191.468,141.953,1.272,,,,,,,,,,2,mold_temperature_c=191.468; mold_cure_time_s=141.953,True,True,True
2026-02-11 06:04:00,UNIT03691,LOT025,WAFER3691,PKG03691,5,Die Attach,OSAT/ATMP,Assembly,DA-01,C,FAIL,ABNORMAL,ABNORMAL,,,,,,,,,12.281,12.398,,,,,,,,,,,,,,,1,attach_force_n=12.281,True,True,True
2026-02-11 05:44:00,UNIT03690,LOT025,WAFER3690,PKG03690,1,Wafer Inspection,ATMP,Wafer Metrology,WI-02,B,FAIL,ABNORMAL,ABNORMAL,763.359,1.621,42.951,17.179,74.295,,,,,,,,,,,,,,,,,,,,1,tape_thickness_um=74.295,True,True,True
2026-02-11 05:13:00,UNIT03688,LOT025,WAFER3688,PKG03688,2,Wafer Sort,OSAT,Wafer Test,WS-02,B,FAIL,ABNORMAL,ABNORMAL,,,,,,9.494,,,,,,,,,,,,,,,,,,,1,sort_current_a=9.494,True,True,True
2026-02-11 05:10:00,UNIT03687,LOT025,WAFER3687,PKG03687,15,Final Inspection,ATMP,Final Inspection,FI-02,A,FAIL,ABNORMAL,ABNORMAL,,,,,,,,,,,,,,,,99.233,,9.73,,,,,,,1,package_dimension_mm=9.73,True,True,True
2026-02-11 04:53:00,UNIT03686,LOT025,WAFER3686,PKG03686,14,EOL,OSAT,Final Testing,EOL-01,A,FAIL,ABNORMAL,ABNORMAL,,,,,,,,,,,,,,,,,,,,,,,77.597,,1,eol_temperature_c=77.597,True,True,True
2026-02-11 04:35:00,UNIT03685,LOT025,WAFER3685,PKG03685,12,ICT,OSAT,Electrical Testing,ICT-02,C,FAIL,ABNORMAL,ABNORMAL,,,,,,,,,,,,,,,,,,,,,9.421,,,,1,ict_current_a=9.421,True,True,True
2026-02-11 03:23:00,UNIT03681,LOT025,WAFER3681,PKG03681,4,Wafer Dicing,ATMP,Wafer Processing,WD-01,B,FAIL,ABNORMAL,ABNORMAL,,,,,,,,55.606,,,,,,,,,,,,,,,,,1,kerf_width_um=55.606,True,True,True
2026-02-11 02:48:00,UNIT03679,LOT025,WAFER3679,PKG03679,1,Wafer Inspection,ATMP,Wafer Metrology,WI-02,B,FAIL,ABNORMAL,ABNORMAL,759.288,0.331,43.226,53.143,106.273,,,,,,,,,,,,,,,,,,,,1,warp_um=53.143,True,True,True
2026-02-11 02:40:00,UNIT03678,LOT025,WAFER3678,PKG03678,9,Singulation,ATMP,Package Processing,SG-02,A,FAIL,ABNORMAL,ABNORMAL,,,,,,,,,,,,,,,,,-1.044,,,,,,,,1,singulation_damage_score=-1.044,True,True,True
2026-02-11 02:16:00,UNIT03677,LOT025,WAFER3677,PKG03677,1,Wafer Inspection,ATMP,Wafer Metrology,WI-02,A,FAIL,ABNORMAL,ABNORMAL,752.464,0.016,46.26,55.012,84.003,,,,,,,,,,,,,,,,,,,,1,warp_um=55.012,True,True,True
2026-02-11 02:08:00,UNIT03676,LOT025,WAFER3676,PKG03676,9,Singulation,ATMP,Package Processing,SG-01,B,FAIL,ABNORMAL,ABNORMAL,,,,,,,,,,,,,,,,,10.027,,,,,,,,1,singulation_damage_score=10.027,True,True,True
2026-02-11 01:54:00,UNIT03675,LOT025,WAFER3675,PKG03675,11,Burn-in,OSAT,Testing,BI-01,A,FAIL,ABNORMAL,ABNORMAL,,,,,,,,,,,,,,,,,,,128.393,8.229,,,,,1,burn_in_hours=8.229,True,True,True
2026-02-11 01:41:00,UNIT03674,LOT025,WAFER3674,PKG03674,14,EOL,OSAT,Final Testing,EOL-01,C,FAIL,ABNORMAL,ABNORMAL,,,,,,,,,,,,,,,,,,,,,,,100.566,,1,eol_temperature_c=100.566,True,True,True
2026-02-11 01:20:00,UNIT03673,LOT025,WAFER3673,PKG03673,9,Singulation,ATMP,Package Processing,SG-02,C,FAIL,ABNORMAL,ABNORMAL,,,,,,,,,,,,,,,,,10.763,,,,,,,,1,singulation_damage_score=10.763,True,True,True
2026-02-11 00:59:00,UNIT03672,LOT025,WAFER3672,PKG03672,4,Wafer Dicing,ATMP,Wafer Processing,WD-01,B,FAIL,ABNORMAL,ABNORMAL,,,,,,,,55.779,,,,,,,,,,,,,,,,,1,kerf_width_um=55.779,True,True,True
2026-02-11 00:48:00,UNIT03671,LOT025,WAFER3671,PKG03671,9,Singulation,ATMP,Package Processing,SG-01,A,FAIL,ABNORMAL,ABNORMAL,,,,,,,,,,,,,,,,,-0.765,,,,,,,,1,singulation_damage_score=-0.765,True,True,True
2026-02-11 00:33:00,UNIT03670,LOT025,WAFER3670,PKG03670,10,Package Inspection,OSAT/ATMP,Package Inspection,PI-02,A,FAIL,ABNORMAL,ABNORMAL,,,,,,,,,,,,,,,,,,9.757,,,,,,,1,package_dimension_mm=9.757,True,True,True
2026-02-11 00:15:00,UNIT03669,LOT025,WAFER3669,PKG03669,8,Marking,ATMP,Package Marking,MK-02,C,FAIL,ABNORMAL,ABNORMAL,,,,,,,,,,,,,,,,88.773,,,,,,,,,1,marking_quality_score=88.773,True,True,True
2026-02-10 23:20:00,UNIT03666,LOT025,WAFER3666,PKG03666,1,Wafer Inspection,ATMP,Wafer Metrology,WI-02,B,FAIL,ABNORMAL,ABNORMAL,688.998,1.472,38.896,4.832,98.055,,,,,,,,,,,,,,,,,,,,1,wafer_thickness_um=688.998,True,True,True
2026-02-10 23:01:00,UNIT03664,LOT025,WAFER3664,PKG03664,14,EOL,OSAT,Final Testing,EOL-01,C,FAIL,ABNORMAL,ABNORMAL,,,,,,,,,,,,,,,,,,,,,,,102.773,,1,eol_temperature_c=102.773,True,True,True
2026-02-10 22:32:00,UNIT03663,LOT025,WAFER3663,PKG03663,1,Wafer Inspection,ATMP,Wafer Metrology,WI-01,B,FAIL,ABNORMAL,ABNORMAL,791.94,0.794,8.513,-8.105,96.935,,,,,,,,,,,,,,,,,,,,1,warp_um=-8.105,True,True,True
2026-02-10 22:03:00,UNIT03661,LOT025,WAFER3661,PKG03661,4,Wafer Dicing,ATMP,Wafer Processing,WD-01,A,FAIL,ABNORMAL,ABNORMAL,,,,,,,,56.727,,,,,,,,,,,,,,,,,1,kerf_width_um=56.727,True,True,True
2026-02-10 21:49:00,UNIT03660,LOT025,WAFER3660,PKG03660,6,Wire Bonding,OSAT/ATMP,Assembly,WB-02,B,FAIL,ABNORMAL,ABNORMAL,,,,,,,,,,,58.654,5.232,,,,,,,,,,,,,1,wire_bond_force_n=58.654,True,True,True
2026-02-10 21:32:00,UNIT03659,LOT025,WAFER3659,PKG03659,5,Die Attach,OSAT/ATMP,Assembly,DA-02,B,FAIL,ABNORMAL,ABNORMAL,,,,,,,,,12.048,8.978,,,,,,,,,,,,,,,1,attach_force_n=12.048,True,True,True
2026-02-10 21:18:00,UNIT03658,LOT025,WAFER3658,PKG03658,7,Encapsulation / Molding,OSAT/ATMP,Packaging,MO-02,A,FAIL,ABNORMAL,ABNORMAL,,,,,,,,,,,,,189.693,126.351,5.825,,,,,,,,,,1,void_percentage=5.825,True,True,True
2026-02-10 20:24:00,UNIT03655,LOT025,WAFER3655,PKG03655,1,Wafer Inspection,ATMP,Wafer Metrology,WI-01,A,FAIL,ABNORMAL,ABNORMAL,774.863,2.114,14.302,57.94,118.25,,,,,,,,,,,,,,,,,,,,1,warp_um=57.94,True,True,True
2026-02-10 20:09:00,UNIT03654,LOT025,WAFER3654,PKG03654,2,Wafer Sort,OSAT,Wafer Test,WS-01,C,FAIL,ABNORMAL,ABNORMAL,,,,,,9.443,,,,,,,,,,,,,,,,,,,1,sort_current_a=9.443,True,True,True
2026-02-10 19:22:00,UNIT03651,LOT025,WAFER3651,PKG03651,3,Back Grinding,ATMP,Wafer Processing,BG-01,C,FAIL,ABNORMAL,ABNORMAL,808.683,,,,,,5.312,,,,,,,,,,,,,,,,,,2,wafer_thickness_um=808.683; thickness_variation_um=5.312,True,True,True
2026-02-10 18:54:00,UNIT03649,LOT025,WAFER3649,PKG03649,7,Encapsulation / Molding,OSAT/ATMP,Packaging,MO-02,B,FAIL,ABNORMAL,ABNORMAL,,,,,,,,,,,,,186.152,145.282,3.481,,,,,,,,,,1,mold_cure_time_s=145.282,True,True,True
2026-02-10 18:18:00,UNIT03647,LOT025,WAFER3647,PKG03647,3,Back Grinding,ATMP,Wafer Processing,BG-01,A,FAIL,ABNORMAL,ABNORMAL,807.459,,,,,,3.115,,,,,,,,,,,,,,,,,,1,wafer_thickness_um=807.459,True,True,True
2026-02-10 18:13:00,UNIT03646,LOT025,WAFER3646,PKG03646,14,EOL,OSAT,Final Testing,EOL-02,B,FAIL,ABNORMAL,ABNORMAL,,,,,,,,,,,,,,,,,,,,,,,78.885,,1,eol_temperature_c=78.885,True,True,True
2026-02-10 17:28:00,UNIT03644,LOT025,WAFER3644,PKG03644,1,Wafer Inspection,ATMP,Wafer Metrology,WI-02,A,FAIL,ABNORMAL,ABNORMAL,813.682,0.067,31.676,20.284,98.115,,,,,,,,,,,,,,,,,,,,1,wafer_thickness_um=813.682,True,True,True
2026-02-10 17:22:00,UNIT03643,LOT025,WAFER3643,PKG03643,11,Burn-in,OSAT,Testing,BI-01,A,FAIL,ABNORMAL,ABNORMAL,,,,,,,,,,,,,,,,,,,130.964,5.562,,,,,1,burn_in_temperature_c=130.964,True,True,True
2026-02-10 16:45:00,UNIT03641,LOT025,WAFER3641,PKG03641,6,Wire Bonding,OSAT/ATMP,Assembly,WB-01,B,FAIL,ABNORMAL,ABNORMAL,,,,,,,,,,,61.5,10.367,,,,,,,,,,,,,1,bond_pull_strength_gf=10.367,True,True,True
2026-02-10 16:27:00,UNIT03640,LOT025,WAFER3640,PKG03640,4,Wafer Dicing,ATMP,Wafer Processing,WD-02,B,FAIL,ABNORMAL,ABNORMAL,,,,,,,,44.581,,,,,,,,,,,,,,,,,1,kerf_width_um=44.581,True,True,True
2026-02-10 16:21:00,UNIT03639,LOT025,WAFER3639,PKG03639,14,EOL,OSAT,Final Testing,EOL-02,C,FAIL,ABNORMAL,ABNORMAL,,,,,,,,,,,,,,,,,,,,,,,76.202,,1,eol_temperature_c=76.202,True,True,True
2026-02-10 16:06:00,UNIT03638,LOT025,WAFER3638,PKG03638,15,Final Inspection,ATMP,Final Inspection,FI-02,B,FAIL,ABNORMAL,ABNORMAL,,,,,,,,,,,,,,,,95.189,,9.753,,,,,,,1,package_dimension_mm=9.753,True,True,True
2026-02-10 15:41:00,UNIT03637,LOT025,WAFER3637,PKG03637,6,Wire Bonding,OSAT/ATMP,Assembly,WB-02,B,FAIL,ABNORMAL,ABNORMAL,,,,,,,,,,,60.258,10.746,,,,,,,,,,,,,1,bond_pull_strength_gf=10.746,True,True,True
2026-02-10 15:21:00,UNIT03636,LOT025,WAFER3636,PKG03636,2,Wafer Sort,OSAT,Wafer Test,WS-02,A,FAIL,ABNORMAL,ABNORMAL,,,,,,10.623,,,,,,,,,,,,,,,,,,,1,sort_current_a=10.623,True,True,True
2026-02-10 14:27:00,UNIT03632,LOT025,WAFER3632,PKG03632,12,ICT,OSAT,Electrical Testing,ICT-02,C,FAIL,ABNORMAL,ABNORMAL,,,,,,,,,,,,,,,,,,,,,9.365,,,,1,ict_current_a=9.365,True,True,True
2026-02-10 14:12:00,UNIT03631,LOT025,WAFER3631,PKG03631,13,FCT,OSAT,Functional Testing,FCT-01,B,FAIL,ABNORMAL,ABNORMAL,,,,,,,,,,,,,,,,,,,,,,3.533,,,1,fct_voltage_v=3.533,True,True,True
2026-02-10 13:37:00,UNIT03629,LOT025,WAFER3629,PKG03629,10,Package Inspection,OSAT/ATMP,Package Inspection,PI-01,C,FAIL,ABNORMAL,ABNORMAL,,,,,,,,,,,,,,,,,,10.218,,,,,,,1,package_dimension_mm=10.218,True,True,True
2026-02-10 13:14:00,UNIT03628,LOT025,WAFER3628,PKG03628,3,Back Grinding,ATMP,Wafer Processing,BG-01,B,FAIL,ABNORMAL,ABNORMAL,730.332,,,,,,-0.077,,,,,,,,,,,,,,,,,,1,thickness_variation_um=-0.077,True,True,True
2026-02-10 12:58:00,UNIT03627,LOT025,WAFER3627,PKG03627,3,Back Grinding,ATMP,Wafer Processing,BG-02,A,FAIL,ABNORMAL,ABNORMAL,692.17,,,,,,1.405,,,,,,,,,,,,,,,,,,1,wafer_thickness_um=692.17,True,True,True
2026-02-10 12:48:00,UNIT03626,LOT025,WAFER3626,PKG03626,9,Singulation,ATMP,Package Processing,SG-02,C,FAIL,ABNORMAL,ABNORMAL,,,,,,,,,,,,,,,,,-0.678,,,,,,,,1,singulation_damage_score=-0.678,True,True,True
2026-02-10 12:34:00,UNIT03625,LOT025,WAFER3625,PKG03625,11,Burn-in,OSAT,Testing,BI-01,A,FAIL,ABNORMAL,ABNORMAL,,,,,,,,,,,,,,,,,,,127.95,3.672,,,,,1,burn_in_hours=3.672,True,True,True
2026-02-10 12:08:00,UNIT03624,LOT025,WAFER3624,PKG03624,1,Wafer Inspection,ATMP,Wafer Metrology,WI-02,B,FAIL,ABNORMAL,ABNORMAL,752.973,3.736,44.23,6.635,74.732,,,,,,,,,,,,,,,,,,,,1,tape_thickness_um=74.732,True,True,True
2026-02-10 11:58:00,UNIT03623,LOT025,WAFER3623,PKG03623,7,Encapsulation / Molding,OSAT/ATMP,Packaging,MO-01,A,FAIL,ABNORMAL,ABNORMAL,,,,,,,,,,,,,183.527,146.894,0.132,,,,,,,,,,1,mold_cure_time_s=146.894,True,True,True
2026-02-10 11:40:00,UNIT03622,LOT025,WAFER3622,PKG03622,5,Die Attach,OSAT/ATMP,Assembly,DA-02,C,FAIL,ABNORMAL,ABNORMAL,,,,,,,,,12.647,46.136,,,,,,,,,,,,,,,1,attach_force_n=12.647,True,True,True
2026-02-10 11:20:00,UNIT03621,LOT025,WAFER3621,PKG03621,1,Wafer Inspection,ATMP,Wafer Metrology,WI-02,C,FAIL,ABNORMAL,ABNORMAL,773.551,0.64,35.64,14.468,123.931,,,,,,,,,,,,,,,,,,,,1,tape_thickness_um=123.931,True,True,True
2026-02-10 10:48:00,UNIT03619,LOT025,WAFER3619,PKG03619,1,Wafer Inspection,ATMP,Wafer Metrology,WI-01,C,FAIL,ABNORMAL,ABNORMAL,688.298,0.043,44.295,13.425,100.864,,,,,,,,,,,,,,,,,,,,1,wafer_thickness_um=688.298,True,True,True
2026-02-10 10:42:00,UNIT03618,LOT025,WAFER3618,PKG03618,11,Burn-in,OSAT,Testing,BI-02,C,FAIL,ABNORMAL,ABNORMAL,,,,,,,,,,,,,,,,,,,118.601,4.847,,,,,1,burn_in_temperature_c=118.601,True,True,True
2026-02-10 10:02:00,UNIT03616,LOT025,WAFER3616,PKG03616,3,Back Grinding,ATMP,Wafer Processing,BG-02,C,FAIL,ABNORMAL,ABNORMAL,694.027,,,,,,0.357,,,,,,,,,,,,,,,,,,1,wafer_thickness_um=694.027,True,True,True
2026-02-10 09:49:00,UNIT03615,LOT025,WAFER3615,PKG03615,6,Wire Bonding,OSAT/ATMP,Assembly,WB-02,A,FAIL,ABNORMAL,ABNORMAL,,,,,,,,,,,70.383,6.494,,,,,,,,,,,,,1,wire_bond_force_n=70.383,True,True,True
2026-02-10 09:28:00,UNIT03614,LOT025,WAFER3614,PKG03614,1,Wafer Inspection,ATMP,Wafer Metrology,WI-01,C,FAIL,ABNORMAL,ABNORMAL,681.868,4.566,31.049,49.514,89.826,,,,,,,,,,,,,,,,,,,,1,wafer_thickness_um=681.868,True,True,True
2026-02-10 09:12:00,UNIT03613,LOT025,WAFER3613,PKG03613,1,Wafer Inspection,ATMP,Wafer Metrology,WI-02,A,FAIL,ABNORMAL,ABNORMAL,773.984,1.708,19.188,3.886,76.707,,,,,,,,,,,,,,,,,,,,1,tape_thickness_um=76.707,True,True,True
2026-02-10 09:02:00,UNIT03612,LOT025,WAFER3612,PKG03612,7,Encapsulation / Molding,OSAT/ATMP,Packaging,MO-02,A,FAIL,ABNORMAL,ABNORMAL,,,,,,,,,,,,,183.684,146.222,0.853,,,,,,,,,,1,mold_cure_time_s=146.222,True,True,True
2026-02-10 08:40:00,UNIT03611,LOT025,WAFER3611,PKG03611,1,Wafer Inspection,ATMP,Wafer Metrology,WI-02,A,FAIL,ABNORMAL,ABNORMAL,681.352,4.446,15.861,16.393,85.091,,,,,,,,,,,,,,,,,,,,1,wafer_thickness_um=681.352,True,True,True
2026-02-10 08:08:00,UNIT03609,LOT025,WAFER3609,PKG03609,1,Wafer Inspection,ATMP,Wafer Metrology,WI-01,C,FAIL,ABNORMAL,ABNORMAL,716.159,2.914,-2.304,11.73,107.909,,,,,,,,,,,,,,,,,,,,1,bow_um=-2.304,True,True,True
2026-02-10 07:52:00,UNIT03608,LOT025,WAFER3608,PKG03608,1,Wafer Inspection,ATMP,Wafer Metrology,WI-02,A,FAIL,ABNORMAL,ABNORMAL,813.977,2.567,15.855,1.022,87.95,,,,,,,,,,,,,,,,,,,,1,wafer_thickness_um=813.977,True,True,True
2026-02-10 07:41:00,UNIT03607,LOT025,WAFER3607,PKG03607,6,Wire Bonding,OSAT/ATMP,Assembly,WB-02,C,FAIL,ABNORMAL,ABNORMAL,,,,,,,,,,,59.035,5.005,,,,,,,,,,,,,1,wire_bond_force_n=59.035,True,True,True
2026-02-10 06:48:00,UNIT03604,LOT025,WAFER3604,PKG03604,1,Wafer Inspection,ATMP,Wafer Metrology,WI-02,A,FAIL,ABNORMAL,ABNORMAL,747.09,5.985,36.383,42.292,97.587,,,,,,,,,,,,,,,,,,,,1,ttv_um=5.985,True,True,True
2026-02-10 06:41:00,UNIT03603,LOT025,WAFER3603,PKG03603,10,Package Inspection,OSAT/ATMP,Package Inspection,PI-01,B,FAIL,ABNORMAL,ABNORMAL,,,,,,,,,,,,,,,,,,9.769,,,,,,,1,package_dimension_mm=9.769,True,True,True
2026-02-10 06:31:00,UNIT03602,LOT025,WAFER3602,PKG03602,16,Packing / Dispatch,ATMP,Packaging,PK-02,C,FAIL,ABNORMAL,ABNORMAL,,,,,,,,,,,,,,,,,,,,,,,,11.324,1,packaging_damage_score=11.324,True,True,True
2026-02-10 06:14:00,UNIT03601,LOT025,WAFER3601,PKG03601,15,Final Inspection,ATMP,Final Inspection,FI-01,B,FAIL,ABNORMAL,ABNORMAL,,,,,,,,,,,,,,,,89.652,,9.904,,,,,,,1,marking_quality_score=89.652,True,True,True
2026-02-10 05:51:00,UNIT03600,LOT024,WAFER3600,PKG03600,8,Marking,ATMP,Package Marking,MK-02,B,FAIL,ABNORMAL,ABNORMAL,,,,,,,,,,,,,,,,88.691,,,,,,,,,1,marking_quality_score=88.691,True,True,True
2026-02-10 04:57:00,UNIT03597,LOT024,WAFER3597,PKG03597,2,Wafer Sort,OSAT,Wafer Test,WS-02,B,FAIL,ABNORMAL,ABNORMAL,,,,,,9.311,,,,,,,,,,,,,,,,,,,1,sort_current_a=9.311,True,True,True
2026-02-10 04:44:00,UNIT03596,LOT024,WAFER3596,PKG03596,5,Die Attach,OSAT/ATMP,Assembly,DA-02,A,FAIL,ABNORMAL,ABNORMAL,,,,,,,,,8.565,-0.358,,,,,,,,,,,,,,,1,attach_offset_um=-0.358,True,True,True
2026-02-10 04:30:00,UNIT03595,LOT024,WAFER3595,PKG03595,7,Encapsulation / Molding,OSAT/ATMP,Packaging,MO-01,B,FAIL,ABNORMAL,ABNORMAL,,,,,,,,,,,,,179.048,104.635,5.039,,,,,,,,,,1,void_percentage=5.039,True,True,True
2026-02-10 03:55:00,UNIT03593,LOT024,WAFER3593,PKG03593,4,Wafer Dicing,ATMP,Wafer Processing,WD-01,B,FAIL,ABNORMAL,ABNORMAL,,,,,,,,56.71,,,,,,,,,,,,,,,,,1,kerf_width_um=56.71,True,True,True
2026-02-10 03:31:00,UNIT03591,LOT024,WAFER3591,PKG03591,12,ICT,OSAT,Electrical Testing,ICT-01,A,FAIL,ABNORMAL,ABNORMAL,,,,,,,,,,,,,,,,,,,,,10.652,,,,1,ict_current_a=10.652,True,True,True
2026-02-10 03:08:00,UNIT03590,LOT024,WAFER3590,PKG03590,5,Die Attach,OSAT/ATMP,Assembly,DA-02,C,FAIL,ABNORMAL,ABNORMAL,,,,,,,,,7.37,17.456,,,,,,,,,,,,,,,1,attach_force_n=7.37,True,True,True
2026-02-10 02:48:00,UNIT03589,LOT024,WAFER3589,PKG03589,1,Wafer Inspection,ATMP,Wafer Metrology,WI-01,B,FAIL,ABNORMAL,ABNORMAL,753.162,4.297,28.022,22.083,126.988,,,,,,,,,,,,,,,,,,,,1,tape_thickness_um=126.988,True,True,True
2026-02-10 02:38:00,UNIT03588,LOT024,WAFER3588,PKG03588,7,Encapsulation / Molding,OSAT/ATMP,Packaging,MO-02,C,FAIL,ABNORMAL,ABNORMAL,,,,,,,,,,,,,182.624,139.293,-0.215,,,,,,,,,,1,void_percentage=-0.215,True,True,True
2026-02-10 02:16:00,UNIT03587,LOT024,WAFER3587,PKG03587,1,Wafer Inspection,ATMP,Wafer Metrology,WI-02,B,FAIL,ABNORMAL,ABNORMAL,727.025,3.386,9.212,-4.782,100.316,,,,,,,,,,,,,,,,,,,,1,warp_um=-4.782,True,True,True
2026-02-10 02:00:00,UNIT03586,LOT024,WAFER3586,PKG03586,1,Wafer Inspection,ATMP,Wafer Metrology,WI-01,A,FAIL,ABNORMAL,ABNORMAL,801.762,1.219,13.891,2.935,84.413,,,,,,,,,,,,,,,,,,,,1,wafer_thickness_um=801.762,True,True,True
2026-02-10 01:28:00,UNIT03584,LOT024,WAFER3584,PKG03584,1,Wafer Inspection,ATMP,Wafer Metrology,WI-02,C,FAIL,ABNORMAL,ABNORMAL,763.032,-0.251,46.155,0.151,120.533,,,,,,,,,,,,,,,,,,,,2,ttv_um=-0.251; tape_thickness_um=120.533,True,True,True
2026-02-10 01:18:00,UNIT03583,LOT024,WAFER3583,PKG03583,7,Encapsulation / Molding,OSAT/ATMP,Packaging,MO-01,B,FAIL,ABNORMAL,ABNORMAL,,,,,,,,,,,,,179.689,94.844,0.698,,,,,,,,,,1,mold_cure_time_s=94.844,True,True,True
2026-02-10 00:59:00,UNIT03582,LOT024,WAFER3582,PKG03582,4,Wafer Dicing,ATMP,Wafer Processing,WD-01,B,FAIL,ABNORMAL,ABNORMAL,,,,,,,,56.261,,,,,,,,,,,,,,,,,1,kerf_width_um=56.261,True,True,True
2026-02-10 00:55:00,UNIT03581,LOT024,WAFER3581,PKG03581,16,Packing / Dispatch,ATMP,Packaging,PK-01,A,FAIL,ABNORMAL,ABNORMAL,,,,,,,,,,,,,,,,,,,,,,,,-0.667,1,packaging_damage_score=-0.667,True,True,True
2026-02-10 00:30:00,UNIT03580,LOT024,WAFER3580,PKG03580,7,Encapsulation / Molding,OSAT/ATMP,Packaging,MO-01,C,FAIL,ABNORMAL,ABNORMAL,,,,,,,,,,,,,175.899,110.317,5.652,,,,,,,,,,1,void_percentage=5.652,True,True,True
2026-02-10 00:08:00,UNIT03579,LOT024,WAFER3579,PKG03579,1,Wafer Inspection,ATMP,Wafer Metrology,WI-01,A,FAIL,ABNORMAL,ABNORMAL,799.591,1.361,23.902,41.081,120.946,,,,,,,,,,,,,,,,,,,,1,tape_thickness_um=120.946,True,True,True
2026-02-09 23:52:00,UNIT03578,LOT024,WAFER3578,PKG03578,1,Wafer Inspection,ATMP,Wafer Metrology,WI-01,B,FAIL,ABNORMAL,ABNORMAL,712.61,0.792,51.448,4.376,84.903,,,,,,,,,,,,,,,,,,,,1,bow_um=51.448,True,True,True
2026-02-09 23:32:00,UNIT03576,LOT024,WAFER3576,PKG03576,13,FCT,OSAT,Functional Testing,FCT-01,C,FAIL,ABNORMAL,ABNORMAL,,,,,,,,,,,,,,,,,,,,,,3.06,,,1,fct_voltage_v=3.06,True,True,True
2026-02-09 23:06:00,UNIT03575,LOT024,WAFER3575,PKG03575,3,Back Grinding,ATMP,Wafer Processing,BG-01,C,FAIL,ABNORMAL,ABNORMAL,812.6,,,,,,0.089,,,,,,,,,,,,,,,,,,1,wafer_thickness_um=812.6,True,True,True
2026-02-09 22:58:00,UNIT03574,LOT024,WAFER3574,PKG03574,11,Burn-in,OSAT,Testing,BI-01,B,FAIL,ABNORMAL,ABNORMAL,,,,,,,,,,,,,,,,,,,130.61,5.241,,,,,1,burn_in_temperature_c=130.61,True,True,True
2026-02-09 22:36:00,UNIT03573,LOT024,WAFER3573,PKG03573,5,Die Attach,OSAT/ATMP,Assembly,DA-02,C,FAIL,ABNORMAL,ABNORMAL,,,,,,,,,7.251,9.505,,,,,,,,,,,,,,,1,attach_force_n=7.251,True,True,True
2026-02-09 22:22:00,UNIT03572,LOT024,WAFER3572,PKG03572,7,Encapsulation / Molding,OSAT/ATMP,Packaging,MO-02,A,FAIL,ABNORMAL,ABNORMAL,,,,,,,,,,,,,188.681,140.071,2.779,,,,,,,,,,1,mold_cure_time_s=140.071,True,True,True
2026-02-09 22:01:00,UNIT03571,LOT024,WAFER3571,PKG03571,2,Wafer Sort,OSAT,Wafer Test,WS-02,A,FAIL,ABNORMAL,ABNORMAL,,,,,,9.33,,,,,,,,,,,,,,,,,,,1,sort_current_a=9.33,True,True,True
2026-02-09 21:48:00,UNIT03570,LOT024,WAFER3570,PKG03570,5,Die Attach,OSAT/ATMP,Assembly,DA-01,A,FAIL,ABNORMAL,ABNORMAL,,,,,,,,,7.445,49.068,,,,,,,,,,,,,,,1,attach_force_n=7.445,True,True,True
2026-02-09 21:37:00,UNIT03569,LOT024,WAFER3569,PKG03569,10,Package Inspection,OSAT/ATMP,Package Inspection,PI-02,B,FAIL,ABNORMAL,ABNORMAL,,,,,,,,,,,,,,,,,,9.751,,,,,,,1,package_dimension_mm=9.751,True,True,True
2026-02-09 21:12:00,UNIT03568,LOT024,WAFER3568,PKG03568,1,Wafer Inspection,ATMP,Wafer Metrology,WI-02,C,FAIL,ABNORMAL,ABNORMAL,764.643,4.374,36.65,7.02,124.956,,,,,,,,,,,,,,,,,,,,1,tape_thickness_um=124.956,True,True,True
2026-02-09 21:07:00,UNIT03567,LOT024,WAFER3567,PKG03567,12,ICT,OSAT,Electrical Testing,ICT-02,B,FAIL,ABNORMAL,ABNORMAL,,,,,,,,,,,,,,,,,,,,,9.45,,,,1,ict_current_a=9.45,True,True,True
2026-02-09 20:24:00,UNIT03565,LOT024,WAFER3565,PKG03565,1,Wafer Inspection,ATMP,Wafer Metrology,WI-01,A,FAIL,ABNORMAL,ABNORMAL,787.222,3.17,36.079,13.192,77.929,,,,,,,,,,,,,,,,,,,,1,tape_thickness_um=77.929,True,True,True
2026-02-09 20:23:00,UNIT03564,LOT024,WAFER3564,PKG03564,16,Packing / Dispatch,ATMP,Packaging,PK-01,B,FAIL,ABNORMAL,ABNORMAL,,,,,,,,,,,,,,,,,,,,,,,,-0.417,1,packaging_damage_score=-0.417,True,True,True
2026-02-09 19:57:00,UNIT03563,LOT024,WAFER3563,PKG03563,6,Wire Bonding,OSAT/ATMP,Assembly,WB-02,C,FAIL,ABNORMAL,ABNORMAL,,,,,,,,,,,58.371,9.415,,,,,,,,,,,,,1,wire_bond_force_n=58.371,True,True,True
2026-02-09 19:42:00,UNIT03562,LOT024,WAFER3562,PKG03562,7,Encapsulation / Molding,OSAT/ATMP,Packaging,MO-02,A,FAIL,ABNORMAL,ABNORMAL,,,,,,,,,,,,,192.404,133.063,1.326,,,,,,,,,,1,mold_temperature_c=192.404,True,True,True
2026-02-09 19:20:00,UNIT03561,LOT024,WAFER3561,PKG03561,1,Wafer Inspection,ATMP,Wafer Metrology,WI-02,A,FAIL,ABNORMAL,ABNORMAL,815.915,4.245,40.935,44.831,85.694,,,,,,,,,,,,,,,,,,,,1,wafer_thickness_um=815.915,True,True,True
2026-02-09 18:41:00,UNIT03558,LOT024,WAFER3558,PKG03558,10,Package Inspection,OSAT/ATMP,Package Inspection,PI-02,C,FAIL,ABNORMAL,ABNORMAL,,,,,,,,,,,,,,,,,,10.233,,,,,,,1,package_dimension_mm=10.233,True,True,True
2026-02-09 18:16:00,UNIT03557,LOT024,WAFER3557,PKG03557,1,Wafer Inspection,ATMP,Wafer Metrology,WI-01,C,FAIL,ABNORMAL,ABNORMAL,708.334,0.053,35.3,22.72,73.449,,,,,,,,,,,,,,,,,,,,1,tape_thickness_um=73.449,True,True,True
2026-02-09 18:00:00,UNIT03556,LOT024,WAFER3556,PKG03556,1,Wafer Inspection,ATMP,Wafer Metrology,WI-02,A,FAIL,ABNORMAL,ABNORMAL,782.098,0.847,25.751,-3.627,109.763,,,,,,,,,,,,,,,,,,,,1,warp_um=-3.627,True,True,True
2026-02-09 17:49:00,UNIT03555,LOT024,WAFER3555,PKG03555,6,Wire Bonding,OSAT/ATMP,Assembly,WB-02,B,FAIL,ABNORMAL,ABNORMAL,,,,,,,,,,,63.326,4.093,,,,,,,,,,,,,1,bond_pull_strength_gf=4.093,True,True,True
2026-02-09 17:32:00,UNIT03554,LOT024,WAFER3554,PKG03554,5,Die Attach,OSAT/ATMP,Assembly,DA-01,C,FAIL,ABNORMAL,ABNORMAL,,,,,,,,,7.317,13.885,,,,,,,,,,,,,,,1,attach_force_n=7.317,True,True,True
2026-02-09 17:12:00,UNIT03553,LOT024,WAFER3553,PKG03553,1,Wafer Inspection,ATMP,Wafer Metrology,WI-01,C,FAIL,ABNORMAL,ABNORMAL,794.618,5.724,22.673,18.344,87.621,,,,,,,,,,,,,,,,,,,,1,ttv_um=5.724,True,True,True
2026-02-09 16:58:00,UNIT03552,LOT024,WAFER3552,PKG03552,3,Back Grinding,ATMP,Wafer Processing,BG-01,B,FAIL,ABNORMAL,ABNORMAL,736.52,,,,,,5.605,,,,,,,,,,,,,,,,,,1,thickness_variation_um=5.605,True,True,True
2026-02-09 16:24:00,UNIT03550,LOT024,WAFER3550,PKG03550,1,Wafer Inspection,ATMP,Wafer Metrology,WI-02,C,FAIL,ABNORMAL,ABNORMAL,792.297,2.751,39.98,46.781,124.568,,,,,,,,,,,,,,,,,,,,1,tape_thickness_um=124.568,True,True,True
2026-02-09 16:02:00,UNIT03548,LOT024,WAFER3548,PKG03548,11,Burn-in,OSAT,Testing,BI-01,A,FAIL,ABNORMAL,ABNORMAL,,,,,,,,,,,,,,,,,,,119.931,5.126,,,,,1,burn_in_temperature_c=119.931,True,True,True
2026-02-09 15:36:00,UNIT03547,LOT024,WAFER3547,PKG03547,1,Wafer Inspection,ATMP,Wafer Metrology,WI-01,A,FAIL,ABNORMAL,ABNORMAL,720.012,3.068,52.08,8.344,95.461,,,,,,,,,,,,,,,,,,,,1,bow_um=52.08,True,True,True
2026-02-09 15:32:00,UNIT03546,LOT024,WAFER3546,PKG03546,13,FCT,OSAT,Functional Testing,FCT-01,C,FAIL,ABNORMAL,ABNORMAL,,,,,,,,,,,,,,,,,,,,,,3.546,,,1,fct_voltage_v=3.546,True,True,True
2026-02-09 14:50:00,UNIT03544,LOT024,WAFER3544,PKG03544,3,Back Grinding,ATMP,Wafer Processing,BG-02,A,FAIL,ABNORMAL,ABNORMAL,699.902,,,,,,3.792,,,,,,,,,,,,,,,,,,1,wafer_thickness_um=699.902,True,True,True
2026-02-09 14:16:00,UNIT03542,LOT024,WAFER3542,PKG03542,1,Wafer Inspection,ATMP,Wafer Metrology,WI-02,A,FAIL,ABNORMAL,ABNORMAL,723.529,3.995,46.505,57.925,99.714,,,,,,,,,,,,,,,,,,,,1,warp_um=57.925,True,True,True
2026-02-09 14:00:00,UNIT03541,LOT024,WAFER3541,PKG03541,1,Wafer Inspection,ATMP,Wafer Metrology,WI-02,A,FAIL,ABNORMAL,ABNORMAL,741.632,-0.702,43.774,25.361,103.101,,,,,,,,,,,,,,,,,,,,1,ttv_um=-0.702,True,True,True
2026-02-09 13:44:00,UNIT03540,LOT024,WAFER3540,PKG03540,1,Wafer Inspection,ATMP,Wafer Metrology,WI-01,A,FAIL,ABNORMAL,ABNORMAL,716.306,5.087,41.008,28.666,84.9,,,,,,,,,,,,,,,,,,,,1,ttv_um=5.087,True,True,True
2026-02-09 12:56:00,UNIT03537,LOT024,WAFER3537,PKG03537,1,Wafer Inspection,ATMP,Wafer Metrology,WI-01,C,FAIL,ABNORMAL,ABNORMAL,748.884,0.463,51.407,48.585,109.492,,,,,,,,,,,,,,,,,,,,1,bow_um=51.407,True,True,True
2026-02-09 12:40:00,UNIT03536,LOT024,WAFER3536,PKG03536,1,Wafer Inspection,ATMP,Wafer Metrology,WI-01,B,FAIL,ABNORMAL,ABNORMAL,794.689,4.884,52.172,3.333,93.246,,,,,,,,,,,,,,,,,,,,1,bow_um=52.172,True,True,True
2026-02-09 12:13:00,UNIT03534,LOT024,WAFER3534,PKG03534,6,Wire Bonding,OSAT/ATMP,Assembly,WB-01,B,FAIL,ABNORMAL,ABNORMAL,,,,,,,,,,,71.309,8.011,,,,,,,,,,,,,1,wire_bond_force_n=71.309,True,True,True
2026-02-09 11:52:00,UNIT03533,LOT024,WAFER3533,PKG03533,1,Wafer Inspection,ATMP,Wafer Metrology,WI-02,C,FAIL,ABNORMAL,ABNORMAL,733.271,4.49,7.862,58.354,86.769,,,,,,,,,,,,,,,,,,,,1,warp_um=58.354,True,True,True
2026-02-09 11:38:00,UNIT03532,LOT024,WAFER3532,PKG03532,3,Back Grinding,ATMP,Wafer Processing,BG-02,A,FAIL,ABNORMAL,ABNORMAL,693.931,,,,,,1.146,,,,,,,,,,,,,,,,,,1,wafer_thickness_um=693.931,True,True,True
2026-02-09 11:25:00,UNIT03531,LOT024,WAFER3531,PKG03531,6,Wire Bonding,OSAT/ATMP,Assembly,WB-02,B,FAIL,ABNORMAL,ABNORMAL,,,,,,,,,,,66.911,4.986,,,,,,,,,,,,,1,bond_pull_strength_gf=4.986,True,True,True
2026-02-09 11:07:00,UNIT03530,LOT024,WAFER3530,PKG03530,4,Wafer Dicing,ATMP,Wafer Processing,WD-01,A,FAIL,ABNORMAL,ABNORMAL,,,,,,,,44.42,,,,,,,,,,,,,,,,,1,kerf_width_um=44.42,True,True,True
2026-02-09 10:52:00,UNIT03529,LOT024,WAFER3529,PKG03529,5,Die Attach,OSAT/ATMP,Assembly,DA-01,A,FAIL,ABNORMAL,ABNORMAL,,,,,,,,,8.916,57.384,,,,,,,,,,,,,,,1,attach_offset_um=57.384,True,True,True
2026-02-09 10:35:00,UNIT03528,LOT024,WAFER3528,PKG03528,4,Wafer Dicing,ATMP,Wafer Processing,WD-01,A,FAIL,ABNORMAL,ABNORMAL,,,,,,,,56.483,,,,,,,,,,,,,,,,,1,kerf_width_um=56.483,True,True,True
2026-02-09 10:16:00,UNIT03527,LOT024,WAFER3527,PKG03527,1,Wafer Inspection,ATMP,Wafer Metrology,WI-02,A,FAIL,ABNORMAL,ABNORMAL,774.96,5.254,24.669,2.489,101.267,,,,,,,,,,,,,,,,,,,,1,ttv_um=5.254,True,True,True
2026-02-09 10:08:00,UNIT03526,LOT024,WAFER3526,PKG03526,9,Singulation,ATMP,Package Processing,SG-01,C,FAIL,ABNORMAL,ABNORMAL,,,,,,,,,,,,,,,,,11.97,,,,,,,,1,singulation_damage_score=11.97,True,True,True
2026-02-09 09:28:00,UNIT03524,LOT024,WAFER3524,PKG03524,1,Wafer Inspection,ATMP,Wafer Metrology,WI-01,A,FAIL,ABNORMAL,ABNORMAL,781.158,2.387,58.581,23.421,107.001,,,,,,,,,,,,,,,,,,,,1,bow_um=58.581,True,True,True
2026-02-09 09:22:00,UNIT03523,LOT024,WAFER3523,PKG03523,11,Burn-in,OSAT,Testing,BI-02,C,FAIL,ABNORMAL,ABNORMAL,,,,,,,,,,,,,,,,,,,125.367,3.84,,,,,1,burn_in_hours=3.84,True,True,True
2026-02-09 08:58:00,UNIT03522,LOT024,WAFER3522,PKG03522,3,Back Grinding,ATMP,Wafer Processing,BG-01,A,FAIL,ABNORMAL,ABNORMAL,807.417,,,,,,1.56,,,,,,,,,,,,,,,,,,1,wafer_thickness_um=807.417,True,True,True
2026-02-09 08:36:00,UNIT03520,LOT024,WAFER3520,PKG03520,13,FCT,OSAT,Functional Testing,FCT-01,B,FAIL,ABNORMAL,ABNORMAL,,,,,,,,,,,,,,,,,,,,,,3.564,,,1,fct_voltage_v=3.564,True,True,True
2026-02-09 08:11:00,UNIT03519,LOT024,WAFER3519,PKG03519,4,Wafer Dicing,ATMP,Wafer Processing,WD-01,C,FAIL,ABNORMAL,ABNORMAL,,,,,,,,56.81,,,,,,,,,,,,,,,,,1,kerf_width_um=56.81,True,True,True
2026-02-09 07:22:00,UNIT03516,LOT024,WAFER3516,PKG03516,3,Back Grinding,ATMP,Wafer Processing,BG-02,B,FAIL,ABNORMAL,ABNORMAL,687.686,,,,,,1.95,,,,,,,,,,,,,,,,,,1,wafer_thickness_um=687.686,True,True,True
2026-02-09 07:10:00,UNIT03515,LOT024,WAFER3515,PKG03515,7,Encapsulation / Molding,OSAT/ATMP,Packaging,MO-01,A,FAIL,ABNORMAL,ABNORMAL,,,,,,,,,,,,,187.98,141.383,2.018,,,,,,,,,,1,mold_cure_time_s=141.383,True,True,True
2026-02-09 06:48:00,UNIT03514,LOT024,WAFER3514,PKG03514,1,Wafer Inspection,ATMP,Wafer Metrology,WI-01,B,FAIL,ABNORMAL,ABNORMAL,689.945,0.019,33.331,40.987,103.435,,,,,,,,,,,,,,,,,,,,1,wafer_thickness_um=689.945,True,True,True
2026-02-09 06:36:00,UNIT03513,LOT024,WAFER3513,PKG03513,5,Die Attach,OSAT/ATMP,Assembly,DA-02,C,FAIL,ABNORMAL,ABNORMAL,,,,,,,,,12.529,36.561,,,,,,,,,,,,,,,1,attach_force_n=12.529,True,True,True
2026-02-09 06:10:00,UNIT03511,LOT024,WAFER3511,PKG03511,11,Burn-in,OSAT,Testing,BI-01,A,FAIL,ABNORMAL,ABNORMAL,,,,,,,,,,,,,,,,,,,125.423,8.575,,,,,1,burn_in_hours=8.575,True,True,True
2026-02-09 05:46:00,UNIT03510,LOT024,WAFER3510,PKG03510,3,Back Grinding,ATMP,Wafer Processing,BG-02,C,FAIL,ABNORMAL,ABNORMAL,745.412,,,,,,-0.453,,,,,,,,,,,,,,,,,,1,thickness_variation_um=-0.453,True,True,True
2026-02-09 05:36:00,UNIT03509,LOT024,WAFER3509,PKG03509,9,Singulation,ATMP,Package Processing,SG-02,A,FAIL,ABNORMAL,ABNORMAL,,,,,,,,,,,,,,,,,10.573,,,,,,,,1,singulation_damage_score=10.573,True,True,True
2026-02-09 05:18:00,UNIT03508,LOT024,WAFER3508,PKG03508,7,Encapsulation / Molding,OSAT/ATMP,Packaging,MO-02,C,FAIL,ABNORMAL,ABNORMAL,,,,,,,,,,,,,169.385,139.211,0.759,,,,,,,,,,1,mold_temperature_c=169.385,True,True,True
2026-02-09 05:01:00,UNIT03507,LOT024,WAFER3507,PKG03507,6,Wire Bonding,OSAT/ATMP,Assembly,WB-01,A,FAIL,ABNORMAL,ABNORMAL,,,,,,,,,,,71.71,4.683,,,,,,,,,,,,,2,wire_bond_force_n=71.71; bond_pull_strength_gf=4.683,True,True,True
2026-02-09 04:42:00,UNIT03506,LOT024,WAFER3506,PKG03506,3,Back Grinding,ATMP,Wafer Processing,BG-02,B,FAIL,ABNORMAL,ABNORMAL,800.949,,,,,,0.033,,,,,,,,,,,,,,,,,,1,wafer_thickness_um=800.949,True,True,True
2026-02-09 04:24:00,UNIT03505,LOT024,WAFER3505,PKG03505,1,Wafer Inspection,ATMP,Wafer Metrology,WI-02,A,FAIL,ABNORMAL,ABNORMAL,700.656,4.113,11.737,-2.791,104.075,,,,,,,,,,,,,,,,,,,,1,warp_um=-2.791,True,True,True
2026-02-09 03:52:00,UNIT03503,LOT024,WAFER3503,PKG03503,1,Wafer Inspection,ATMP,Wafer Metrology,WI-02,A,FAIL,ABNORMAL,ABNORMAL,749.243,2.667,13.521,16.135,126.24,,,,,,,,,,,,,,,,,,,,1,tape_thickness_um=126.24,True,True,True
2026-02-09 03:37:00,UNIT03502,LOT024,WAFER3502,PKG03502,2,Wafer Sort,OSAT,Wafer Test,WS-02,C,FAIL,ABNORMAL,ABNORMAL,,,,,,10.572,,,,,,,,,,,,,,,,,,,1,sort_current_a=10.572,True,True,True
2026-02-09 03:33:00,UNIT03501,LOT024,WAFER3501,PKG03501,14,EOL,OSAT,Final Testing,EOL-01,A,FAIL,ABNORMAL,ABNORMAL,,,,,,,,,,,,,,,,,,,,,,,79.057,,1,eol_temperature_c=79.057,True,True,True
2026-02-09 03:06:00,UNIT03500,LOT024,WAFER3500,PKG03500,3,Back Grinding,ATMP,Wafer Processing,BG-01,B,FAIL,ABNORMAL,ABNORMAL,813.347,,,,,,3.183,,,,,,,,,,,,,,,,,,1,wafer_thickness_um=813.347,True,True,True
2026-02-09 02:48:00,UNIT03499,LOT024,WAFER3499,PKG03499,1,Wafer Inspection,ATMP,Wafer Metrology,WI-01,C,FAIL,ABNORMAL,ABNORMAL,789.572,4.477,18.668,54.481,107.117,,,,,,,,,,,,,,,,,,,,1,warp_um=54.481,True,True,True
2026-02-09 02:39:00,UNIT03498,LOT024,WAFER3498,PKG03498,8,Marking,ATMP,Package Marking,MK-01,C,FAIL,ABNORMAL,ABNORMAL,,,,,,,,,,,,,,,,89.167,,,,,,,,,1,marking_quality_score=89.167,True,True,True
2026-02-09 02:16:00,UNIT03497,LOT024,WAFER3497,PKG03497,1,Wafer Inspection,ATMP,Wafer Metrology,WI-02,A,FAIL,ABNORMAL,ABNORMAL,687.719,4.634,51.525,16.832,97.03,,,,,,,,,,,,,,,,,,,,2,wafer_thickness_um=687.719; bow_um=51.525,True,True,True
2026-02-09 02:00:00,UNIT03496,LOT024,WAFER3496,PKG03496,1,Wafer Inspection,ATMP,Wafer Metrology,WI-02,A,FAIL,ABNORMAL,ABNORMAL,691.463,4.445,4.698,19.725,112.422,,,,,,,,,,,,,,,,,,,,1,wafer_thickness_um=691.463,True,True,True
2026-02-09 01:49:00,UNIT03495,LOT024,WAFER3495,PKG03495,6,Wire Bonding,OSAT/ATMP,Assembly,WB-02,A,FAIL,ABNORMAL,ABNORMAL,,,,,,,,,,,68.609,4.743,,,,,,,,,,,,,1,bond_pull_strength_gf=4.743,True,True,True
2026-02-09 01:41:00,UNIT03494,LOT024,WAFER3494,PKG03494,14,EOL,OSAT,Final Testing,EOL-02,A,FAIL,ABNORMAL,ABNORMAL,,,,,,,,,,,,,,,,,,,,,,,78.288,,1,eol_temperature_c=78.288,True,True,True
2026-02-09 00:57:00,UNIT03492,LOT024,WAFER3492,PKG03492,2,Wafer Sort,OSAT,Wafer Test,WS-01,B,FAIL,ABNORMAL,ABNORMAL,,,,,,9.488,,,,,,,,,,,,,,,,,,,1,sort_current_a=9.488,True,True,True
2026-02-09 00:42:00,UNIT03491,LOT024,WAFER3491,PKG03491,3,Back Grinding,ATMP,Wafer Processing,BG-01,A,FAIL,ABNORMAL,ABNORMAL,785.816,,,,,,5.3,,,,,,,,,,,,,,,,,,1,thickness_variation_um=5.3,True,True,True
2026-02-09 00:24:00,UNIT03490,LOT024,WAFER3490,PKG03490,1,Wafer Inspection,ATMP,Wafer Metrology,WI-02,B,FAIL,ABNORMAL,ABNORMAL,743.392,-0.534,4.615,4.668,90.424,,,,,,,,,,,,,,,,,,,,1,ttv_um=-0.534,True,True,True
2026-02-09 00:08:00,UNIT03489,LOT024,WAFER3489,PKG03489,1,Wafer Inspection,ATMP,Wafer Metrology,WI-02,A,FAIL,ABNORMAL,ABNORMAL,730.456,2.413,-8.073,21.457,94.358,,,,,,,,,,,,,,,,,,,,1,bow_um=-8.073,True,True,True
2026-02-08 23:55:00,UNIT03488,LOT024,WAFER3488,PKG03488,4,Wafer Dicing,ATMP,Wafer Processing,WD-02,C,FAIL,ABNORMAL,ABNORMAL,,,,,,,,44.417,,,,,,,,,,,,,,,,,1,kerf_width_um=44.417,True,True,True
2026-02-08 23:36:00,UNIT03487,LOT024,WAFER3487,PKG03487,1,Wafer Inspection,ATMP,Wafer Metrology,WI-02,C,FAIL,ABNORMAL,ABNORMAL,733.789,3.772,-2.905,5.219,119.084,,,,,,,,,,,,,,,,,,,,1,bow_um=-2.905,True,True,True
2026-02-08 23:25:00,UNIT03486,LOT024,WAFER3486,PKG03486,6,Wire Bonding,OSAT/ATMP,Assembly,WB-01,B,FAIL,ABNORMAL,ABNORMAL,,,,,,,,,,,70.272,6.311,,,,,,,,,,,,,1,wire_bond_force_n=70.272,True,True,True
2026-02-08 23:08:00,UNIT03485,LOT024,WAFER3485,PKG03485,5,Die Attach,OSAT/ATMP,Assembly,DA-01,C,FAIL,ABNORMAL,ABNORMAL,,,,,,,,,8.976,55.821,,,,,,,,,,,,,,,1,attach_offset_um=55.821,True,True,True
2026-02-08 22:58:00,UNIT03484,LOT024,WAFER3484,PKG03484,11,Burn-in,OSAT,Testing,BI-01,B,FAIL,ABNORMAL,ABNORMAL,,,,,,,,,,,,,,,,,,,131.67,7.323,,,,,1,burn_in_temperature_c=131.67,True,True,True
2026-02-08 22:16:00,UNIT03482,LOT024,WAFER3482,PKG03482,1,Wafer Inspection,ATMP,Wafer Metrology,WI-01,A,FAIL,ABNORMAL,ABNORMAL,773.285,2.487,31.368,42.166,120.323,,,,,,,,,,,,,,,,,,,,1,tape_thickness_um=120.323,True,True,True
2026-02-08 22:00:00,UNIT03481,LOT024,WAFER3481,PKG03481,1,Wafer Inspection,ATMP,Wafer Metrology,WI-01,B,FAIL,ABNORMAL,ABNORMAL,791.447,5.552,3.951,3.664,96.11,,,,,,,,,,,,,,,,,,,,1,ttv_um=5.552,True,True,True
2026-02-08 21:48:00,UNIT03480,LOT024,WAFER3480,PKG03480,5,Die Attach,OSAT/ATMP,Assembly,DA-01,B,FAIL,ABNORMAL,ABNORMAL,,,,,,,,,12.615,46.271,,,,,,,,,,,,,,,1,attach_force_n=12.615,True,True,True
2026-02-08 21:14:00,UNIT03478,LOT024,WAFER3478,PKG03478,3,Back Grinding,ATMP,Wafer Processing,BG-01,C,FAIL,ABNORMAL,ABNORMAL,709.826,,,,,,-0.988,,,,,,,,,,,,,,,,,,1,thickness_variation_um=-0.988,True,True,True
2026-02-08 20:56:00,UNIT03477,LOT024,WAFER3477,PKG03477,1,Wafer Inspection,ATMP,Wafer Metrology,WI-01,A,FAIL,ABNORMAL,ABNORMAL,804.946,0.972,18.706,18.564,84.674,,,,,,,,,,,,,,,,,,,,1,wafer_thickness_um=804.946,True,True,True
2026-02-08 20:41:00,UNIT03476,LOT024,WAFER3476,PKG03476,2,Wafer Sort,OSAT,Wafer Test,WS-01,B,FAIL,ABNORMAL,ABNORMAL,,,,,,9.313,,,,,,,,,,,,,,,,,,,1,sort_current_a=9.313,True,True,True
2026-02-08 20:08:00,UNIT03474,LOT024,WAFER3474,PKG03474,1,Wafer Inspection,ATMP,Wafer Metrology,WI-02,B,FAIL,ABNORMAL,ABNORMAL,768.921,0.37,-2.093,35.904,88.558,,,,,,,,,,,,,,,,,,,,1,bow_um=-2.093,True,True,True
2026-02-08 19:52:00,UNIT03473,LOT024,WAFER3473,PKG03473,1,Wafer Inspection,ATMP,Wafer Metrology,WI-02,B,FAIL,ABNORMAL,ABNORMAL,718.387,0.296,19.335,-4.351,91.428,,,,,,,,,,,,,,,,,,,,1,warp_um=-4.351,True,True,True
2026-02-08 19:36:00,UNIT03472,LOT024,WAFER3472,PKG03472,1,Wafer Inspection,ATMP,Wafer Metrology,WI-02,C,FAIL,ABNORMAL,ABNORMAL,819.911,5.62,32.257,32.329,115.334,,,,,,,,,,,,,,,,,,,,2,wafer_thickness_um=819.911; ttv_um=5.62,True,True,True
2026-02-08 19:34:00,UNIT03471,LOT024,WAFER3471,PKG03471,15,Final Inspection,ATMP,Final Inspection,FI-01,B,FAIL,ABNORMAL,ABNORMAL,,,,,,,,,,,,,,,,100.992,,9.907,,,,,,,1,marking_quality_score=100.992,True,True,True
2026-02-08 19:04:00,UNIT03470,LOT024,WAFER3470,PKG03470,1,Wafer Inspection,ATMP,Wafer Metrology,WI-01,C,FAIL,ABNORMAL,ABNORMAL,814.917,4.582,48.156,39.301,113.963,,,,,,,,,,,,,,,,,,,,1,wafer_thickness_um=814.917,True,True,True
2026-02-08 18:50:00,UNIT03469,LOT024,WAFER3469,PKG03469,3,Back Grinding,ATMP,Wafer Processing,BG-02,A,FAIL,ABNORMAL,ABNORMAL,815.39,,,,,,2.838,,,,,,,,,,,,,,,,,,1,wafer_thickness_um=815.39,True,True,True
2026-02-08 18:38:00,UNIT03468,LOT024,WAFER3468,PKG03468,7,Encapsulation / Molding,OSAT/ATMP,Packaging,MO-01,B,FAIL,ABNORMAL,ABNORMAL,,,,,,,,,,,,,189.251,97.834,1.712,,,,,,,,,,1,mold_cure_time_s=97.834,True,True,True
2026-02-08 18:19:00,UNIT03467,LOT024,WAFER3467,PKG03467,4,Wafer Dicing,ATMP,Wafer Processing,WD-02,B,FAIL,ABNORMAL,ABNORMAL,,,,,,,,56.257,,,,,,,,,,,,,,,,,1,kerf_width_um=56.257,True,True,True
2026-02-08 18:00:00,UNIT03466,LOT024,WAFER3466,PKG03466,1,Wafer Inspection,ATMP,Wafer Metrology,WI-02,C,FAIL,ABNORMAL,ABNORMAL,797.315,2.733,45.725,33.194,77.195,,,,,,,,,,,,,,,,,,,,1,tape_thickness_um=77.195,True,True,True
2026-02-08 17:46:00,UNIT03465,LOT024,WAFER3465,PKG03465,3,Back Grinding,ATMP,Wafer Processing,BG-02,A,FAIL,ABNORMAL,ABNORMAL,780.407,,,,,,-0.803,,,,,,,,,,,,,,,,,,1,thickness_variation_um=-0.803,True,True,True
2026-02-08 17:28:00,UNIT03464,LOT024,WAFER3464,PKG03464,1,Wafer Inspection,ATMP,Wafer Metrology,WI-01,B,FAIL,ABNORMAL,ABNORMAL,810.908,4.886,11.778,45.984,89.906,,,,,,,,,,,,,,,,,,,,1,wafer_thickness_um=810.908,True,True,True
2026-02-08 16:58:00,UNIT03462,LOT024,WAFER3462,PKG03462,3,Back Grinding,ATMP,Wafer Processing,BG-02,C,FAIL,ABNORMAL,ABNORMAL,758.312,,,,,,5.01,,,,,,,,,,,,,,,,,,1,thickness_variation_um=5.01,True,True,True
2026-02-08 16:55:00,UNIT03461,LOT024,WAFER3461,PKG03461,16,Packing / Dispatch,ATMP,Packaging,PK-02,C,FAIL,ABNORMAL,ABNORMAL,,,,,,,,,,,,,,,,,,,,,,,,-0.748,1,packaging_damage_score=-0.748,True,True,True
2026-02-08 16:08:00,UNIT03459,LOT024,WAFER3459,PKG03459,1,Wafer Inspection,ATMP,Wafer Metrology,WI-01,A,FAIL,ABNORMAL,ABNORMAL,684.758,2.545,22.601,36.343,109.305,,,,,,,,,,,,,,,,,,,,1,wafer_thickness_um=684.758,True,True,True
2026-02-08 15:58:00,UNIT03458,LOT024,WAFER3458,PKG03458,7,Encapsulation / Molding,OSAT/ATMP,Packaging,MO-01,B,FAIL,ABNORMAL,ABNORMAL,,,,,,,,,,,,,169.787,140.719,1.211,,,,,,,,,,2,mold_temperature_c=169.787; mold_cure_time_s=140.719,True,True,True
2026-02-08 15:22:00,UNIT03456,LOT024,WAFER3456,PKG03456,3,Back Grinding,ATMP,Wafer Processing,BG-01,B,FAIL,ABNORMAL,ABNORMAL,817.109,,,,,,0.805,,,,,,,,,,,,,,,,,,1,wafer_thickness_um=817.109,True,True,True
2026-02-08 15:07:00,UNIT03455,LOT024,WAFER3455,PKG03455,4,Wafer Dicing,ATMP,Wafer Processing,WD-02,C,FAIL,ABNORMAL,ABNORMAL,,,,,,,,43.591,,,,,,,,,,,,,,,,,1,kerf_width_um=43.591,True,True,True
2026-02-08 14:58:00,UNIT03454,LOT024,WAFER3454,PKG03454,11,Burn-in,OSAT,Testing,BI-02,C,FAIL,ABNORMAL,ABNORMAL,,,,,,,,,,,,,,,,,,,119.667,6.484,,,,,1,burn_in_temperature_c=119.667,True,True,True
2026-02-08 14:36:00,UNIT03453,LOT024,WAFER3453,PKG03453,5,Die Attach,OSAT/ATMP,Assembly,DA-01,A,FAIL,ABNORMAL,ABNORMAL,,,,,,,,,10.783,-5.337,,,,,,,,,,,,,,,1,attach_offset_um=-5.337,True,True,True
2026-02-08 14:26:00,UNIT03452,LOT024,WAFER3452,PKG03452,11,Burn-in,OSAT,Testing,BI-02,A,FAIL,ABNORMAL,ABNORMAL,,,,,,,,,,,,,,,,,,,119.021,6.442,,,,,1,burn_in_temperature_c=119.021,True,True,True
2026-02-08 14:06:00,UNIT03451,LOT024,WAFER3451,PKG03451,7,Encapsulation / Molding,OSAT/ATMP,Packaging,MO-02,B,FAIL,ABNORMAL,ABNORMAL,,,,,,,,,,,,,177.476,100.998,5.563,,,,,,,,,,1,void_percentage=5.563,True,True,True
2026-02-08 13:13:00,UNIT03448,LOT023,WAFER3448,PKG03448,2,Wafer Sort,OSAT,Wafer Test,WS-02,B,FAIL,ABNORMAL,ABNORMAL,,,,,,9.483,,,,,,,,,,,,,,,,,,,1,sort_current_a=9.483,True,True,True
2026-02-08 12:40:00,UNIT03446,LOT023,WAFER3446,PKG03446,1,Wafer Inspection,ATMP,Wafer Metrology,WI-02,A,FAIL,ABNORMAL,ABNORMAL,803.958,1.416,24.381,33.892,90.878,,,,,,,,,,,,,,,,,,,,1,wafer_thickness_um=803.958,True,True,True
2026-02-08 12:24:00,UNIT03445,LOT023,WAFER3445,PKG03445,1,Wafer Inspection,ATMP,Wafer Metrology,WI-02,A,FAIL,ABNORMAL,ABNORMAL,780.643,2.735,28.316,26.867,76.283,,,,,,,,,,,,,,,,,,,,1,tape_thickness_um=76.283,True,True,True
2026-02-08 11:24:00,UNIT03441,LOT023,WAFER3441,PKG03441,5,Die Attach,OSAT/ATMP,Assembly,DA-02,B,FAIL,ABNORMAL,ABNORMAL,,,,,,,,,7.845,21.829,,,,,,,,,,,,,,,1,attach_force_n=7.845,True,True,True
2026-02-08 11:14:00,UNIT03440,LOT023,WAFER3440,PKG03440,11,Burn-in,OSAT,Testing,BI-01,C,FAIL,ABNORMAL,ABNORMAL,,,,,,,,,,,,,,,,,,,120.155,8.577,,,,,1,burn_in_hours=8.577,True,True,True
2026-02-08 10:16:00,UNIT03437,LOT023,WAFER3437,PKG03437,1,Wafer Inspection,ATMP,Wafer Metrology,WI-01,B,FAIL,ABNORMAL,ABNORMAL,740.16,0.264,4.168,50.56,118.438,,,,,,,,,,,,,,,,,,,,1,warp_um=50.56,True,True,True
2026-02-08 10:04:00,UNIT03436,LOT023,WAFER3436,PKG03436,5,Die Attach,OSAT/ATMP,Assembly,DA-02,A,FAIL,ABNORMAL,ABNORMAL,,,,,,,,,12.467,1.168,,,,,,,,,,,,,,,1,attach_force_n=12.467,True,True,True
2026-02-08 09:52:00,UNIT03435,LOT023,WAFER3435,PKG03435,9,Singulation,ATMP,Package Processing,SG-01,B,FAIL,ABNORMAL,ABNORMAL,,,,,,,,,,,,,,,,,-1.607,,,,,,,,1,singulation_damage_score=-1.607,True,True,True
2026-02-08 09:29:00,UNIT03434,LOT023,WAFER3434,PKG03434,2,Wafer Sort,OSAT,Wafer Test,WS-02,B,FAIL,ABNORMAL,ABNORMAL,,,,,,10.508,,,,,,,,,,,,,,,,,,,1,sort_current_a=10.508,True,True,True
2026-02-08 09:26:00,UNIT03433,LOT023,WAFER3433,PKG03433,15,Final Inspection,ATMP,Final Inspection,FI-01,B,FAIL,ABNORMAL,ABNORMAL,,,,,,,,,,,,,,,,89.729,,10.044,,,,,,,1,marking_quality_score=89.729,True,True,True
2026-02-08 08:56:00,UNIT03432,LOT023,WAFER3432,PKG03432,1,Wafer Inspection,ATMP,Wafer Metrology,WI-02,C,FAIL,ABNORMAL,ABNORMAL,741.009,0.757,57.263,9.722,115.386,,,,,,,,,,,,,,,,,,,,1,bow_um=57.263,True,True,True
2026-02-08 08:40:00,UNIT03431,LOT023,WAFER3431,PKG03431,1,Wafer Inspection,ATMP,Wafer Metrology,WI-01,B,FAIL,ABNORMAL,ABNORMAL,755.844,-0.592,17.78,49.266,81.626,,,,,,,,,,,,,,,,,,,,1,ttv_um=-0.592,True,True,True
2026-02-08 08:23:00,UNIT03429,LOT023,WAFER3429,PKG03429,16,Packing / Dispatch,ATMP,Packaging,PK-02,A,FAIL,ABNORMAL,ABNORMAL,,,,,,,,,,,,,,,,,,,,,,,,-0.027,1,packaging_damage_score=-0.027,True,True,True
2026-02-08 07:57:00,UNIT03428,LOT023,WAFER3428,PKG03428,6,Wire Bonding,OSAT/ATMP,Assembly,WB-01,C,FAIL,ABNORMAL,ABNORMAL,,,,,,,,,,,71.616,7.619,,,,,,,,,,,,,1,wire_bond_force_n=71.616,True,True,True
2026-02-08 07:09:00,UNIT03425,LOT023,WAFER3425,PKG03425,6,Wire Bonding,OSAT/ATMP,Assembly,WB-02,C,FAIL,ABNORMAL,ABNORMAL,,,,,,,,,,,70.045,6.284,,,,,,,,,,,,,1,wire_bond_force_n=70.045,True,True,True
2026-02-08 06:06:00,UNIT03421,LOT023,WAFER3421,PKG03421,7,Encapsulation / Molding,OSAT/ATMP,Packaging,MO-01,C,FAIL,ABNORMAL,ABNORMAL,,,,,,,,,,,,,189.888,93.479,1.893,,,,,,,,,,1,mold_cure_time_s=93.479,True,True,True
2026-02-08 05:06:00,UNIT03417,LOT023,WAFER3417,PKG03417,11,Burn-in,OSAT,Testing,BI-02,C,FAIL,ABNORMAL,ABNORMAL,,,,,,,,,,,,,,,,,,,131.006,6.41,,,,,1,burn_in_temperature_c=131.006,True,True,True
2026-02-08 04:24:00,UNIT03415,LOT023,WAFER3415,PKG03415,1,Wafer Inspection,ATMP,Wafer Metrology,WI-02,B,FAIL,ABNORMAL,ABNORMAL,686.813,2.666,12.382,25.832,116.65,,,,,,,,,,,,,,,,,,,,1,wafer_thickness_um=686.813,True,True,True
2026-02-08 04:08:00,UNIT03414,LOT023,WAFER3414,PKG03414,1,Wafer Inspection,ATMP,Wafer Metrology,WI-01,A,FAIL,ABNORMAL,ABNORMAL,765.767,2.391,13.821,15.669,122.884,,,,,,,,,,,,,,,,,,,,1,tape_thickness_um=122.884,True,True,True
2026-02-08 03:57:00,UNIT03413,LOT023,WAFER3413,PKG03413,6,Wire Bonding,OSAT/ATMP,Assembly,WB-02,C,FAIL,ABNORMAL,ABNORMAL,,,,,,,,,,,68.237,10.532,,,,,,,,,,,,,1,bond_pull_strength_gf=10.532,True,True,True
2026-02-08 03:36:00,UNIT03412,LOT023,WAFER3412,PKG03412,1,Wafer Inspection,ATMP,Wafer Metrology,WI-01,C,FAIL,ABNORMAL,ABNORMAL,752.882,5.173,21.985,8.827,122.458,,,,,,,,,,,,,,,,,,,,2,ttv_um=5.173; tape_thickness_um=122.458,True,True,True
2026-02-08 03:24:00,UNIT03411,LOT023,WAFER3411,PKG03411,5,Die Attach,OSAT/ATMP,Assembly,DA-01,B,FAIL,ABNORMAL,ABNORMAL,,,,,,,,,11.957,-7.182,,,,,,,,,,,,,,,1,attach_offset_um=-7.182,True,True,True
2026-02-08 03:10:00,UNIT03410,LOT023,WAFER3410,PKG03410,7,Encapsulation / Molding,OSAT/ATMP,Packaging,MO-02,C,FAIL,ABNORMAL,ABNORMAL,,,,,,,,,,,,,187.37,93.714,0.948,,,,,,,,,,1,mold_cure_time_s=93.714,True,True,True
2026-02-08 02:48:00,UNIT03409,LOT023,WAFER3409,PKG03409,1,Wafer Inspection,ATMP,Wafer Metrology,WI-01,A,FAIL,ABNORMAL,ABNORMAL,785.28,5.086,46.281,46.387,80.317,,,,,,,,,,,,,,,,,,,,1,ttv_um=5.086,True,True,True
2026-02-08 02:32:00,UNIT03408,LOT023,WAFER3408,PKG03408,1,Wafer Inspection,ATMP,Wafer Metrology,WI-02,A,FAIL,ABNORMAL,ABNORMAL,692.925,0.976,12.65,24.335,109.144,,,,,,,,,,,,,,,,,,,,1,wafer_thickness_um=692.925,True,True,True
2026-02-08 02:00:00,UNIT03406,LOT023,WAFER3406,PKG03406,1,Wafer Inspection,ATMP,Wafer Metrology,WI-01,B,FAIL,ABNORMAL,ABNORMAL,809.275,2.517,46.412,25.082,100.079,,,,,,,,,,,,,,,,,,,,1,wafer_thickness_um=809.275,True,True,True
2026-02-08 01:44:00,UNIT03405,LOT023,WAFER3405,PKG03405,1,Wafer Inspection,ATMP,Wafer Metrology,WI-02,C,FAIL,ABNORMAL,ABNORMAL,709.183,0.543,55.992,19.842,116.098,,,,,,,,,,,,,,,,,,,,1,bow_um=55.992,True,True,True
2026-02-08 01:12:00,UNIT03403,LOT023,WAFER3403,PKG03403,1,Wafer Inspection,ATMP,Wafer Metrology,WI-02,A,FAIL,ABNORMAL,ABNORMAL,801.491,0.727,31.299,0.667,102.942,,,,,,,,,,,,,,,,,,,,1,wafer_thickness_um=801.491,True,True,True
2026-02-08 00:56:00,UNIT03402,LOT023,WAFER3402,PKG03402,1,Wafer Inspection,ATMP,Wafer Metrology,WI-02,C,FAIL,ABNORMAL,ABNORMAL,748.64,1.406,54.447,50.093,103.918,,,,,,,,,,,,,,,,,,,,2,bow_um=54.447; warp_um=50.093,True,True,True
2026-02-08 00:40:00,UNIT03401,LOT023,WAFER3401,PKG03401,1,Wafer Inspection,ATMP,Wafer Metrology,WI-02,C,FAIL,ABNORMAL,ABNORMAL,716.66,2.493,37.28,-1.911,125.832,,,,,,,,,,,,,,,,,,,,2,warp_um=-1.911; tape_thickness_um=125.832,True,True,True
2026-02-08 00:24:00,UNIT03400,LOT023,WAFER3400,PKG03400,1,Wafer Inspection,ATMP,Wafer Metrology,WI-01,C,FAIL,ABNORMAL,ABNORMAL,766.82,5.714,25.288,28.743,80.336,,,,,,,,,,,,,,,,,,,,1,ttv_um=5.714,True,True,True
2026-02-07 23:36:00,UNIT03397,LOT023,WAFER3397,PKG03397,1,Wafer Inspection,ATMP,Wafer Metrology,WI-02,A,FAIL,ABNORMAL,ABNORMAL,755.119,0.117,54.097,37.609,118.184,,,,,,,,,,,,,,,,,,,,1,bow_um=54.097,True,True,True
2026-02-07 22:50:00,UNIT03394,LOT023,WAFER3394,PKG03394,3,Back Grinding,ATMP,Wafer Processing,BG-02,C,FAIL,ABNORMAL,ABNORMAL,772.785,,,,,,-0.429,,,,,,,,,,,,,,,,,,1,thickness_variation_um=-0.429,True,True,True
2026-02-07 22:27:00,UNIT03392,LOT023,WAFER3392,PKG03392,12,ICT,OSAT,Electrical Testing,ICT-01,C,FAIL,ABNORMAL,ABNORMAL,,,,,,,,,,,,,,,,,,,,,9.43,,,,1,ict_current_a=9.43,True,True,True
2026-02-07 22:00:00,UNIT03391,LOT023,WAFER3391,PKG03391,1,Wafer Inspection,ATMP,Wafer Metrology,WI-01,A,FAIL,ABNORMAL,ABNORMAL,793.237,3.978,11.808,35.915,77.348,,,,,,,,,,,,,,,,,,,,1,tape_thickness_um=77.348,True,True,True
2026-02-07 21:37:00,UNIT03389,LOT023,WAFER3389,PKG03389,10,Package Inspection,OSAT/ATMP,Package Inspection,PI-02,C,FAIL,ABNORMAL,ABNORMAL,,,,,,,,,,,,,,,,,,9.776,,,,,,,1,package_dimension_mm=9.776,True,True,True
2026-02-07 21:12:00,UNIT03388,LOT023,WAFER3388,PKG03388,1,Wafer Inspection,ATMP,Wafer Metrology,WI-01,C,FAIL,ABNORMAL,ABNORMAL,767.556,-0.905,39.13,30.502,108.595,,,,,,,,,,,,,,,,,,,,1,ttv_um=-0.905,True,True,True
2026-02-07 20:46:00,UNIT03386,LOT023,WAFER3386,PKG03386,7,Encapsulation / Molding,OSAT/ATMP,Packaging,MO-01,C,FAIL,ABNORMAL,ABNORMAL,,,,,,,,,,,,,167.799,113.923,3.19,,,,,,,,,,1,mold_temperature_c=167.799,True,True,True
2026-02-07 20:24:00,UNIT03385,LOT023,WAFER3385,PKG03385,1,Wafer Inspection,ATMP,Wafer Metrology,WI-01,A,FAIL,ABNORMAL,ABNORMAL,732.544,4.364,20.14,-6.253,105.655,,,,,,,,,,,,,,,,,,,,1,warp_um=-6.253,True,True,True
2026-02-07 19:56:00,UNIT03383,LOT023,WAFER3383,PKG03383,5,Die Attach,OSAT/ATMP,Assembly,DA-02,A,FAIL,ABNORMAL,ABNORMAL,,,,,,,,,9.126,58.184,,,,,,,,,,,,,,,1,attach_offset_um=58.184,True,True,True
2026-02-07 19:28:00,UNIT03381,LOT023,WAFER3381,PKG03381,9,Singulation,ATMP,Package Processing,SG-01,A,FAIL,ABNORMAL,ABNORMAL,,,,,,,,,,,,,,,,,11.17,,,,,,,,1,singulation_damage_score=11.17,True,True,True
2026-02-07 19:07:00,UNIT03380,LOT023,WAFER3380,PKG03380,4,Wafer Dicing,ATMP,Wafer Processing,WD-02,B,FAIL,ABNORMAL,ABNORMAL,,,,,,,,55.266,,,,,,,,,,,,,,,,,1,kerf_width_um=55.266,True,True,True
2026-02-07 18:43:00,UNIT03378,LOT023,WAFER3378,PKG03378,12,ICT,OSAT,Electrical Testing,ICT-01,A,FAIL,ABNORMAL,ABNORMAL,,,,,,,,,,,,,,,,,,,,,9.408,,,,1,ict_current_a=9.408,True,True,True
2026-02-07 18:19:00,UNIT03377,LOT023,WAFER3377,PKG03377,4,Wafer Dicing,ATMP,Wafer Processing,WD-02,A,FAIL,ABNORMAL,ABNORMAL,,,,,,,,55.355,,,,,,,,,,,,,,,,,1,kerf_width_um=55.355,True,True,True
2026-02-07 18:04:00,UNIT03376,LOT023,WAFER3376,PKG03376,5,Die Attach,OSAT/ATMP,Assembly,DA-01,C,FAIL,ABNORMAL,ABNORMAL,,,,,,,,,12.509,5.73,,,,,,,,,,,,,,,1,attach_force_n=12.509,True,True,True
2026-02-07 17:48:00,UNIT03375,LOT023,WAFER3375,PKG03375,5,Die Attach,OSAT/ATMP,Assembly,DA-02,C,FAIL,ABNORMAL,ABNORMAL,,,,,,,,,8.504,59.599,,,,,,,,,,,,,,,1,attach_offset_um=59.599,True,True,True
2026-02-07 17:32:00,UNIT03374,LOT023,WAFER3374,PKG03374,5,Die Attach,OSAT/ATMP,Assembly,DA-01,A,FAIL,ABNORMAL,ABNORMAL,,,,,,,,,7.516,30.942,,,,,,,,,,,,,,,1,attach_force_n=7.516,True,True,True
2026-02-07 17:13:00,UNIT03373,LOT023,WAFER3373,PKG03373,2,Wafer Sort,OSAT,Wafer Test,WS-02,B,FAIL,ABNORMAL,ABNORMAL,,,,,,9.428,,,,,,,,,,,,,,,,,,,1,sort_current_a=9.428,True,True,True
2026-02-07 16:42:00,UNIT03371,LOT023,WAFER3371,PKG03371,3,Back Grinding,ATMP,Wafer Processing,BG-02,B,FAIL,ABNORMAL,ABNORMAL,696.435,,,,,,3.586,,,,,,,,,,,,,,,,,,1,wafer_thickness_um=696.435,True,True,True
2026-02-07 16:08:00,UNIT03369,LOT023,WAFER3369,PKG03369,1,Wafer Inspection,ATMP,Wafer Metrology,WI-01,C,FAIL,ABNORMAL,ABNORMAL,787.002,0.532,11.672,-3.878,118.815,,,,,,,,,,,,,,,,,,,,1,warp_um=-3.878,True,True,True
2026-02-07 15:43:00,UNIT03367,LOT023,WAFER3367,PKG03367,8,Marking,ATMP,Package Marking,MK-01,A,FAIL,ABNORMAL,ABNORMAL,,,,,,,,,,,,,,,,101.624,,,,,,,,,1,marking_quality_score=101.624,True,True,True
2026-02-07 15:22:00,UNIT03366,LOT023,WAFER3366,PKG03366,3,Back Grinding,ATMP,Wafer Processing,BG-02,B,FAIL,ABNORMAL,ABNORMAL,735.666,,,,,,5.346,,,,,,,,,,,,,,,,,,1,thickness_variation_um=5.346,True,True,True
2026-02-07 15:04:00,UNIT03365,LOT023,WAFER3365,PKG03365,1,Wafer Inspection,ATMP,Wafer Metrology,WI-02,B,FAIL,ABNORMAL,ABNORMAL,715.843,1.909,27.886,-1.185,118.549,,,,,,,,,,,,,,,,,,,,1,warp_um=-1.185,True,True,True
2026-02-07 14:53:00,UNIT03364,LOT023,WAFER3364,PKG03364,6,Wire Bonding,OSAT/ATMP,Assembly,WB-02,A,FAIL,ABNORMAL,ABNORMAL,,,,,,,,,,,67.867,4.064,,,,,,,,,,,,,1,bond_pull_strength_gf=4.064,True,True,True
2026-02-07 14:19:00,UNIT03362,LOT023,WAFER3362,PKG03362,4,Wafer Dicing,ATMP,Wafer Processing,WD-02,C,FAIL,ABNORMAL,ABNORMAL,,,,,,,,43.964,,,,,,,,,,,,,,,,,1,kerf_width_um=43.964,True,True,True
2026-02-07 13:42:00,UNIT03359,LOT023,WAFER3359,PKG03359,15,Final Inspection,ATMP,Final Inspection,FI-01,A,FAIL,ABNORMAL,ABNORMAL,,,,,,,,,,,,,,,,99.91,,10.264,,,,,,,1,package_dimension_mm=10.264,True,True,True
2026-02-07 13:22:00,UNIT03358,LOT023,WAFER3358,PKG03358,11,Burn-in,OSAT,Testing,BI-01,C,FAIL,ABNORMAL,ABNORMAL,,,,,,,,,,,,,,,,,,,130.303,4.17,,,,,1,burn_in_temperature_c=130.303,True,True,True
2026-02-07 12:41:00,UNIT03356,LOT023,WAFER3356,PKG03356,2,Wafer Sort,OSAT,Wafer Test,WS-02,B,FAIL,ABNORMAL,ABNORMAL,,,,,,9.419,,,,,,,,,,,,,,,,,,,1,sort_current_a=9.419,True,True,True
2026-02-07 12:29:00,UNIT03355,LOT023,WAFER3355,PKG03355,6,Wire Bonding,OSAT/ATMP,Assembly,WB-02,A,FAIL,ABNORMAL,ABNORMAL,,,,,,,,,,,70.864,10.704,,,,,,,,,,,,,2,wire_bond_force_n=70.864; bond_pull_strength_gf=10.704,True,True,True
2026-02-07 12:13:00,UNIT03354,LOT023,WAFER3354,PKG03354,6,Wire Bonding,OSAT/ATMP,Assembly,WB-01,B,FAIL,ABNORMAL,ABNORMAL,,,,,,,,,,,58.367,5.612,,,,,,,,,,,,,1,wire_bond_force_n=58.367,True,True,True
2026-02-07 11:52:00,UNIT03353,LOT023,WAFER3353,PKG03353,1,Wafer Inspection,ATMP,Wafer Metrology,WI-02,B,FAIL,ABNORMAL,ABNORMAL,803.296,2.367,20.67,2.068,113.035,,,,,,,,,,,,,,,,,,,,1,wafer_thickness_um=803.296,True,True,True
2026-02-07 11:42:00,UNIT03352,LOT023,WAFER3352,PKG03352,7,Encapsulation / Molding,OSAT/ATMP,Packaging,MO-01,C,FAIL,ABNORMAL,ABNORMAL,,,,,,,,,,,,,188.312,107.12,-0.421,,,,,,,,,,1,void_percentage=-0.421,True,True,True
2026-02-07 11:24:00,UNIT03351,LOT023,WAFER3351,PKG03351,5,Die Attach,OSAT/ATMP,Assembly,DA-01,B,FAIL,ABNORMAL,ABNORMAL,,,,,,,,,8.999,-1.724,,,,,,,,,,,,,,,1,attach_offset_um=-1.724,True,True,True
2026-02-07 11:11:00,UNIT03350,LOT023,WAFER3350,PKG03350,8,Marking,ATMP,Package Marking,MK-02,A,FAIL,ABNORMAL,ABNORMAL,,,,,,,,,,,,,,,,100.738,,,,,,,,,1,marking_quality_score=100.738,True,True,True
2026-02-07 10:54:00,UNIT03349,LOT023,WAFER3349,PKG03349,7,Encapsulation / Molding,OSAT/ATMP,Packaging,MO-01,B,FAIL,ABNORMAL,ABNORMAL,,,,,,,,,,,,,182.209,139.312,5.85,,,,,,,,,,1,void_percentage=5.85,True,True,True
2026-02-07 10:32:00,UNIT03348,LOT023,WAFER3348,PKG03348,1,Wafer Inspection,ATMP,Wafer Metrology,WI-01,A,FAIL,ABNORMAL,ABNORMAL,752.728,-0.954,25.005,19.013,107.443,,,,,,,,,,,,,,,,,,,,1,ttv_um=-0.954,True,True,True
2026-02-07 10:21:00,UNIT03347,LOT023,WAFER3347,PKG03347,6,Wire Bonding,OSAT/ATMP,Assembly,WB-02,A,FAIL,ABNORMAL,ABNORMAL,,,,,,,,,,,67.703,10.319,,,,,,,,,,,,,1,bond_pull_strength_gf=10.319,True,True,True
2026-02-07 09:46:00,UNIT03345,LOT023,WAFER3345,PKG03345,3,Back Grinding,ATMP,Wafer Processing,BG-01,C,FAIL,ABNORMAL,ABNORMAL,697.376,,,,,,1.557,,,,,,,,,,,,,,,,,,1,wafer_thickness_um=697.376,True,True,True
2026-02-07 09:40:00,UNIT03344,LOT023,WAFER3344,PKG03344,13,FCT,OSAT,Functional Testing,FCT-01,C,FAIL,ABNORMAL,ABNORMAL,,,,,,,,,,,,,,,,,,,,,,3.095,,,1,fct_voltage_v=3.095,True,True,True
2026-02-07 09:12:00,UNIT03343,LOT023,WAFER3343,PKG03343,1,Wafer Inspection,ATMP,Wafer Metrology,WI-02,B,FAIL,ABNORMAL,ABNORMAL,795.453,-0.904,47.764,27.144,106.889,,,,,,,,,,,,,,,,,,,,1,ttv_um=-0.904,True,True,True
2026-02-07 07:52:00,UNIT03338,LOT023,WAFER3338,PKG03338,1,Wafer Inspection,ATMP,Wafer Metrology,WI-02,B,FAIL,ABNORMAL,ABNORMAL,713.643,4.097,54.608,30.23,115.744,,,,,,,,,,,,,,,,,,,,1,bow_um=54.608,True,True,True
2026-02-07 07:42:00,UNIT03337,LOT023,WAFER3337,PKG03337,7,Encapsulation / Molding,OSAT/ATMP,Packaging,MO-01,B,FAIL,ABNORMAL,ABNORMAL,,,,,,,,,,,,,190.521,134.281,2.417,,,,,,,,,,1,mold_temperature_c=190.521,True,True,True
2026-02-07 07:26:00,UNIT03336,LOT023,WAFER3336,PKG03336,7,Encapsulation / Molding,OSAT/ATMP,Packaging,MO-01,C,FAIL,ABNORMAL,ABNORMAL,,,,,,,,,,,,,177.487,121.501,5.384,,,,,,,,,,1,void_percentage=5.384,True,True,True
2026-02-07 07:10:00,UNIT03335,LOT023,WAFER3335,PKG03335,7,Encapsulation / Molding,OSAT/ATMP,Packaging,MO-02,C,FAIL,ABNORMAL,ABNORMAL,,,,,,,,,,,,,172.998,98.713,0.667,,,,,,,,,,1,mold_cure_time_s=98.713,True,True,True
2026-02-07 06:53:00,UNIT03334,LOT023,WAFER3334,PKG03334,6,Wire Bonding,OSAT/ATMP,Assembly,WB-01,A,FAIL,ABNORMAL,ABNORMAL,,,,,,,,,,,58.105,9.461,,,,,,,,,,,,,1,wire_bond_force_n=58.105,True,True,True
2026-02-07 06:45:00,UNIT03333,LOT023,WAFER3333,PKG03333,14,EOL,OSAT,Final Testing,EOL-02,B,FAIL,ABNORMAL,ABNORMAL,,,,,,,,,,,,,,,,,,,,,,,78.899,,1,eol_temperature_c=78.899,True,True,True
2026-02-07 06:18:00,UNIT03332,LOT023,WAFER3332,PKG03332,3,Back Grinding,ATMP,Wafer Processing,BG-02,B,FAIL,ABNORMAL,ABNORMAL,813.383,,,,,,3.631,,,,,,,,,,,,,,,,,,1,wafer_thickness_um=813.383,True,True,True
2026-02-07 06:06:00,UNIT03331,LOT023,WAFER3331,PKG03331,7,Encapsulation / Molding,OSAT/ATMP,Packaging,MO-01,A,FAIL,ABNORMAL,ABNORMAL,,,,,,,,,,,,,172.079,116.004,-0.571,,,,,,,,,,1,void_percentage=-0.571,True,True,True
2026-02-07 05:28:00,UNIT03329,LOT023,WAFER3329,PKG03329,1,Wafer Inspection,ATMP,Wafer Metrology,WI-02,B,FAIL,ABNORMAL,ABNORMAL,736.929,0.339,39.03,57.838,112.255,,,,,,,,,,,,,,,,,,,,1,warp_um=57.838,True,True,True
2026-02-07 05:15:00,UNIT03328,LOT023,WAFER3328,PKG03328,4,Wafer Dicing,ATMP,Wafer Processing,WD-01,C,FAIL,ABNORMAL,ABNORMAL,,,,,,,,55.003,,,,,,,,,,,,,,,,,1,kerf_width_um=55.003,True,True,True
2026-02-07 05:09:00,UNIT03327,LOT023,WAFER3327,PKG03327,14,EOL,OSAT,Final Testing,EOL-01,B,FAIL,ABNORMAL,ABNORMAL,,,,,,,,,,,,,,,,,,,,,,,102.853,,1,eol_temperature_c=102.853,True,True,True
2026-02-07 04:46:00,UNIT03326,LOT023,WAFER3326,PKG03326,7,Encapsulation / Molding,OSAT/ATMP,Packaging,MO-02,A,FAIL,ABNORMAL,ABNORMAL,,,,,,,,,,,,,191.335,107.113,0.555,,,,,,,,,,1,mold_temperature_c=191.335,True,True,True
2026-02-07 04:24:00,UNIT03325,LOT023,WAFER3325,PKG03325,1,Wafer Inspection,ATMP,Wafer Metrology,WI-02,A,FAIL,ABNORMAL,ABNORMAL,701.788,1.969,27.825,-7.848,83.139,,,,,,,,,,,,,,,,,,,,1,warp_um=-7.848,True,True,True
2026-02-07 04:12:00,UNIT03324,LOT023,WAFER3324,PKG03324,5,Die Attach,OSAT/ATMP,Assembly,DA-01,A,FAIL,ABNORMAL,ABNORMAL,,,,,,,,,9.829,57.471,,,,,,,,,,,,,,,1,attach_offset_um=57.471,True,True,True
2026-02-07 03:36:00,UNIT03322,LOT023,WAFER3322,PKG03322,1,Wafer Inspection,ATMP,Wafer Metrology,WI-01,A,FAIL,ABNORMAL,ABNORMAL,684.553,4.886,14.254,2.509,99.827,,,,,,,,,,,,,,,,,,,,1,wafer_thickness_um=684.553,True,True,True
2026-02-07 03:25:00,UNIT03321,LOT023,WAFER3321,PKG03321,6,Wire Bonding,OSAT/ATMP,Assembly,WB-02,C,FAIL,ABNORMAL,ABNORMAL,,,,,,,,,,,59.467,9.527,,,,,,,,,,,,,1,wire_bond_force_n=59.467,True,True,True
2026-02-07 03:08:00,UNIT03320,LOT023,WAFER3320,PKG03320,5,Die Attach,OSAT/ATMP,Assembly,DA-02,C,FAIL,ABNORMAL,ABNORMAL,,,,,,,,,8.345,51.812,,,,,,,,,,,,,,,1,attach_offset_um=51.812,True,True,True
2026-02-07 02:53:00,UNIT03319,LOT023,WAFER3319,PKG03319,6,Wire Bonding,OSAT/ATMP,Assembly,WB-01,A,FAIL,ABNORMAL,ABNORMAL,,,,,,,,,,,64.051,4.735,,,,,,,,,,,,,1,bond_pull_strength_gf=4.735,True,True,True
2026-02-07 02:40:00,UNIT03318,LOT023,WAFER3318,PKG03318,9,Singulation,ATMP,Package Processing,SG-01,A,FAIL,ABNORMAL,ABNORMAL,,,,,,,,,,,,,,,,,-0.891,,,,,,,,1,singulation_damage_score=-0.891,True,True,True
2026-02-07 02:00:00,UNIT03316,LOT023,WAFER3316,PKG03316,1,Wafer Inspection,ATMP,Wafer Metrology,WI-01,A,FAIL,ABNORMAL,ABNORMAL,744.53,1.195,40.141,-4.549,87.905,,,,,,,,,,,,,,,,,,,,1,warp_um=-4.549,True,True,True
2026-02-07 01:44:00,UNIT03315,LOT023,WAFER3315,PKG03315,1,Wafer Inspection,ATMP,Wafer Metrology,WI-02,B,FAIL,ABNORMAL,ABNORMAL,793.633,2.712,4.598,34.771,126.766,,,,,,,,,,,,,,,,,,,,1,tape_thickness_um=126.766,True,True,True
2026-02-07 01:36:00,UNIT03314,LOT023,WAFER3314,PKG03314,9,Singulation,ATMP,Package Processing,SG-01,B,FAIL,ABNORMAL,ABNORMAL,,,,,,,,,,,,,,,,,-0.029,,,,,,,,1,singulation_damage_score=-0.029,True,True,True
2026-02-07 01:13:00,UNIT03313,LOT023,WAFER3313,PKG03313,2,Wafer Sort,OSAT,Wafer Test,WS-01,A,FAIL,ABNORMAL,ABNORMAL,,,,,,9.365,,,,,,,,,,,,,,,,,,,1,sort_current_a=9.365,True,True,True
2026-02-07 00:46:00,UNIT03311,LOT023,WAFER3311,PKG03311,7,Encapsulation / Molding,OSAT/ATMP,Packaging,MO-01,B,FAIL,ABNORMAL,ABNORMAL,,,,,,,,,,,,,182.449,99.821,2.166,,,,,,,,,,1,mold_cure_time_s=99.821,True,True,True
2026-02-07 00:25:00,UNIT03310,LOT023,WAFER3310,PKG03310,2,Wafer Sort,OSAT,Wafer Test,WS-02,B,FAIL,ABNORMAL,ABNORMAL,,,,,,10.531,,,,,,,,,,,,,,,,,,,1,sort_current_a=10.531,True,True,True
2026-02-07 00:09:00,UNIT03309,LOT023,WAFER3309,PKG03309,2,Wafer Sort,OSAT,Wafer Test,WS-01,C,FAIL,ABNORMAL,ABNORMAL,,,,,,10.661,,,,,,,,,,,,,,,,,,,1,sort_current_a=10.661,True,True,True
2026-02-06 23:52:00,UNIT03308,LOT023,WAFER3308,PKG03308,1,Wafer Inspection,ATMP,Wafer Metrology,WI-01,B,FAIL,ABNORMAL,ABNORMAL,776.394,2.352,52.128,42.649,107.198,,,,,,,,,,,,,,,,,,,,1,bow_um=52.128,True,True,True
2026-02-06 23:36:00,UNIT03307,LOT023,WAFER3307,PKG03307,1,Wafer Inspection,ATMP,Wafer Metrology,WI-01,C,FAIL,ABNORMAL,ABNORMAL,786.658,2.162,27.993,46.592,122.043,,,,,,,,,,,,,,,,,,,,1,tape_thickness_um=122.043,True,True,True
2026-02-06 23:23:00,UNIT03306,LOT023,WAFER3306,PKG03306,4,Wafer Dicing,ATMP,Wafer Processing,WD-02,A,FAIL,ABNORMAL,ABNORMAL,,,,,,,,43.252,,,,,,,,,,,,,,,,,1,kerf_width_um=43.252,True,True,True
2026-02-06 23:08:00,UNIT03305,LOT023,WAFER3305,PKG03305,5,Die Attach,OSAT/ATMP,Assembly,DA-01,B,FAIL,ABNORMAL,ABNORMAL,,,,,,,,,12.764,58.746,,,,,,,,,,,,,,,2,attach_force_n=12.764; attach_offset_um=58.746,True,True,True
2026-02-06 22:34:00,UNIT03303,LOT023,WAFER3303,PKG03303,3,Back Grinding,ATMP,Wafer Processing,BG-02,C,FAIL,ABNORMAL,ABNORMAL,809.618,,,,,,1.391,,,,,,,,,,,,,,,,,,1,wafer_thickness_um=809.618,True,True,True
2026-02-06 22:05:00,UNIT03301,LOT023,WAFER3301,PKG03301,6,Wire Bonding,OSAT/ATMP,Assembly,WB-02,A,FAIL,ABNORMAL,ABNORMAL,,,,,,,,,,,67.426,4.327,,,,,,,,,,,,,1,bond_pull_strength_gf=4.327,True,True,True
2026-02-06 21:45:00,UNIT03300,LOT022,WAFER3300,PKG03300,2,Wafer Sort,OSAT,Wafer Test,WS-02,C,FAIL,ABNORMAL,ABNORMAL,,,,,,10.688,,,,,,,,,,,,,,,,,,,1,sort_current_a=10.688,True,True,True
2026-02-06 21:18:00,UNIT03298,LOT022,WAFER3298,PKG03298,7,Encapsulation / Molding,OSAT/ATMP,Packaging,MO-02,B,FAIL,ABNORMAL,ABNORMAL,,,,,,,,,,,,,190.264,115.236,0.742,,,,,,,,,,1,mold_temperature_c=190.264,True,True,True
2026-02-06 21:06:00,UNIT03297,LOT022,WAFER3297,PKG03297,11,Burn-in,OSAT,Testing,BI-01,B,FAIL,ABNORMAL,ABNORMAL,,,,,,,,,,,,,,,,,,,124.605,8.156,,,,,1,burn_in_hours=8.156,True,True,True
2026-02-06 20:50:00,UNIT03296,LOT022,WAFER3296,PKG03296,11,Burn-in,OSAT,Testing,BI-01,C,FAIL,ABNORMAL,ABNORMAL,,,,,,,,,,,,,,,,,,,128.808,3.448,,,,,1,burn_in_hours=3.448,True,True,True
2026-02-06 20:08:00,UNIT03294,LOT022,WAFER3294,PKG03294,1,Wafer Inspection,ATMP,Wafer Metrology,WI-01,A,FAIL,ABNORMAL,ABNORMAL,795.894,5.651,38.757,44.532,110.37,,,,,,,,,,,,,,,,,,,,1,ttv_um=5.651,True,True,True
2026-02-06 19:24:00,UNIT03291,LOT022,WAFER3291,PKG03291,5,Die Attach,OSAT/ATMP,Assembly,DA-01,C,FAIL,ABNORMAL,ABNORMAL,,,,,,,,,10.612,-1.141,,,,,,,,,,,,,,,1,attach_offset_um=-1.141,True,True,True
2026-02-06 18:48:00,UNIT03289,LOT022,WAFER3289,PKG03289,1,Wafer Inspection,ATMP,Wafer Metrology,WI-01,B,FAIL,ABNORMAL,ABNORMAL,688.072,4.738,26.068,4.031,90.962,,,,,,,,,,,,,,,,,,,,1,wafer_thickness_um=688.072,True,True,True
2026-02-06 18:25:00,UNIT03287,LOT022,WAFER3287,PKG03287,10,Package Inspection,OSAT/ATMP,Package Inspection,PI-01,B,FAIL,ABNORMAL,ABNORMAL,,,,,,,,,,,,,,,,,,9.771,,,,,,,1,package_dimension_mm=9.771,True,True,True
2026-02-06 18:00:00,UNIT03286,LOT022,WAFER3286,PKG03286,1,Wafer Inspection,ATMP,Wafer Metrology,WI-02,B,FAIL,ABNORMAL,ABNORMAL,806.678,4.416,26.603,21.834,90.627,,,,,,,,,,,,,,,,,,,,1,wafer_thickness_um=806.678,True,True,True
2026-02-06 17:12:00,UNIT03283,LOT022,WAFER3283,PKG03283,1,Wafer Inspection,ATMP,Wafer Metrology,WI-02,C,FAIL,ABNORMAL,ABNORMAL,748.911,-0.728,27.305,7.729,92.944,,,,,,,,,,,,,,,,,,,,1,ttv_um=-0.728,True,True,True
2026-02-06 17:06:00,UNIT03282,LOT022,WAFER3282,PKG03282,11,Burn-in,OSAT,Testing,BI-01,B,FAIL,ABNORMAL,ABNORMAL,,,,,,,,,,,,,,,,,,,130.015,5.802,,,,,1,burn_in_temperature_c=130.015,True,True,True
2026-02-06 16:42:00,UNIT03281,LOT022,WAFER3281,PKG03281,3,Back Grinding,ATMP,Wafer Processing,BG-01,B,FAIL,ABNORMAL,ABNORMAL,755.08,,,,,,-0.226,,,,,,,,,,,,,,,,,,1,thickness_variation_um=-0.226,True,True,True
2026-02-06 16:02:00,UNIT03278,LOT022,WAFER3278,PKG03278,11,Burn-in,OSAT,Testing,BI-02,C,FAIL,ABNORMAL,ABNORMAL,,,,,,,,,,,,,,,,,,,124.041,3.82,,,,,1,burn_in_hours=3.82,True,True,True
2026-02-06 15:38:00,UNIT03277,LOT022,WAFER3277,PKG03277,3,Back Grinding,ATMP,Wafer Processing,BG-01,C,FAIL,ABNORMAL,ABNORMAL,692.662,,,,,,2.322,,,,,,,,,,,,,,,,,,1,wafer_thickness_um=692.662,True,True,True
2026-02-06 15:27:00,UNIT03276,LOT022,WAFER3276,PKG03276,8,Marking,ATMP,Package Marking,MK-01,A,FAIL,ABNORMAL,ABNORMAL,,,,,,,,,,,,,,,,100.788,,,,,,,,,1,marking_quality_score=100.788,True,True,True
2026-02-06 15:10:00,UNIT03275,LOT022,WAFER3275,PKG03275,7,Encapsulation / Molding,OSAT/ATMP,Packaging,MO-01,A,FAIL,ABNORMAL,ABNORMAL,,,,,,,,,,,,,167.695,123.338,1.056,,,,,,,,,,1,mold_temperature_c=167.695,True,True,True
2026-02-06 14:48:00,UNIT03274,LOT022,WAFER3274,PKG03274,1,Wafer Inspection,ATMP,Wafer Metrology,WI-02,B,FAIL,ABNORMAL,ABNORMAL,788.309,2.118,47.768,54.883,114.471,,,,,,,,,,,,,,,,,,,,1,warp_um=54.883,True,True,True
2026-02-06 14:34:00,UNIT03273,LOT022,WAFER3273,PKG03273,3,Back Grinding,ATMP,Wafer Processing,BG-01,A,FAIL,ABNORMAL,ABNORMAL,683.23,,,,,,1.8,,,,,,,,,,,,,,,,,,1,wafer_thickness_um=683.23,True,True,True
2026-02-06 14:28:00,UNIT03272,LOT022,WAFER3272,PKG03272,13,FCT,OSAT,Functional Testing,FCT-01,B,FAIL,ABNORMAL,ABNORMAL,,,,,,,,,,,,,,,,,,,,,,3.547,,,1,fct_voltage_v=3.547,True,True,True
2026-02-06 14:00:00,UNIT03271,LOT022,WAFER3271,PKG03271,1,Wafer Inspection,ATMP,Wafer Metrology,WI-02,A,FAIL,ABNORMAL,ABNORMAL,745.614,3.739,25.941,28.3,124.646,,,,,,,,,,,,,,,,,,,,1,tape_thickness_um=124.646,True,True,True
2026-02-06 13:55:00,UNIT03270,LOT022,WAFER3270,PKG03270,12,ICT,OSAT,Electrical Testing,ICT-02,C,FAIL,ABNORMAL,ABNORMAL,,,,,,,,,,,,,,,,,,,,,10.661,,,,1,ict_current_a=10.661,True,True,True
2026-02-06 13:39:00,UNIT03269,LOT022,WAFER3269,PKG03269,12,ICT,OSAT,Electrical Testing,ICT-01,A,FAIL,ABNORMAL,ABNORMAL,,,,,,,,,,,,,,,,,,,,,10.619,,,,1,ict_current_a=10.619,True,True,True
2026-02-06 13:26:00,UNIT03268,LOT022,WAFER3268,PKG03268,15,Final Inspection,ATMP,Final Inspection,FI-02,C,FAIL,ABNORMAL,ABNORMAL,,,,,,,,,,,,,,,,100.749,,9.815,,,,,,,1,marking_quality_score=100.749,True,True,True
2026-02-06 12:56:00,UNIT03267,LOT022,WAFER3267,PKG03267,1,Wafer Inspection,ATMP,Wafer Metrology,WI-02,C,FAIL,ABNORMAL,ABNORMAL,727.473,0.466,58.373,22.438,116.284,,,,,,,,,,,,,,,,,,,,1,bow_um=58.373,True,True,True
2026-02-06 12:28:00,UNIT03265,LOT022,WAFER3265,PKG03265,5,Die Attach,OSAT/ATMP,Assembly,DA-02,C,FAIL,ABNORMAL,ABNORMAL,,,,,,,,,8.97,-7.569,,,,,,,,,,,,,,,1,attach_offset_um=-7.569,True,True,True
2026-02-06 12:00:00,UNIT03263,LOT022,WAFER3263,PKG03263,9,Singulation,ATMP,Package Processing,SG-02,B,FAIL,ABNORMAL,ABNORMAL,,,,,,,,,,,,,,,,,-0.539,,,,,,,,1,singulation_damage_score=-0.539,True,True,True
2026-02-06 11:36:00,UNIT03262,LOT022,WAFER3262,PKG03262,1,Wafer Inspection,ATMP,Wafer Metrology,WI-02,A,FAIL,ABNORMAL,ABNORMAL,786.645,4.838,44.589,23.366,125.975,,,,,,,,,,,,,,,,,,,,1,tape_thickness_um=125.975,True,True,True
2026-02-06 11:27:00,UNIT03261,LOT022,WAFER3261,PKG03261,8,Marking,ATMP,Package Marking,MK-02,A,FAIL,ABNORMAL,ABNORMAL,,,,,,,,,,,,,,,,89.418,,,,,,,,,1,marking_quality_score=89.418,True,True,True
2026-02-06 11:09:00,UNIT03260,LOT022,WAFER3260,PKG03260,6,Wire Bonding,OSAT/ATMP,Assembly,WB-01,B,FAIL,ABNORMAL,ABNORMAL,,,,,,,,,,,67.283,4.52,,,,,,,,,,,,,1,bond_pull_strength_gf=4.52,True,True,True
2026-02-06 10:53:00,UNIT03259,LOT022,WAFER3259,PKG03259,6,Wire Bonding,OSAT/ATMP,Assembly,WB-01,A,FAIL,ABNORMAL,ABNORMAL,,,,,,,,,,,59.715,6.117,,,,,,,,,,,,,1,wire_bond_force_n=59.715,True,True,True
2026-02-06 10:18:00,UNIT03257,LOT022,WAFER3257,PKG03257,3,Back Grinding,ATMP,Wafer Processing,BG-01,B,FAIL,ABNORMAL,ABNORMAL,813.586,,,,,,3.333,,,,,,,,,,,,,,,,,,1,wafer_thickness_um=813.586,True,True,True
2026-02-06 10:04:00,UNIT03256,LOT022,WAFER3256,PKG03256,5,Die Attach,OSAT/ATMP,Assembly,DA-02,A,FAIL,ABNORMAL,ABNORMAL,,,,,,,,,9.492,-3.514,,,,,,,,,,,,,,,1,attach_offset_um=-3.514,True,True,True
2026-02-06 09:45:00,UNIT03255,LOT022,WAFER3255,PKG03255,2,Wafer Sort,OSAT,Wafer Test,WS-02,C,FAIL,ABNORMAL,ABNORMAL,,,,,,10.667,,,,,,,,,,,,,,,,,,,1,sort_current_a=10.667,True,True,True
2026-02-06 09:31:00,UNIT03254,LOT022,WAFER3254,PKG03254,4,Wafer Dicing,ATMP,Wafer Processing,WD-01,B,FAIL,ABNORMAL,ABNORMAL,,,,,,,,43.108,,,,,,,,,,,,,,,,,1,kerf_width_um=43.108,True,True,True
2026-02-06 09:16:00,UNIT03253,LOT022,WAFER3253,PKG03253,5,Die Attach,OSAT/ATMP,Assembly,DA-02,B,FAIL,ABNORMAL,ABNORMAL,,,,,,,,,11.729,52.133,,,,,,,,,,,,,,,1,attach_offset_um=52.133,True,True,True
2026-02-06 08:56:00,UNIT03252,LOT022,WAFER3252,PKG03252,1,Wafer Inspection,ATMP,Wafer Metrology,WI-02,C,FAIL,ABNORMAL,ABNORMAL,816.204,4.394,0.966,18.133,81.589,,,,,,,,,,,,,,,,,,,,1,wafer_thickness_um=816.204,True,True,True
2026-02-06 08:48:00,UNIT03251,LOT022,WAFER3251,PKG03251,9,Singulation,ATMP,Package Processing,SG-02,B,FAIL,ABNORMAL,ABNORMAL,,,,,,,,,,,,,,,,,11.896,,,,,,,,1,singulation_damage_score=11.896,True,True,True
2026-02-06 08:24:00,UNIT03250,LOT022,WAFER3250,PKG03250,1,Wafer Inspection,ATMP,Wafer Metrology,WI-01,C,FAIL,ABNORMAL,ABNORMAL,789.75,-0.904,51.538,32.75,91.766,,,,,,,,,,,,,,,,,,,,2,ttv_um=-0.904; bow_um=51.538,True,True,True
2026-02-06 08:22:00,UNIT03249,LOT022,WAFER3249,PKG03249,15,Final Inspection,ATMP,Final Inspection,FI-02,C,FAIL,ABNORMAL,ABNORMAL,,,,,,,,,,,,,,,,88.493,,10.022,,,,,,,1,marking_quality_score=88.493,True,True,True
2026-02-06 07:54:00,UNIT03248,LOT022,WAFER3248,PKG03248,3,Back Grinding,ATMP,Wafer Processing,BG-02,B,FAIL,ABNORMAL,ABNORMAL,683.594,,,,,,3.052,,,,,,,,,,,,,,,,,,1,wafer_thickness_um=683.594,True,True,True
2026-02-06 07:43:00,UNIT03247,LOT022,WAFER3247,PKG03247,8,Marking,ATMP,Package Marking,MK-02,B,FAIL,ABNORMAL,ABNORMAL,,,,,,,,,,,,,,,,89.883,,,,,,,,,1,marking_quality_score=89.883,True,True,True
2026-02-06 07:26:00,UNIT03246,LOT022,WAFER3246,PKG03246,7,Encapsulation / Molding,OSAT/ATMP,Packaging,MO-02,B,FAIL,ABNORMAL,ABNORMAL,,,,,,,,,,,,,168.913,118.409,4.662,,,,,,,,,,1,mold_temperature_c=168.913,True,True,True
2026-02-06 06:50:00,UNIT03244,LOT022,WAFER3244,PKG03244,3,Back Grinding,ATMP,Wafer Processing,BG-01,C,FAIL,ABNORMAL,ABNORMAL,787.178,,,,,,-0.357,,,,,,,,,,,,,,,,,,1,thickness_variation_um=-0.357,True,True,True
2026-02-06 06:32:00,UNIT03243,LOT022,WAFER3243,PKG03243,1,Wafer Inspection,ATMP,Wafer Metrology,WI-02,B,FAIL,ABNORMAL,ABNORMAL,766.98,-0.482,29.268,39.93,102.865,,,,,,,,,,,,,,,,,,,,1,ttv_um=-0.482,True,True,True
2026-02-06 06:16:00,UNIT03242,LOT022,WAFER3242,PKG03242,1,Wafer Inspection,ATMP,Wafer Metrology,WI-02,B,FAIL,ABNORMAL,ABNORMAL,777.598,2.492,49.97,23.104,77.572,,,,,,,,,,,,,,,,,,,,1,tape_thickness_um=77.572,True,True,True
2026-02-06 06:00:00,UNIT03241,LOT022,WAFER3241,PKG03241,1,Wafer Inspection,ATMP,Wafer Metrology,WI-01,A,FAIL,ABNORMAL,ABNORMAL,739.503,0.109,40.552,22.203,78.777,,,,,,,,,,,,,,,,,,,,1,tape_thickness_um=78.777,True,True,True
2026-02-06 05:44:00,UNIT03240,LOT022,WAFER3240,PKG03240,1,Wafer Inspection,ATMP,Wafer Metrology,WI-02,A,FAIL,ABNORMAL,ABNORMAL,771.738,5.14,31.869,33.183,112.17,,,,,,,,,,,,,,,,,,,,1,ttv_um=5.14,True,True,True
2026-02-06 05:37:00,UNIT03239,LOT022,WAFER3239,PKG03239,10,Package Inspection,OSAT/ATMP,Package Inspection,PI-01,B,FAIL,ABNORMAL,ABNORMAL,,,,,,,,,,,,,,,,,,9.724,,,,,,,1,package_dimension_mm=9.724,True,True,True
2026-02-06 05:12:00,UNIT03238,LOT022,WAFER3238,PKG03238,1,Wafer Inspection,ATMP,Wafer Metrology,WI-01,A,FAIL,ABNORMAL,ABNORMAL,796.709,0.755,2.731,53.136,81.778,,,,,,,,,,,,,,,,,,,,1,warp_um=53.136,True,True,True
2026-02-06 05:04:00,UNIT03237,LOT022,WAFER3237,PKG03237,9,Singulation,ATMP,Package Processing,SG-01,C,FAIL,ABNORMAL,ABNORMAL,,,,,,,,,,,,,,,,,-0.561,,,,,,,,1,singulation_damage_score=-0.561,True,True,True
2026-02-06 04:24:00,UNIT03235,LOT022,WAFER3235,PKG03235,1,Wafer Inspection,ATMP,Wafer Metrology,WI-01,C,FAIL,ABNORMAL,ABNORMAL,718.96,0.571,50.773,1.242,84.659,,,,,,,,,,,,,,,,,,,,1,bow_um=50.773,True,True,True
2026-02-06 04:14:00,UNIT03234,LOT022,WAFER3234,PKG03234,7,Encapsulation / Molding,OSAT/ATMP,Packaging,MO-02,A,FAIL,ABNORMAL,ABNORMAL,,,,,,,,,,,,,173.096,124.264,-0.183,,,,,,,,,,1,void_percentage=-0.183,True,True,True
2026-02-06 03:52:00,UNIT03233,LOT022,WAFER3233,PKG03233,1,Wafer Inspection,ATMP,Wafer Metrology,WI-02,A,FAIL,ABNORMAL,ABNORMAL,751.441,5.406,39.395,25.082,77.089,,,,,,,,,,,,,,,,,,,,2,ttv_um=5.406; tape_thickness_um=77.089,True,True,True
2026-02-06 03:36:00,UNIT03232,LOT022,WAFER3232,PKG03232,1,Wafer Inspection,ATMP,Wafer Metrology,WI-01,B,FAIL,ABNORMAL,ABNORMAL,732.731,2.664,0.343,54.088,76.441,,,,,,,,,,,,,,,,,,,,2,warp_um=54.088; tape_thickness_um=76.441,True,True,True
2026-02-06 03:25:00,UNIT03231,LOT022,WAFER3231,PKG03231,6,Wire Bonding,OSAT/ATMP,Assembly,WB-01,C,FAIL,ABNORMAL,ABNORMAL,,,,,,,,,,,65.16,10.758,,,,,,,,,,,,,1,bond_pull_strength_gf=10.758,True,True,True
2026-02-06 03:09:00,UNIT03230,LOT022,WAFER3230,PKG03230,6,Wire Bonding,OSAT/ATMP,Assembly,WB-01,A,FAIL,ABNORMAL,ABNORMAL,,,,,,,,,,,65.822,10.177,,,,,,,,,,,,,1,bond_pull_strength_gf=10.177,True,True,True
2026-02-06 02:48:00,UNIT03229,LOT022,WAFER3229,PKG03229,1,Wafer Inspection,ATMP,Wafer Metrology,WI-02,C,FAIL,ABNORMAL,ABNORMAL,744.38,0.786,29.076,50.415,97.095,,,,,,,,,,,,,,,,,,,,1,warp_um=50.415,True,True,True
2026-02-06 02:30:00,UNIT03227,LOT022,WAFER3227,PKG03227,15,Final Inspection,ATMP,Final Inspection,FI-02,A,FAIL,ABNORMAL,ABNORMAL,,,,,,,,,,,,,,,,95.116,,10.275,,,,,,,1,package_dimension_mm=10.275,True,True,True
2026-02-06 01:40:00,UNIT03224,LOT022,WAFER3224,PKG03224,13,FCT,OSAT,Functional Testing,FCT-01,A,FAIL,ABNORMAL,ABNORMAL,,,,,,,,,,,,,,,,,,,,,,3.568,,,1,fct_voltage_v=3.568,True,True,True
2026-02-06 00:46:00,UNIT03221,LOT022,WAFER3221,PKG03221,7,Encapsulation / Molding,OSAT/ATMP,Packaging,MO-01,B,FAIL,ABNORMAL,ABNORMAL,,,,,,,,,,,,,183.173,99.428,3.815,,,,,,,,,,1,mold_cure_time_s=99.428,True,True,True
2026-02-06 00:13:00,UNIT03219,LOT022,WAFER3219,PKG03219,6,Wire Bonding,OSAT/ATMP,Assembly,WB-02,A,FAIL,ABNORMAL,ABNORMAL,,,,,,,,,,,58.296,9.347,,,,,,,,,,,,,1,wire_bond_force_n=58.296,True,True,True
2026-02-05 23:58:00,UNIT03218,LOT022,WAFER3218,PKG03218,7,Encapsulation / Molding,OSAT/ATMP,Packaging,MO-02,C,FAIL,ABNORMAL,ABNORMAL,,,,,,,,,,,,,188.006,104.476,-0.057,,,,,,,,,,1,void_percentage=-0.057,True,True,True
2026-02-05 23:36:00,UNIT03217,LOT022,WAFER3217,PKG03217,1,Wafer Inspection,ATMP,Wafer Metrology,WI-02,A,FAIL,ABNORMAL,ABNORMAL,788.756,0.875,48.994,-0.115,95.935,,,,,,,,,,,,,,,,,,,,1,warp_um=-0.115,True,True,True
2026-02-05 23:18:00,UNIT03215,LOT022,WAFER3215,PKG03215,15,Final Inspection,ATMP,Final Inspection,FI-01,B,FAIL,ABNORMAL,ABNORMAL,,,,,,,,,,,,,,,,88.791,,9.814,,,,,,,1,marking_quality_score=88.791,True,True,True
2026-02-05 22:49:00,UNIT03214,LOT022,WAFER3214,PKG03214,2,Wafer Sort,OSAT,Wafer Test,WS-01,C,FAIL,ABNORMAL,ABNORMAL,,,,,,9.496,,,,,,,,,,,,,,,,,,,1,sort_current_a=9.496,True,True,True
2026-02-05 22:35:00,UNIT03213,LOT022,WAFER3213,PKG03213,4,Wafer Dicing,ATMP,Wafer Processing,WD-01,A,FAIL,ABNORMAL,ABNORMAL,,,,,,,,43.837,,,,,,,,,,,,,,,,,1,kerf_width_um=43.837,True,True,True
2026-02-05 22:06:00,UNIT03211,LOT022,WAFER3211,PKG03211,7,Encapsulation / Molding,OSAT/ATMP,Packaging,MO-02,B,FAIL,ABNORMAL,ABNORMAL,,,,,,,,,,,,,169.528,107.88,1.797,,,,,,,,,,1,mold_temperature_c=169.528,True,True,True
2026-02-05 21:48:00,UNIT03210,LOT022,WAFER3210,PKG03210,5,Die Attach,OSAT/ATMP,Assembly,DA-02,A,FAIL,ABNORMAL,ABNORMAL,,,,,,,,,10.832,-7.496,,,,,,,,,,,,,,,1,attach_offset_um=-7.496,True,True,True
2026-02-05 21:28:00,UNIT03209,LOT022,WAFER3209,PKG03209,1,Wafer Inspection,ATMP,Wafer Metrology,WI-02,C,FAIL,ABNORMAL,ABNORMAL,759.622,3.276,-2.742,49.433,98.721,,,,,,,,,,,,,,,,,,,,1,bow_um=-2.742,True,True,True
2026-02-05 21:09:00,UNIT03207,LOT022,WAFER3207,PKG03207,14,EOL,OSAT,Final Testing,EOL-02,C,FAIL,ABNORMAL,ABNORMAL,,,,,,,,,,,,,,,,,,,,,,,101.244,,1,eol_temperature_c=101.244,True,True,True
2026-02-05 20:50:00,UNIT03206,LOT022,WAFER3206,PKG03206,11,Burn-in,OSAT,Testing,BI-02,C,FAIL,ABNORMAL,ABNORMAL,,,,,,,,,,,,,,,,,,,120.821,3.245,,,,,1,burn_in_hours=3.245,True,True,True
2026-02-05 19:52:00,UNIT03203,LOT022,WAFER3203,PKG03203,1,Wafer Inspection,ATMP,Wafer Metrology,WI-01,B,FAIL,ABNORMAL,ABNORMAL,690.997,4.34,6.296,48.205,116.87,,,,,,,,,,,,,,,,,,,,1,wafer_thickness_um=690.997,True,True,True
2026-02-05 18:48:00,UNIT03199,LOT022,WAFER3199,PKG03199,1,Wafer Inspection,ATMP,Wafer Metrology,WI-01,A,FAIL,ABNORMAL,ABNORMAL,766.062,0.52,-1.524,34.035,98.122,,,,,,,,,,,,,,,,,,,,1,bow_um=-1.524,True,True,True
2026-02-05 18:34:00,UNIT03198,LOT022,WAFER3198,PKG03198,3,Back Grinding,ATMP,Wafer Processing,BG-01,C,FAIL,ABNORMAL,ABNORMAL,741.522,,,,,,-0.142,,,,,,,,,,,,,,,,,,1,thickness_variation_um=-0.142,True,True,True
2026-02-05 18:04:00,UNIT03196,LOT022,WAFER3196,PKG03196,5,Die Attach,OSAT/ATMP,Assembly,DA-02,C,FAIL,ABNORMAL,ABNORMAL,,,,,,,,,9.949,-8.265,,,,,,,,,,,,,,,1,attach_offset_um=-8.265,True,True,True
2026-02-05 17:58:00,UNIT03195,LOT022,WAFER3195,PKG03195,15,Final Inspection,ATMP,Final Inspection,FI-02,C,FAIL,ABNORMAL,ABNORMAL,,,,,,,,,,,,,,,,88.942,,10.044,,,,,,,1,marking_quality_score=88.942,True,True,True
2026-02-05 17:32:00,UNIT03194,LOT022,WAFER3194,PKG03194,5,Die Attach,OSAT/ATMP,Assembly,DA-01,A,FAIL,ABNORMAL,ABNORMAL,,,,,,,,,7.755,46.946,,,,,,,,,,,,,,,1,attach_force_n=7.755,True,True,True
2026-02-05 17:16:00,UNIT03193,LOT022,WAFER3193,PKG03193,5,Die Attach,OSAT/ATMP,Assembly,DA-02,B,FAIL,ABNORMAL,ABNORMAL,,,,,,,,,7.624,36.216,,,,,,,,,,,,,,,1,attach_force_n=7.624,True,True,True
2026-02-05 17:00:00,UNIT03192,LOT022,WAFER3192,PKG03192,5,Die Attach,OSAT/ATMP,Assembly,DA-01,A,FAIL,ABNORMAL,ABNORMAL,,,,,,,,,9.16,-4.536,,,,,,,,,,,,,,,1,attach_offset_um=-4.536,True,True,True
2026-02-05 16:43:00,UNIT03191,LOT022,WAFER3191,PKG03191,4,Wafer Dicing,ATMP,Wafer Processing,WD-01,C,FAIL,ABNORMAL,ABNORMAL,,,,,,,,56.799,,,,,,,,,,,,,,,,,1,kerf_width_um=56.799,True,True,True
2026-02-05 16:39:00,UNIT03190,LOT022,WAFER3190,PKG03190,16,Packing / Dispatch,ATMP,Packaging,PK-01,B,FAIL,ABNORMAL,ABNORMAL,,,,,,,,,,,,,,,,,,,,,,,,11.838,1,packaging_damage_score=11.838,True,True,True
2026-02-05 16:17:00,UNIT03189,LOT022,WAFER3189,PKG03189,10,Package Inspection,OSAT/ATMP,Package Inspection,PI-02,C,FAIL,ABNORMAL,ABNORMAL,,,,,,,,,,,,,,,,,,10.231,,,,,,,1,package_dimension_mm=10.231,True,True,True
2026-02-05 15:36:00,UNIT03187,LOT022,WAFER3187,PKG03187,1,Wafer Inspection,ATMP,Wafer Metrology,WI-01,B,FAIL,ABNORMAL,ABNORMAL,739.323,5.615,38.965,46.047,80.02,,,,,,,,,,,,,,,,,,,,1,ttv_um=5.615,True,True,True
2026-02-05 15:20:00,UNIT03186,LOT022,WAFER3186,PKG03186,1,Wafer Inspection,ATMP,Wafer Metrology,WI-01,A,FAIL,ABNORMAL,ABNORMAL,803.822,2.29,35.132,46.611,72.502,,,,,,,,,,,,,,,,,,,,2,wafer_thickness_um=803.822; tape_thickness_um=72.502,True,True,True
2026-02-05 15:18:00,UNIT03185,LOT022,WAFER3185,PKG03185,15,Final Inspection,ATMP,Final Inspection,FI-02,C,FAIL,ABNORMAL,ABNORMAL,,,,,,,,,,,,,,,,88.193,,10.122,,,,,,,1,marking_quality_score=88.193,True,True,True
2026-02-05 14:53:00,UNIT03184,LOT022,WAFER3184,PKG03184,6,Wire Bonding,OSAT/ATMP,Assembly,WB-02,A,FAIL,ABNORMAL,ABNORMAL,,,,,,,,,,,71.581,8.479,,,,,,,,,,,,,1,wire_bond_force_n=71.581,True,True,True
2026-02-05 14:32:00,UNIT03183,LOT022,WAFER3183,PKG03183,1,Wafer Inspection,ATMP,Wafer Metrology,WI-02,C,FAIL,ABNORMAL,ABNORMAL,721.817,4.21,7.794,-6.701,103.648,,,,,,,,,,,,,,,,,,,,1,warp_um=-6.701,True,True,True
2026-02-05 14:26:00,UNIT03182,LOT022,WAFER3182,PKG03182,11,Burn-in,OSAT,Testing,BI-01,C,FAIL,ABNORMAL,ABNORMAL,,,,,,,,,,,,,,,,,,,124.942,8.595,,,,,1,burn_in_hours=8.595,True,True,True
2026-02-05 14:02:00,UNIT03181,LOT022,WAFER3181,PKG03181,3,Back Grinding,ATMP,Wafer Processing,BG-02,B,FAIL,ABNORMAL,ABNORMAL,768.928,,,,,,5.684,,,,,,,,,,,,,,,,,,1,thickness_variation_um=5.684,True,True,True
2026-02-05 13:16:00,UNIT03178,LOT022,WAFER3178,PKG03178,5,Die Attach,OSAT/ATMP,Assembly,DA-01,B,FAIL,ABNORMAL,ABNORMAL,,,,,,,,,12.56,32.055,,,,,,,,,,,,,,,1,attach_force_n=12.56,True,True,True
2026-02-05 12:56:00,UNIT03177,LOT022,WAFER3177,PKG03177,1,Wafer Inspection,ATMP,Wafer Metrology,WI-02,B,FAIL,ABNORMAL,ABNORMAL,740.758,5.533,15.438,2.403,108.31,,,,,,,,,,,,,,,,,,,,1,ttv_um=5.533,True,True,True
2026-02-05 12:40:00,UNIT03176,LOT022,WAFER3176,PKG03176,1,Wafer Inspection,ATMP,Wafer Metrology,WI-01,C,FAIL,ABNORMAL,ABNORMAL,797.105,4.712,-0.014,5.063,104.263,,,,,,,,,,,,,,,,,,,,1,bow_um=-0.014,True,True,True
2026-02-05 12:08:00,UNIT03174,LOT022,WAFER3174,PKG03174,1,Wafer Inspection,ATMP,Wafer Metrology,WI-01,A,FAIL,ABNORMAL,ABNORMAL,732.575,3.891,23.496,-2.586,116.353,,,,,,,,,,,,,,,,,,,,1,warp_um=-2.586,True,True,True
2026-02-05 11:36:00,UNIT03172,LOT022,WAFER3172,PKG03172,1,Wafer Inspection,ATMP,Wafer Metrology,WI-01,C,FAIL,ABNORMAL,ABNORMAL,769.384,-0.535,3.502,46.261,107.799,,,,,,,,,,,,,,,,,,,,1,ttv_um=-0.535,True,True,True
2026-02-05 11:23:00,UNIT03171,LOT022,WAFER3171,PKG03171,4,Wafer Dicing,ATMP,Wafer Processing,WD-02,A,FAIL,ABNORMAL,ABNORMAL,,,,,,,,44.062,,,,,,,,,,,,,,,,,1,kerf_width_um=44.062,True,True,True
2026-02-05 11:04:00,UNIT03170,LOT022,WAFER3170,PKG03170,1,Wafer Inspection,ATMP,Wafer Metrology,WI-02,B,FAIL,ABNORMAL,ABNORMAL,682.735,2.639,10.416,18.708,111.094,,,,,,,,,,,,,,,,,,,,1,wafer_thickness_um=682.735,True,True,True
2026-02-05 10:32:00,UNIT03168,LOT022,WAFER3168,PKG03168,1,Wafer Inspection,ATMP,Wafer Metrology,WI-02,A,FAIL,ABNORMAL,ABNORMAL,773.214,3.286,22.694,36.465,77.072,,,,,,,,,,,,,,,,,,,,1,tape_thickness_um=77.072,True,True,True
2026-02-05 09:59:00,UNIT03165,LOT022,WAFER3165,PKG03165,16,Packing / Dispatch,ATMP,Packaging,PK-02,B,FAIL,ABNORMAL,ABNORMAL,,,,,,,,,,,,,,,,,,,,,,,,10.587,1,packaging_damage_score=10.587,True,True,True
2026-02-05 09:32:00,UNIT03164,LOT022,WAFER3164,PKG03164,5,Die Attach,OSAT/ATMP,Assembly,DA-01,A,FAIL,ABNORMAL,ABNORMAL,,,,,,,,,8.784,-3.96,,,,,,,,,,,,,,,1,attach_offset_um=-3.96,True,True,True
2026-02-05 09:27:00,UNIT03163,LOT022,WAFER3163,PKG03163,16,Packing / Dispatch,ATMP,Packaging,PK-02,C,FAIL,ABNORMAL,ABNORMAL,,,,,,,,,,,,,,,,,,,,,,,,11.623,1,packaging_damage_score=11.623,True,True,True
2026-02-05 08:40:00,UNIT03161,LOT022,WAFER3161,PKG03161,1,Wafer Inspection,ATMP,Wafer Metrology,WI-01,C,FAIL,ABNORMAL,ABNORMAL,786.727,5.656,44.166,4.452,107.182,,,,,,,,,,,,,,,,,,,,1,ttv_um=5.656,True,True,True
2026-02-05 08:24:00,UNIT03160,LOT022,WAFER3160,PKG03160,1,Wafer Inspection,ATMP,Wafer Metrology,WI-02,C,FAIL,ABNORMAL,ABNORMAL,790.722,2.585,20.729,-1.691,110.107,,,,,,,,,,,,,,,,,,,,1,warp_um=-1.691,True,True,True
2026-02-05 08:14:00,UNIT03159,LOT022,WAFER3159,PKG03159,7,Encapsulation / Molding,OSAT/ATMP,Packaging,MO-01,A,FAIL,ABNORMAL,ABNORMAL,,,,,,,,,,,,,174.873,97.868,4.147,,,,,,,,,,1,mold_cure_time_s=97.868,True,True,True
2026-02-05 07:57:00,UNIT03158,LOT022,WAFER3158,PKG03158,6,Wire Bonding,OSAT/ATMP,Assembly,WB-01,A,FAIL,ABNORMAL,ABNORMAL,,,,,,,,,,,71.645,6.096,,,,,,,,,,,,,1,wire_bond_force_n=71.645,True,True,True
2026-02-05 07:47:00,UNIT03157,LOT022,WAFER3157,PKG03157,12,ICT,OSAT,Electrical Testing,ICT-02,B,FAIL,ABNORMAL,ABNORMAL,,,,,,,,,,,,,,,,,,,,,10.553,,,,1,ict_current_a=10.553,True,True,True
2026-02-05 07:26:00,UNIT03156,LOT022,WAFER3156,PKG03156,7,Encapsulation / Molding,OSAT/ATMP,Packaging,MO-01,A,FAIL,ABNORMAL,ABNORMAL,,,,,,,,,,,,,178.46,97.605,3.857,,,,,,,,,,1,mold_cure_time_s=97.605,True,True,True
2026-02-05 06:53:00,UNIT03154,LOT022,WAFER3154,PKG03154,6,Wire Bonding,OSAT/ATMP,Assembly,WB-01,A,FAIL,ABNORMAL,ABNORMAL,,,,,,,,,,,61.528,10.195,,,,,,,,,,,,,1,bond_pull_strength_gf=10.195,True,True,True
2026-02-05 06:32:00,UNIT03153,LOT022,WAFER3153,PKG03153,1,Wafer Inspection,ATMP,Wafer Metrology,WI-02,B,FAIL,ABNORMAL,ABNORMAL,687.837,0.016,31.988,43.404,119.05,,,,,,,,,,,,,,,,,,,,1,wafer_thickness_um=687.837,True,True,True
2026-02-05 06:10:00,UNIT03151,LOT022,WAFER3151,PKG03151,11,Burn-in,OSAT,Testing,BI-01,B,FAIL,ABNORMAL,ABNORMAL,,,,,,,,,,,,,,,,,,,121.765,3.41,,,,,1,burn_in_hours=3.41,True,True,True
2026-02-05 05:47:00,UNIT03150,LOT021,WAFER3150,PKG03150,4,Wafer Dicing,ATMP,Wafer Processing,WD-02,A,FAIL,ABNORMAL,ABNORMAL,,,,,,,,55.639,,,,,,,,,,,,,,,,,1,kerf_width_um=55.639,True,True,True
2026-02-05 04:56:00,UNIT03147,LOT021,WAFER3147,PKG03147,1,Wafer Inspection,ATMP,Wafer Metrology,WI-01,B,FAIL,ABNORMAL,ABNORMAL,734.049,4.605,1.312,-4.687,93.396,,,,,,,,,,,,,,,,,,,,1,warp_um=-4.687,True,True,True
2026-02-05 04:42:00,UNIT03146,LOT021,WAFER3146,PKG03146,3,Back Grinding,ATMP,Wafer Processing,BG-01,B,FAIL,ABNORMAL,ABNORMAL,811.764,,,,,,1.397,,,,,,,,,,,,,,,,,,1,wafer_thickness_um=811.764,True,True,True
2026-02-05 04:24:00,UNIT03145,LOT021,WAFER3145,PKG03145,1,Wafer Inspection,ATMP,Wafer Metrology,WI-01,C,FAIL,ABNORMAL,ABNORMAL,766.94,5.64,-3.953,45.403,80.636,,,,,,,,,,,,,,,,,,,,2,ttv_um=5.64; bow_um=-3.953,True,True,True
2026-02-05 04:18:00,UNIT03144,LOT021,WAFER3144,PKG03144,11,Burn-in,OSAT,Testing,BI-02,A,FAIL,ABNORMAL,ABNORMAL,,,,,,,,,,,,,,,,,,,127.643,3.509,,,,,1,burn_in_hours=3.509,True,True,True
2026-02-05 03:52:00,UNIT03143,LOT021,WAFER3143,PKG03143,1,Wafer Inspection,ATMP,Wafer Metrology,WI-02,C,FAIL,ABNORMAL,ABNORMAL,684.263,2.018,23.559,8.326,82.784,,,,,,,,,,,,,,,,,,,,1,wafer_thickness_um=684.263,True,True,True
2026-02-05 03:37:00,UNIT03142,LOT021,WAFER3142,PKG03142,2,Wafer Sort,OSAT,Wafer Test,WS-01,C,FAIL,ABNORMAL,ABNORMAL,,,,,,9.45,,,,,,,,,,,,,,,,,,,1,sort_current_a=9.45,True,True,True
2026-02-05 03:20:00,UNIT03141,LOT021,WAFER3141,PKG03141,1,Wafer Inspection,ATMP,Wafer Metrology,WI-02,C,FAIL,ABNORMAL,ABNORMAL,746.205,2.517,49.807,56.536,108.139,,,,,,,,,,,,,,,,,,,,1,warp_um=56.536,True,True,True
2026-02-05 03:18:00,UNIT03140,LOT021,WAFER3140,PKG03140,15,Final Inspection,ATMP,Final Inspection,FI-01,C,FAIL,ABNORMAL,ABNORMAL,,,,,,,,,,,,,,,,89.911,,10.013,,,,,,,1,marking_quality_score=89.911,True,True,True
2026-02-05 02:48:00,UNIT03139,LOT021,WAFER3139,PKG03139,1,Wafer Inspection,ATMP,Wafer Metrology,WI-02,C,FAIL,ABNORMAL,ABNORMAL,729.667,5.381,18.359,43.52,121.363,,,,,,,,,,,,,,,,,,,,2,ttv_um=5.381; tape_thickness_um=121.363,True,True,True
2026-02-05 02:36:00,UNIT03138,LOT021,WAFER3138,PKG03138,5,Die Attach,OSAT/ATMP,Assembly,DA-02,C,FAIL,ABNORMAL,ABNORMAL,,,,,,,,,9.348,-2.724,,,,,,,,,,,,,,,1,attach_offset_um=-2.724,True,True,True
2026-02-05 02:00:00,UNIT03136,LOT021,WAFER3136,PKG03136,1,Wafer Inspection,ATMP,Wafer Metrology,WI-02,C,FAIL,ABNORMAL,ABNORMAL,753.096,4.942,-6.707,10.823,97.94,,,,,,,,,,,,,,,,,,,,1,bow_um=-6.707,True,True,True
2026-02-05 01:28:00,UNIT03134,LOT021,WAFER3134,PKG03134,1,Wafer Inspection,ATMP,Wafer Metrology,WI-01,B,FAIL,ABNORMAL,ABNORMAL,784.584,4.355,1.026,40.911,78.826,,,,,,,,,,,,,,,,,,,,1,tape_thickness_um=78.826,True,True,True
2026-02-05 00:48:00,UNIT03131,LOT021,WAFER3131,PKG03131,9,Singulation,ATMP,Package Processing,SG-01,B,FAIL,ABNORMAL,ABNORMAL,,,,,,,,,,,,,,,,,11.796,,,,,,,,1,singulation_damage_score=11.796,True,True,True
2026-02-05 00:08:00,UNIT03129,LOT021,WAFER3129,PKG03129,1,Wafer Inspection,ATMP,Wafer Metrology,WI-02,C,FAIL,ABNORMAL,ABNORMAL,809.299,4.557,32.038,23.185,84.358,,,,,,,,,,,,,,,,,,,,1,wafer_thickness_um=809.299,True,True,True
2026-02-04 23:52:00,UNIT03128,LOT021,WAFER3128,PKG03128,1,Wafer Inspection,ATMP,Wafer Metrology,WI-01,C,FAIL,ABNORMAL,ABNORMAL,780.929,3.805,59.681,46.786,88.559,,,,,,,,,,,,,,,,,,,,1,bow_um=59.681,True,True,True
2026-02-04 23:36:00,UNIT03127,LOT021,WAFER3127,PKG03127,1,Wafer Inspection,ATMP,Wafer Metrology,WI-01,A,FAIL,ABNORMAL,ABNORMAL,761.12,4.934,29.132,-2.03,86.141,,,,,,,,,,,,,,,,,,,,1,warp_um=-2.03,True,True,True
2026-02-04 23:18:00,UNIT03125,LOT021,WAFER3125,PKG03125,15,Final Inspection,ATMP,Final Inspection,FI-01,A,FAIL,ABNORMAL,ABNORMAL,,,,,,,,,,,,,,,,100.255,,9.998,,,,,,,1,marking_quality_score=100.255,True,True,True
2026-02-04 22:00:00,UNIT03121,LOT021,WAFER3121,PKG03121,1,Wafer Inspection,ATMP,Wafer Metrology,WI-02,B,FAIL,ABNORMAL,ABNORMAL,732.915,-0.413,8.571,35.535,96.146,,,,,,,,,,,,,,,,,,,,1,ttv_um=-0.413,True,True,True
2026-02-04 21:44:00,UNIT03120,LOT021,WAFER3120,PKG03120,1,Wafer Inspection,ATMP,Wafer Metrology,WI-02,C,FAIL,ABNORMAL,ABNORMAL,732.979,1.758,55.996,48.795,86.791,,,,,,,,,,,,,,,,,,,,1,bow_um=55.996,True,True,True
2026-02-04 21:28:00,UNIT03119,LOT021,WAFER3119,PKG03119,1,Wafer Inspection,ATMP,Wafer Metrology,WI-01,B,FAIL,ABNORMAL,ABNORMAL,794.413,4.12,4.096,-5.549,82.936,,,,,,,,,,,,,,,,,,,,1,warp_um=-5.549,True,True,True
2026-02-04 21:15:00,UNIT03118,LOT021,WAFER3118,PKG03118,4,Wafer Dicing,ATMP,Wafer Processing,WD-02,A,FAIL,ABNORMAL,ABNORMAL,,,,,,,,55.331,,,,,,,,,,,,,,,,,1,kerf_width_um=55.331,True,True,True
2026-02-04 20:56:00,UNIT03117,LOT021,WAFER3117,PKG03117,1,Wafer Inspection,ATMP,Wafer Metrology,WI-02,B,FAIL,ABNORMAL,ABNORMAL,782.656,0.74,45.38,15.06,73.222,,,,,,,,,,,,,,,,,,,,1,tape_thickness_um=73.222,True,True,True
2026-02-04 20:24:00,UNIT03115,LOT021,WAFER3115,PKG03115,1,Wafer Inspection,ATMP,Wafer Metrology,WI-01,A,FAIL,ABNORMAL,ABNORMAL,701.929,5.711,11.792,19.866,91.386,,,,,,,,,,,,,,,,,,,,1,ttv_um=5.711,True,True,True
2026-02-04 20:13:00,UNIT03114,LOT021,WAFER3114,PKG03114,6,Wire Bonding,OSAT/ATMP,Assembly,WB-02,B,FAIL,ABNORMAL,ABNORMAL,,,,,,,,,,,65.049,10.29,,,,,,,,,,,,,1,bond_pull_strength_gf=10.29,True,True,True
2026-02-04 20:00:00,UNIT03113,LOT021,WAFER3113,PKG03113,9,Singulation,ATMP,Package Processing,SG-02,C,FAIL,ABNORMAL,ABNORMAL,,,,,,,,,,,,,,,,,11.423,,,,,,,,1,singulation_damage_score=11.423,True,True,True
2026-02-04 19:38:00,UNIT03112,LOT021,WAFER3112,PKG03112,3,Back Grinding,ATMP,Wafer Processing,BG-02,B,FAIL,ABNORMAL,ABNORMAL,708.697,,,,,,5.98,,,,,,,,,,,,,,,,,,1,thickness_variation_um=5.98,True,True,True
2026-02-04 19:34:00,UNIT03111,LOT021,WAFER3111,PKG03111,15,Final Inspection,ATMP,Final Inspection,FI-01,A,FAIL,ABNORMAL,ABNORMAL,,,,,,,,,,,,,,,,96.862,,9.745,,,,,,,1,package_dimension_mm=9.745,True,True,True
2026-02-04 19:14:00,UNIT03110,LOT021,WAFER3110,PKG03110,11,Burn-in,OSAT,Testing,BI-02,A,FAIL,ABNORMAL,ABNORMAL,,,,,,,,,,,,,,,,,,,123.577,8.323,,,,,1,burn_in_hours=8.323,True,True,True
2026-02-04 18:48:00,UNIT03109,LOT021,WAFER3109,PKG03109,1,Wafer Inspection,ATMP,Wafer Metrology,WI-01,A,FAIL,ABNORMAL,ABNORMAL,731.281,5.73,38.137,11.876,100.735,,,,,,,,,,,,,,,,,,,,1,ttv_um=5.73,True,True,True
2026-02-04 18:32:00,UNIT03108,LOT021,WAFER3108,PKG03108,1,Wafer Inspection,ATMP,Wafer Metrology,WI-01,A,FAIL,ABNORMAL,ABNORMAL,712.506,0.615,12.264,3.839,78.013,,,,,,,,,,,,,,,,,,,,1,tape_thickness_um=78.013,True,True,True
2026-02-04 18:00:00,UNIT03106,LOT021,WAFER3106,PKG03106,1,Wafer Inspection,ATMP,Wafer Metrology,WI-01,C,FAIL,ABNORMAL,ABNORMAL,735.922,1.103,24.588,52.916,89.316,,,,,,,,,,,,,,,,,,,,1,warp_um=52.916,True,True,True
2026-02-04 17:30:00,UNIT03104,LOT021,WAFER3104,PKG03104,3,Back Grinding,ATMP,Wafer Processing,BG-01,B,FAIL,ABNORMAL,ABNORMAL,692.239,,,,,,0.003,,,,,,,,,,,,,,,,,,1,wafer_thickness_um=692.239,True,True,True
2026-02-04 17:14:00,UNIT03103,LOT021,WAFER3103,PKG03103,3,Back Grinding,ATMP,Wafer Processing,BG-01,C,FAIL,ABNORMAL,ABNORMAL,766.749,,,,,,5.056,,,,,,,,,,,,,,,,,,1,thickness_variation_um=5.056,True,True,True
2026-02-04 16:40:00,UNIT03101,LOT021,WAFER3101,PKG03101,1,Wafer Inspection,ATMP,Wafer Metrology,WI-01,B,FAIL,ABNORMAL,ABNORMAL,719.338,5.722,14.684,13.932,112.46,,,,,,,,,,,,,,,,,,,,1,ttv_um=5.722,True,True,True
2026-02-04 15:53:00,UNIT03098,LOT021,WAFER3098,PKG03098,2,Wafer Sort,OSAT,Wafer Test,WS-02,C,FAIL,ABNORMAL,ABNORMAL,,,,,,9.435,,,,,,,,,,,,,,,,,,,1,sort_current_a=9.435,True,True,True
2026-02-04 15:20:00,UNIT03096,LOT021,WAFER3096,PKG03096,1,Wafer Inspection,ATMP,Wafer Metrology,WI-01,A,FAIL,ABNORMAL,ABNORMAL,729.674,-0.206,2.984,26.814,93.964,,,,,,,,,,,,,,,,,,,,1,ttv_um=-0.206,True,True,True
2026-02-04 15:04:00,UNIT03095,LOT021,WAFER3095,PKG03095,1,Wafer Inspection,ATMP,Wafer Metrology,WI-01,B,FAIL,ABNORMAL,ABNORMAL,719.44,0.245,37.269,3.686,127.557,,,,,,,,,,,,,,,,,,,,1,tape_thickness_um=127.557,True,True,True
2026-02-04 14:48:00,UNIT03094,LOT021,WAFER3094,PKG03094,1,Wafer Inspection,ATMP,Wafer Metrology,WI-02,B,FAIL,ABNORMAL,ABNORMAL,702.77,3.971,42.492,-5.845,94.194,,,,,,,,,,,,,,,,,,,,1,warp_um=-5.845,True,True,True
2026-02-04 14:46:00,UNIT03093,LOT021,WAFER3093,PKG03093,15,Final Inspection,ATMP,Final Inspection,FI-01,A,FAIL,ABNORMAL,ABNORMAL,,,,,,,,,,,,,,,,91.175,,9.791,,,,,,,1,package_dimension_mm=9.791,True,True,True
2026-02-04 14:16:00,UNIT03092,LOT021,WAFER3092,PKG03092,1,Wafer Inspection,ATMP,Wafer Metrology,WI-01,B,FAIL,ABNORMAL,ABNORMAL,780.479,2.432,7.924,-2.813,93.247,,,,,,,,,,,,,,,,,,,,1,warp_um=-2.813,True,True,True
2026-02-04 13:44:00,UNIT03090,LOT021,WAFER3090,PKG03090,1,Wafer Inspection,ATMP,Wafer Metrology,WI-02,C,FAIL,ABNORMAL,ABNORMAL,765.156,2.913,38.244,54.156,85.313,,,,,,,,,,,,,,,,,,,,1,warp_um=54.156,True,True,True
2026-02-04 13:12:00,UNIT03088,LOT021,WAFER3088,PKG03088,1,Wafer Inspection,ATMP,Wafer Metrology,WI-02,A,FAIL,ABNORMAL,ABNORMAL,736.016,1.29,11.231,8.988,77.897,,,,,,,,,,,,,,,,,,,,1,tape_thickness_um=77.897,True,True,True
2026-02-04 12:53:00,UNIT03086,LOT021,WAFER3086,PKG03086,14,EOL,OSAT,Final Testing,EOL-02,B,FAIL,ABNORMAL,ABNORMAL,,,,,,,,,,,,,,,,,,,,,,,101.153,,1,eol_temperature_c=101.153,True,True,True
2026-02-04 12:24:00,UNIT03085,LOT021,WAFER3085,PKG03085,1,Wafer Inspection,ATMP,Wafer Metrology,WI-02,C,FAIL,ABNORMAL,ABNORMAL,751.938,2.08,-9.553,43.284,114.622,,,,,,,,,,,,,,,,,,,,1,bow_um=-9.553,True,True,True
2026-02-04 12:10:00,UNIT03084,LOT021,WAFER3084,PKG03084,3,Back Grinding,ATMP,Wafer Processing,BG-01,C,FAIL,ABNORMAL,ABNORMAL,693.957,,,,,,3.068,,,,,,,,,,,,,,,,,,1,wafer_thickness_um=693.957,True,True,True
2026-02-04 11:57:00,UNIT03083,LOT021,WAFER3083,PKG03083,6,Wire Bonding,OSAT/ATMP,Assembly,WB-01,C,FAIL,ABNORMAL,ABNORMAL,,,,,,,,,,,67.271,10.975,,,,,,,,,,,,,1,bond_pull_strength_gf=10.975,True,True,True
2026-02-04 11:36:00,UNIT03082,LOT021,WAFER3082,PKG03082,1,Wafer Inspection,ATMP,Wafer Metrology,WI-02,A,FAIL,ABNORMAL,ABNORMAL,735.389,0.826,5.606,42.971,74.905,,,,,,,,,,,,,,,,,,,,1,tape_thickness_um=74.905,True,True,True
2026-02-04 11:33:00,UNIT03081,LOT021,WAFER3081,PKG03081,14,EOL,OSAT,Final Testing,EOL-02,A,FAIL,ABNORMAL,ABNORMAL,,,,,,,,,,,,,,,,,,,,,,,77.726,,1,eol_temperature_c=77.726,True,True,True
2026-02-04 10:54:00,UNIT03079,LOT021,WAFER3079,PKG03079,7,Encapsulation / Molding,OSAT/ATMP,Packaging,MO-02,B,FAIL,ABNORMAL,ABNORMAL,,,,,,,,,,,,,177.453,109.059,5.516,,,,,,,,,,1,void_percentage=5.516,True,True,True
2026-02-04 10:32:00,UNIT03078,LOT021,WAFER3078,PKG03078,1,Wafer Inspection,ATMP,Wafer Metrology,WI-01,B,FAIL,ABNORMAL,ABNORMAL,764.91,-0.03,0.223,45.119,97.329,,,,,,,,,,,,,,,,,,,,1,ttv_um=-0.03,True,True,True
2026-02-04 09:22:00,UNIT03073,LOT021,WAFER3073,PKG03073,11,Burn-in,OSAT,Testing,BI-01,B,FAIL,ABNORMAL,ABNORMAL,,,,,,,,,,,,,,,,,,,128.875,3.616,,,,,1,burn_in_hours=3.616,True,True,True
2026-02-04 08:56:00,UNIT03072,LOT021,WAFER3072,PKG03072,1,Wafer Inspection,ATMP,Wafer Metrology,WI-02,A,FAIL,ABNORMAL,ABNORMAL,784.481,0.876,30.452,-6.248,89.772,,,,,,,,,,,,,,,,,,,,1,warp_um=-6.248,True,True,True
2026-02-04 08:41:00,UNIT03071,LOT021,WAFER3071,PKG03071,2,Wafer Sort,OSAT,Wafer Test,WS-02,A,FAIL,ABNORMAL,ABNORMAL,,,,,,9.434,,,,,,,,,,,,,,,,,,,1,sort_current_a=9.434,True,True,True
2026-02-04 08:18:00,UNIT03069,LOT021,WAFER3069,PKG03069,11,Burn-in,OSAT,Testing,BI-01,B,FAIL,ABNORMAL,ABNORMAL,,,,,,,,,,,,,,,,,,,119.907,6.489,,,,,1,burn_in_temperature_c=119.907,True,True,True
2026-02-04 07:52:00,UNIT03068,LOT021,WAFER3068,PKG03068,1,Wafer Inspection,ATMP,Wafer Metrology,WI-01,A,FAIL,ABNORMAL,ABNORMAL,728.548,-0.807,2.482,43.794,76.801,,,,,,,,,,,,,,,,,,,,2,ttv_um=-0.807; tape_thickness_um=76.801,True,True,True
2026-02-04 07:20:00,UNIT03066,LOT021,WAFER3066,PKG03066,1,Wafer Inspection,ATMP,Wafer Metrology,WI-02,B,FAIL,ABNORMAL,ABNORMAL,708.142,3.169,8.743,38.144,73.52,,,,,,,,,,,,,,,,,,,,1,tape_thickness_um=73.52,True,True,True
2026-02-04 06:50:00,UNIT03064,LOT021,WAFER3064,PKG03064,3,Back Grinding,ATMP,Wafer Processing,BG-01,C,FAIL,ABNORMAL,ABNORMAL,756.86,,,,,,-0.462,,,,,,,,,,,,,,,,,,1,thickness_variation_um=-0.462,True,True,True
2026-02-04 06:41:00,UNIT03063,LOT021,WAFER3063,PKG03063,10,Package Inspection,OSAT/ATMP,Package Inspection,PI-01,A,FAIL,ABNORMAL,ABNORMAL,,,,,,,,,,,,,,,,,,9.793,,,,,,,1,package_dimension_mm=9.793,True,True,True
2026-02-04 06:13:00,UNIT03061,LOT021,WAFER3061,PKG03061,14,EOL,OSAT,Final Testing,EOL-01,B,FAIL,ABNORMAL,ABNORMAL,,,,,,,,,,,,,,,,,,,,,,,102.999,,1,eol_temperature_c=102.999,True,True,True
2026-02-04 05:44:00,UNIT03060,LOT021,WAFER3060,PKG03060,1,Wafer Inspection,ATMP,Wafer Metrology,WI-02,A,FAIL,ABNORMAL,ABNORMAL,749.447,5.653,14.707,46.212,116.14,,,,,,,,,,,,,,,,,,,,1,ttv_um=5.653,True,True,True
2026-02-04 05:12:00,UNIT03058,LOT021,WAFER3058,PKG03058,1,Wafer Inspection,ATMP,Wafer Metrology,WI-01,C,FAIL,ABNORMAL,ABNORMAL,706.607,4.305,41.143,5.038,72.202,,,,,,,,,,,,,,,,,,,,1,tape_thickness_um=72.202,True,True,True
2026-02-04 04:26:00,UNIT03055,LOT021,WAFER3055,PKG03055,3,Back Grinding,ATMP,Wafer Processing,BG-01,C,FAIL,ABNORMAL,ABNORMAL,699.171,,,,,,1.961,,,,,,,,,,,,,,,,,,1,wafer_thickness_um=699.171,True,True,True
2026-02-04 04:16:00,UNIT03054,LOT021,WAFER3054,PKG03054,9,Singulation,ATMP,Package Processing,SG-02,C,FAIL,ABNORMAL,ABNORMAL,,,,,,,,,,,,,,,,,10.421,,,,,,,,1,singulation_damage_score=10.421,True,True,True
2026-02-04 04:00:00,UNIT03053,LOT021,WAFER3053,PKG03053,9,Singulation,ATMP,Package Processing,SG-02,A,FAIL,ABNORMAL,ABNORMAL,,,,,,,,,,,,,,,,,-1.282,,,,,,,,1,singulation_damage_score=-1.282,True,True,True
2026-02-04 03:32:00,UNIT03051,LOT021,WAFER3051,PKG03051,13,FCT,OSAT,Functional Testing,FCT-02,C,FAIL,ABNORMAL,ABNORMAL,,,,,,,,,,,,,,,,,,,,,,3.041,,,1,fct_voltage_v=3.041,True,True,True
2026-02-04 03:05:00,UNIT03050,LOT021,WAFER3050,PKG03050,2,Wafer Sort,OSAT,Wafer Test,WS-01,A,FAIL,ABNORMAL,ABNORMAL,,,,,,10.56,,,,,,,,,,,,,,,,,,,1,sort_current_a=10.56,True,True,True
2026-02-04 02:58:00,UNIT03049,LOT021,WAFER3049,PKG03049,11,Burn-in,OSAT,Testing,BI-02,C,FAIL,ABNORMAL,ABNORMAL,,,,,,,,,,,,,,,,,,,118.037,7.264,,,,,1,burn_in_temperature_c=118.037,True,True,True
2026-02-04 02:42:00,UNIT03048,LOT021,WAFER3048,PKG03048,11,Burn-in,OSAT,Testing,BI-01,B,FAIL,ABNORMAL,ABNORMAL,,,,,,,,,,,,,,,,,,,126.246,3.756,,,,,1,burn_in_hours=3.756,True,True,True
2026-02-04 02:20:00,UNIT03047,LOT021,WAFER3047,PKG03047,5,Die Attach,OSAT/ATMP,Assembly,DA-01,B,FAIL,ABNORMAL,ABNORMAL,,,,,,,,,7.854,7.867,,,,,,,,,,,,,,,1,attach_force_n=7.854,True,True,True
2026-02-04 02:05:00,UNIT03046,LOT021,WAFER3046,PKG03046,6,Wire Bonding,OSAT/ATMP,Assembly,WB-01,A,FAIL,ABNORMAL,ABNORMAL,,,,,,,,,,,68.926,4.192,,,,,,,,,,,,,1,bond_pull_strength_gf=4.192,True,True,True
2026-02-04 01:53:00,UNIT03045,LOT021,WAFER3045,PKG03045,10,Package Inspection,OSAT/ATMP,Package Inspection,PI-01,C,FAIL,ABNORMAL,ABNORMAL,,,,,,,,,,,,,,,,,,9.778,,,,,,,1,package_dimension_mm=9.778,True,True,True
2026-02-04 01:13:00,UNIT03043,LOT021,WAFER3043,PKG03043,2,Wafer Sort,OSAT,Wafer Test,WS-02,C,FAIL,ABNORMAL,ABNORMAL,,,,,,9.474,,,,,,,,,,,,,,,,,,,1,sort_current_a=9.474,True,True,True
2026-02-04 01:06:00,UNIT03042,LOT021,WAFER3042,PKG03042,11,Burn-in,OSAT,Testing,BI-02,A,FAIL,ABNORMAL,ABNORMAL,,,,,,,,,,,,,,,,,,,119.552,5.914,,,,,1,burn_in_temperature_c=119.552,True,True,True
2026-02-04 00:46:00,UNIT03041,LOT021,WAFER3041,PKG03041,7,Encapsulation / Molding,OSAT/ATMP,Packaging,MO-01,B,FAIL,ABNORMAL,ABNORMAL,,,,,,,,,,,,,180.213,141.508,0.776,,,,,,,,,,1,mold_cure_time_s=141.508,True,True,True
2026-02-04 00:14:00,UNIT03039,LOT021,WAFER3039,PKG03039,7,Encapsulation / Molding,OSAT/ATMP,Packaging,MO-01,C,FAIL,ABNORMAL,ABNORMAL,,,,,,,,,,,,,169.218,112.152,0.586,,,,,,,,,,1,mold_temperature_c=169.218,True,True,True
2026-02-03 22:46:00,UNIT03033,LOT021,WAFER3033,PKG03033,15,Final Inspection,ATMP,Final Inspection,FI-01,C,FAIL,ABNORMAL,ABNORMAL,,,,,,,,,,,,,,,,96.464,,9.735,,,,,,,1,package_dimension_mm=9.735,True,True,True
2026-02-03 22:17:00,UNIT03032,LOT021,WAFER3032,PKG03032,2,Wafer Sort,OSAT,Wafer Test,WS-02,B,FAIL,ABNORMAL,ABNORMAL,,,,,,10.63,,,,,,,,,,,,,,,,,,,1,sort_current_a=10.63,True,True,True
2026-02-03 22:00:00,UNIT03031,LOT021,WAFER3031,PKG03031,1,Wafer Inspection,ATMP,Wafer Metrology,WI-02,B,FAIL,ABNORMAL,ABNORMAL,749.617,5.071,-4.7,1.206,93.936,,,,,,,,,,,,,,,,,,,,2,ttv_um=5.071; bow_um=-4.7,True,True,True
2026-02-03 21:28:00,UNIT03029,LOT021,WAFER3029,PKG03029,1,Wafer Inspection,ATMP,Wafer Metrology,WI-01,A,FAIL,ABNORMAL,ABNORMAL,725.257,3.586,-6.241,34.374,100.564,,,,,,,,,,,,,,,,,,,,1,bow_um=-6.241,True,True,True
2026-02-03 21:14:00,UNIT03028,LOT021,WAFER3028,PKG03028,3,Back Grinding,ATMP,Wafer Processing,BG-01,A,FAIL,ABNORMAL,ABNORMAL,686.889,,,,,,0.914,,,,,,,,,,,,,,,,,,1,wafer_thickness_um=686.889,True,True,True
2026-02-03 20:40:00,UNIT03026,LOT021,WAFER3026,PKG03026,1,Wafer Inspection,ATMP,Wafer Metrology,WI-02,A,FAIL,ABNORMAL,ABNORMAL,712.157,1.053,59.703,44.37,89.409,,,,,,,,,,,,,,,,,,,,1,bow_um=59.703,True,True,True
2026-02-03 20:24:00,UNIT03025,LOT021,WAFER3025,PKG03025,1,Wafer Inspection,ATMP,Wafer Metrology,WI-02,C,FAIL,ABNORMAL,ABNORMAL,741.775,3.22,45.951,31.027,126.854,,,,,,,,,,,,,,,,,,,,1,tape_thickness_um=126.854,True,True,True
2026-02-03 20:20:00,UNIT03024,LOT021,WAFER3024,PKG03024,13,FCT,OSAT,Functional Testing,FCT-02,B,FAIL,ABNORMAL,ABNORMAL,,,,,,,,,,,,,,,,,,,,,,3.024,,,1,fct_voltage_v=3.024,True,True,True
2026-02-03 19:52:00,UNIT03023,LOT021,WAFER3023,PKG03023,1,Wafer Inspection,ATMP,Wafer Metrology,WI-02,B,FAIL,ABNORMAL,ABNORMAL,780.077,-0.187,7.574,8.07,91.818,,,,,,,,,,,,,,,,,,,,1,ttv_um=-0.187,True,True,True
2026-02-03 19:36:00,UNIT03022,LOT021,WAFER3022,PKG03022,1,Wafer Inspection,ATMP,Wafer Metrology,WI-01,A,FAIL,ABNORMAL,ABNORMAL,707.462,5.0,34.56,44.324,73.151,,,,,,,,,,,,,,,,,,,,1,tape_thickness_um=73.151,True,True,True
2026-02-03 19:20:00,UNIT03021,LOT021,WAFER3021,PKG03021,1,Wafer Inspection,ATMP,Wafer Metrology,WI-02,C,FAIL,ABNORMAL,ABNORMAL,729.263,5.28,36.213,46.033,89.231,,,,,,,,,,,,,,,,,,,,1,ttv_um=5.28,True,True,True
2026-02-03 19:14:00,UNIT03020,LOT021,WAFER3020,PKG03020,11,Burn-in,OSAT,Testing,BI-01,B,FAIL,ABNORMAL,ABNORMAL,,,,,,,,,,,,,,,,,,,124.385,8.064,,,,,1,burn_in_hours=8.064,True,True,True
2026-02-03 18:48:00,UNIT03019,LOT021,WAFER3019,PKG03019,1,Wafer Inspection,ATMP,Wafer Metrology,WI-01,C,FAIL,ABNORMAL,ABNORMAL,708.307,3.631,42.193,54.058,94.273,,,,,,,,,,,,,,,,,,,,1,warp_um=54.058,True,True,True
2026-02-03 18:32:00,UNIT03018,LOT021,WAFER3018,PKG03018,1,Wafer Inspection,ATMP,Wafer Metrology,WI-02,C,FAIL,ABNORMAL,ABNORMAL,812.978,3.198,58.93,11.668,94.738,,,,,,,,,,,,,,,,,,,,2,wafer_thickness_um=812.978; bow_um=58.93,True,True,True
2026-02-03 17:53:00,UNIT03015,LOT021,WAFER3015,PKG03015,10,Package Inspection,OSAT/ATMP,Package Inspection,PI-02,A,FAIL,ABNORMAL,ABNORMAL,,,,,,,,,,,,,,,,,,9.77,,,,,,,1,package_dimension_mm=9.77,True,True,True
2026-02-03 17:28:00,UNIT03014,LOT021,WAFER3014,PKG03014,1,Wafer Inspection,ATMP,Wafer Metrology,WI-01,B,FAIL,ABNORMAL,ABNORMAL,764.524,0.267,15.7,-1.138,103.849,,,,,,,,,,,,,,,,,,,,1,warp_um=-1.138,True,True,True
2026-02-03 17:26:00,UNIT03013,LOT021,WAFER3013,PKG03013,15,Final Inspection,ATMP,Final Inspection,FI-01,B,FAIL,ABNORMAL,ABNORMAL,,,,,,,,,,,,,,,,88.172,,10.196,,,,,,,1,marking_quality_score=88.172,True,True,True
2026-02-03 16:56:00,UNIT03012,LOT021,WAFER3012,PKG03012,1,Wafer Inspection,ATMP,Wafer Metrology,WI-02,B,FAIL,ABNORMAL,ABNORMAL,747.523,4.968,51.49,28.712,93.771,,,,,,,,,,,,,,,,,,,,1,bow_um=51.49,True,True,True
2026-02-03 16:46:00,UNIT03011,LOT021,WAFER3011,PKG03011,7,Encapsulation / Molding,OSAT/ATMP,Packaging,MO-01,C,FAIL,ABNORMAL,ABNORMAL,,,,,,,,,,,,,187.747,135.605,5.128,,,,,,,,,,1,void_percentage=5.128,True,True,True
2026-02-03 16:37:00,UNIT03010,LOT021,WAFER3010,PKG03010,14,EOL,OSAT,Final Testing,EOL-02,A,FAIL,ABNORMAL,ABNORMAL,,,,,,,,,,,,,,,,,,,,,,,76.959,,1,eol_temperature_c=76.959,True,True,True
2026-02-03 16:14:00,UNIT03009,LOT021,WAFER3009,PKG03009,7,Encapsulation / Molding,OSAT/ATMP,Packaging,MO-02,C,FAIL,ABNORMAL,ABNORMAL,,,,,,,,,,,,,166.925,113.374,1.206,,,,,,,,,,1,mold_temperature_c=166.925,True,True,True
2026-02-03 15:56:00,UNIT03008,LOT021,WAFER3008,PKG03008,5,Die Attach,OSAT/ATMP,Assembly,DA-01,C,FAIL,ABNORMAL,ABNORMAL,,,,,,,,,12.472,40.27,,,,,,,,,,,,,,,1,attach_force_n=12.472,True,True,True
2026-02-03 15:40:00,UNIT03007,LOT021,WAFER3007,PKG03007,5,Die Attach,OSAT/ATMP,Assembly,DA-02,C,FAIL,ABNORMAL,ABNORMAL,,,,,,,,,7.467,31.258,,,,,,,,,,,,,,,1,attach_force_n=7.467,True,True,True
2026-02-03 15:26:00,UNIT03006,LOT021,WAFER3006,PKG03006,7,Encapsulation / Molding,OSAT/ATMP,Packaging,MO-01,A,FAIL,ABNORMAL,ABNORMAL,,,,,,,,,,,,,183.088,114.499,5.491,,,,,,,,,,1,void_percentage=5.491,True,True,True
2026-02-03 15:08:00,UNIT03005,LOT021,WAFER3005,PKG03005,5,Die Attach,OSAT/ATMP,Assembly,DA-02,B,FAIL,ABNORMAL,ABNORMAL,,,,,,,,,8.236,58.484,,,,,,,,,,,,,,,1,attach_offset_um=58.484,True,True,True
2026-02-03 14:49:00,UNIT03004,LOT021,WAFER3004,PKG03004,2,Wafer Sort,OSAT,Wafer Test,WS-01,B,FAIL,ABNORMAL,ABNORMAL,,,,,,10.639,,,,,,,,,,,,,,,,,,,1,sort_current_a=10.639,True,True,True
2026-02-03 14:17:00,UNIT03002,LOT021,WAFER3002,PKG03002,2,Wafer Sort,OSAT,Wafer Test,WS-01,C,FAIL,ABNORMAL,ABNORMAL,,,,,,9.387,,,,,,,,,,,,,,,,,,,1,sort_current_a=9.387,True,True,True
2026-02-03 13:42:00,UNIT02999,LOT020,WAFER2999,PKG02999,15,Final Inspection,ATMP,Final Inspection,FI-02,C,FAIL,ABNORMAL,ABNORMAL,,,,,,,,,,,,,,,,101.64,,10.199,,,,,,,1,marking_quality_score=101.64,True,True,True
2026-02-03 13:01:00,UNIT02997,LOT020,WAFER2997,PKG02997,6,Wire Bonding,OSAT/ATMP,Assembly,WB-01,B,FAIL,ABNORMAL,ABNORMAL,,,,,,,,,,,59.882,8.286,,,,,,,,,,,,,1,wire_bond_force_n=59.882,True,True,True
2026-02-03 12:41:00,UNIT02996,LOT020,WAFER2996,PKG02996,2,Wafer Sort,OSAT,Wafer Test,WS-01,C,FAIL,ABNORMAL,ABNORMAL,,,,,,10.505,,,,,,,,,,,,,,,,,,,1,sort_current_a=10.505,True,True,True
2026-02-03 12:30:00,UNIT02995,LOT020,WAFER2995,PKG02995,7,Encapsulation / Molding,OSAT/ATMP,Packaging,MO-02,C,FAIL,ABNORMAL,ABNORMAL,,,,,,,,,,,,,170.873,131.865,5.564,,,,,,,,,,1,void_percentage=5.564,True,True,True
2026-02-03 12:08:00,UNIT02994,LOT020,WAFER2994,PKG02994,1,Wafer Inspection,ATMP,Wafer Metrology,WI-01,A,FAIL,ABNORMAL,ABNORMAL,751.864,3.712,50.476,50.545,88.467,,,,,,,,,,,,,,,,,,,,2,bow_um=50.476; warp_um=50.545,True,True,True
2026-02-03 11:57:00,UNIT02993,LOT020,WAFER2993,PKG02993,6,Wire Bonding,OSAT/ATMP,Assembly,WB-01,B,FAIL,ABNORMAL,ABNORMAL,,,,,,,,,,,71.805,6.903,,,,,,,,,,,,,1,wire_bond_force_n=71.805,True,True,True
2026-02-03 11:38:00,UNIT02992,LOT020,WAFER2992,PKG02992,3,Back Grinding,ATMP,Wafer Processing,BG-01,A,FAIL,ABNORMAL,ABNORMAL,805.503,,,,,,3.73,,,,,,,,,,,,,,,,,,1,wafer_thickness_um=805.503,True,True,True
2026-02-03 11:34:00,UNIT02991,LOT020,WAFER2991,PKG02991,15,Final Inspection,ATMP,Final Inspection,FI-02,C,FAIL,ABNORMAL,ABNORMAL,,,,,,,,,,,,,,,,91.915,,10.237,,,,,,,1,package_dimension_mm=10.237,True,True,True
2026-02-03 10:48:00,UNIT02989,LOT020,WAFER2989,PKG02989,1,Wafer Inspection,ATMP,Wafer Metrology,WI-02,A,FAIL,ABNORMAL,ABNORMAL,708.439,-0.289,59.262,38.175,87.667,,,,,,,,,,,,,,,,,,,,2,ttv_um=-0.289; bow_um=59.262,True,True,True
2026-02-03 10:38:00,UNIT02988,LOT020,WAFER2988,PKG02988,7,Encapsulation / Molding,OSAT/ATMP,Packaging,MO-01,C,FAIL,ABNORMAL,ABNORMAL,,,,,,,,,,,,,176.258,117.255,-0.31,,,,,,,,,,1,void_percentage=-0.31,True,True,True
2026-02-03 10:16:00,UNIT02987,LOT020,WAFER2987,PKG02987,1,Wafer Inspection,ATMP,Wafer Metrology,WI-02,A,FAIL,ABNORMAL,ABNORMAL,756.628,0.933,7.334,31.565,122.044,,,,,,,,,,,,,,,,,,,,1,tape_thickness_um=122.044,True,True,True
2026-02-03 10:09:00,UNIT02986,LOT020,WAFER2986,PKG02986,10,Package Inspection,OSAT/ATMP,Package Inspection,PI-01,C,FAIL,ABNORMAL,ABNORMAL,,,,,,,,,,,,,,,,,,9.758,,,,,,,1,package_dimension_mm=9.758,True,True,True
2026-02-03 09:44:00,UNIT02985,LOT020,WAFER2985,PKG02985,1,Wafer Inspection,ATMP,Wafer Metrology,WI-02,B,FAIL,ABNORMAL,ABNORMAL,742.509,0.132,44.166,11.985,124.394,,,,,,,,,,,,,,,,,,,,1,tape_thickness_um=124.394,True,True,True
2026-02-03 09:30:00,UNIT02984,LOT020,WAFER2984,PKG02984,3,Back Grinding,ATMP,Wafer Processing,BG-02,A,FAIL,ABNORMAL,ABNORMAL,805.395,,,,,,0.651,,,,,,,,,,,,,,,,,,1,wafer_thickness_um=805.395,True,True,True
2026-02-03 09:12:00,UNIT02983,LOT020,WAFER2983,PKG02983,1,Wafer Inspection,ATMP,Wafer Metrology,WI-02,B,FAIL,ABNORMAL,ABNORMAL,740.92,0.387,-8.892,10.828,101.939,,,,,,,,,,,,,,,,,,,,1,bow_um=-8.892,True,True,True
2026-02-03 09:01:00,UNIT02982,LOT020,WAFER2982,PKG02982,6,Wire Bonding,OSAT/ATMP,Assembly,WB-02,C,FAIL,ABNORMAL,ABNORMAL,,,,,,,,,,,69.77,4.29,,,,,,,,,,,,,1,bond_pull_strength_gf=4.29,True,True,True
2026-02-03 08:40:00,UNIT02981,LOT020,WAFER2981,PKG02981,1,Wafer Inspection,ATMP,Wafer Metrology,WI-02,C,FAIL,ABNORMAL,ABNORMAL,698.631,4.87,15.602,32.225,89.652,,,,,,,,,,,,,,,,,,,,1,wafer_thickness_um=698.631,True,True,True
2026-02-03 08:29:00,UNIT02980,LOT020,WAFER2980,PKG02980,6,Wire Bonding,OSAT/ATMP,Assembly,WB-02,A,FAIL,ABNORMAL,ABNORMAL,,,,,,,,,,,62.115,4.337,,,,,,,,,,,,,1,bond_pull_strength_gf=4.337,True,True,True
2026-02-03 07:58:00,UNIT02978,LOT020,WAFER2978,PKG02978,7,Encapsulation / Molding,OSAT/ATMP,Packaging,MO-02,B,FAIL,ABNORMAL,ABNORMAL,,,,,,,,,,,,,186.847,114.738,-0.654,,,,,,,,,,1,void_percentage=-0.654,True,True,True
2026-02-03 07:26:00,UNIT02976,LOT020,WAFER2976,PKG02976,7,Encapsulation / Molding,OSAT/ATMP,Packaging,MO-01,B,FAIL,ABNORMAL,ABNORMAL,,,,,,,,,,,,,185.105,98.762,4.825,,,,,,,,,,1,mold_cure_time_s=98.762,True,True,True
2026-02-03 07:14:00,UNIT02975,LOT020,WAFER2975,PKG02975,11,Burn-in,OSAT,Testing,BI-01,A,FAIL,ABNORMAL,ABNORMAL,,,,,,,,,,,,,,,,,,,128.347,8.22,,,,,1,burn_in_hours=8.22,True,True,True
2026-02-03 06:48:00,UNIT02974,LOT020,WAFER2974,PKG02974,1,Wafer Inspection,ATMP,Wafer Metrology,WI-01,B,FAIL,ABNORMAL,ABNORMAL,741.834,3.097,-2.037,31.41,83.817,,,,,,,,,,,,,,,,,,,,1,bow_um=-2.037,True,True,True
2026-02-03 06:34:00,UNIT02973,LOT020,WAFER2973,PKG02973,3,Back Grinding,ATMP,Wafer Processing,BG-01,B,FAIL,ABNORMAL,ABNORMAL,784.348,,,,,,-0.799,,,,,,,,,,,,,,,,,,1,thickness_variation_um=-0.799,True,True,True
2026-02-03 06:20:00,UNIT02972,LOT020,WAFER2972,PKG02972,5,Die Attach,OSAT/ATMP,Assembly,DA-02,C,FAIL,ABNORMAL,ABNORMAL,,,,,,,,,7.522,5.459,,,,,,,,,,,,,,,1,attach_force_n=7.522,True,True,True
2026-02-03 05:52:00,UNIT02970,LOT020,WAFER2970,PKG02970,9,Singulation,ATMP,Package Processing,SG-02,B,FAIL,ABNORMAL,ABNORMAL,,,,,,,,,,,,,,,,,-0.553,,,,,,,,1,singulation_damage_score=-0.553,True,True,True
2026-02-03 05:33:00,UNIT02969,LOT020,WAFER2969,PKG02969,6,Wire Bonding,OSAT/ATMP,Assembly,WB-02,B,FAIL,ABNORMAL,ABNORMAL,,,,,,,,,,,60.035,10.857,,,,,,,,,,,,,1,bond_pull_strength_gf=10.857,True,True,True
2026-02-03 04:56:00,UNIT02967,LOT020,WAFER2967,PKG02967,1,Wafer Inspection,ATMP,Wafer Metrology,WI-01,A,FAIL,ABNORMAL,ABNORMAL,748.791,1.408,-4.916,7.536,106.857,,,,,,,,,,,,,,,,,,,,1,bow_um=-4.916,True,True,True
2026-02-03 04:45:00,UNIT02966,LOT020,WAFER2966,PKG02966,6,Wire Bonding,OSAT/ATMP,Assembly,WB-02,C,FAIL,ABNORMAL,ABNORMAL,,,,,,,,,,,69.661,4.441,,,,,,,,,,,,,1,bond_pull_strength_gf=4.441,True,True,True
2026-02-03 04:24:00,UNIT02965,LOT020,WAFER2965,PKG02965,1,Wafer Inspection,ATMP,Wafer Metrology,WI-01,B,FAIL,ABNORMAL,ABNORMAL,699.356,3.472,2.331,16.525,102.544,,,,,,,,,,,,,,,,,,,,1,wafer_thickness_um=699.356,True,True,True
2026-02-03 04:19:00,UNIT02964,LOT020,WAFER2964,PKG02964,12,ICT,OSAT,Electrical Testing,ICT-01,C,FAIL,ABNORMAL,ABNORMAL,,,,,,,,,,,,,,,,,,,,,10.581,,,,1,ict_current_a=10.581,True,True,True
2026-02-03 03:58:00,UNIT02963,LOT020,WAFER2963,PKG02963,7,Encapsulation / Molding,OSAT/ATMP,Packaging,MO-01,A,FAIL,ABNORMAL,ABNORMAL,,,,,,,,,,,,,184.276,140.693,3.592,,,,,,,,,,1,mold_cure_time_s=140.693,True,True,True
2026-02-03 03:38:00,UNIT02962,LOT020,WAFER2962,PKG02962,3,Back Grinding,ATMP,Wafer Processing,BG-02,C,FAIL,ABNORMAL,ABNORMAL,683.315,,,,,,2.794,,,,,,,,,,,,,,,,,,1,wafer_thickness_um=683.315,True,True,True
2026-02-03 03:01:00,UNIT02959,LOT020,WAFER2959,PKG02959,14,EOL,OSAT,Final Testing,EOL-01,C,FAIL,ABNORMAL,ABNORMAL,,,,,,,,,,,,,,,,,,,,,,,103.198,,1,eol_temperature_c=103.198,True,True,True
2026-02-03 02:41:00,UNIT02958,LOT020,WAFER2958,PKG02958,10,Package Inspection,OSAT/ATMP,Package Inspection,PI-01,A,FAIL,ABNORMAL,ABNORMAL,,,,,,,,,,,,,,,,,,9.732,,,,,,,1,package_dimension_mm=9.732,True,True,True
2026-02-03 02:10:00,UNIT02956,LOT020,WAFER2956,PKG02956,11,Burn-in,OSAT,Testing,BI-01,C,FAIL,ABNORMAL,ABNORMAL,,,,,,,,,,,,,,,,,,,120.632,3.899,,,,,1,burn_in_hours=3.899,True,True,True
2026-02-03 01:52:00,UNIT02955,LOT020,WAFER2955,PKG02955,9,Singulation,ATMP,Package Processing,SG-02,B,FAIL,ABNORMAL,ABNORMAL,,,,,,,,,,,,,,,,,10.655,,,,,,,,1,singulation_damage_score=10.655,True,True,True
2026-02-03 01:33:00,UNIT02954,LOT020,WAFER2954,PKG02954,6,Wire Bonding,OSAT/ATMP,Assembly,WB-02,C,FAIL,ABNORMAL,ABNORMAL,,,,,,,,,,,61.577,4.453,,,,,,,,,,,,,1,bond_pull_strength_gf=4.453,True,True,True
2026-02-03 01:00:00,UNIT02952,LOT020,WAFER2952,PKG02952,5,Die Attach,OSAT/ATMP,Assembly,DA-01,C,FAIL,ABNORMAL,ABNORMAL,,,,,,,,,7.652,32.042,,,,,,,,,,,,,,,1,attach_force_n=7.652,True,True,True
2026-02-03 00:49:00,UNIT02951,LOT020,WAFER2951,PKG02951,10,Package Inspection,OSAT/ATMP,Package Inspection,PI-01,A,FAIL,ABNORMAL,ABNORMAL,,,,,,,,,,,,,,,,,,9.773,,,,,,,1,package_dimension_mm=9.773,True,True,True
2026-02-03 00:10:00,UNIT02949,LOT020,WAFER2949,PKG02949,3,Back Grinding,ATMP,Wafer Processing,BG-02,C,FAIL,ABNORMAL,ABNORMAL,763.756,,,,,,-0.055,,,,,,,,,,,,,,,,,,1,thickness_variation_um=-0.055,True,True,True
2026-02-03 00:00:00,UNIT02948,LOT020,WAFER2948,PKG02948,9,Singulation,ATMP,Package Processing,SG-01,A,FAIL,ABNORMAL,ABNORMAL,,,,,,,,,,,,,,,,,-1.906,,,,,,,,1,singulation_damage_score=-1.906,True,True,True
2026-02-02 23:23:00,UNIT02946,LOT020,WAFER2946,PKG02946,4,Wafer Dicing,ATMP,Wafer Processing,WD-02,B,FAIL,ABNORMAL,ABNORMAL,,,,,,,,56.101,,,,,,,,,,,,,,,,,1,kerf_width_um=56.101,True,True,True
2026-02-02 22:59:00,UNIT02944,LOT020,WAFER2944,PKG02944,12,ICT,OSAT,Electrical Testing,ICT-01,A,FAIL,ABNORMAL,ABNORMAL,,,,,,,,,,,,,,,,,,,,,9.459,,,,1,ict_current_a=9.459,True,True,True
2026-02-02 22:32:00,UNIT02943,LOT020,WAFER2943,PKG02943,1,Wafer Inspection,ATMP,Wafer Metrology,WI-01,A,FAIL,ABNORMAL,ABNORMAL,762.604,5.585,32.63,38.739,109.934,,,,,,,,,,,,,,,,,,,,1,ttv_um=5.585,True,True,True
2026-02-02 22:26:00,UNIT02942,LOT020,WAFER2942,PKG02942,11,Burn-in,OSAT,Testing,BI-01,A,FAIL,ABNORMAL,ABNORMAL,,,,,,,,,,,,,,,,,,,122.85,8.585,,,,,1,burn_in_hours=8.585,True,True,True
2026-02-02 22:07:00,UNIT02941,LOT020,WAFER2941,PKG02941,8,Marking,ATMP,Package Marking,MK-02,C,FAIL,ABNORMAL,ABNORMAL,,,,,,,,,,,,,,,,100.108,,,,,,,,,1,marking_quality_score=100.108,True,True,True
2026-02-02 21:51:00,UNIT02940,LOT020,WAFER2940,PKG02940,8,Marking,ATMP,Package Marking,MK-01,B,FAIL,ABNORMAL,ABNORMAL,,,,,,,,,,,,,,,,101.644,,,,,,,,,1,marking_quality_score=101.644,True,True,True
2026-02-02 21:38:00,UNIT02939,LOT020,WAFER2939,PKG02939,11,Burn-in,OSAT,Testing,BI-01,A,FAIL,ABNORMAL,ABNORMAL,,,,,,,,,,,,,,,,,,,124.764,3.869,,,,,1,burn_in_hours=3.869,True,True,True
2026-02-02 21:21:00,UNIT02938,LOT020,WAFER2938,PKG02938,10,Package Inspection,OSAT/ATMP,Package Inspection,PI-02,A,FAIL,ABNORMAL,ABNORMAL,,,,,,,,,,,,,,,,,,9.774,,,,,,,1,package_dimension_mm=9.774,True,True,True
2026-02-02 20:40:00,UNIT02936,LOT020,WAFER2936,PKG02936,1,Wafer Inspection,ATMP,Wafer Metrology,WI-01,A,FAIL,ABNORMAL,ABNORMAL,812.783,4.599,45.561,-9.366,118.2,,,,,,,,,,,,,,,,,,,,2,wafer_thickness_um=812.783; warp_um=-9.366,True,True,True
2026-02-02 20:28:00,UNIT02935,LOT020,WAFER2935,PKG02935,5,Die Attach,OSAT/ATMP,Assembly,DA-01,C,FAIL,ABNORMAL,ABNORMAL,,,,,,,,,9.197,-0.948,,,,,,,,,,,,,,,1,attach_offset_um=-0.948,True,True,True
2026-02-02 19:20:00,UNIT02931,LOT020,WAFER2931,PKG02931,1,Wafer Inspection,ATMP,Wafer Metrology,WI-02,C,FAIL,ABNORMAL,ABNORMAL,782.947,-0.915,22.081,51.626,104.438,,,,,,,,,,,,,,,,,,,,2,ttv_um=-0.915; warp_um=51.626,True,True,True
2026-02-02 19:06:00,UNIT02930,LOT020,WAFER2930,PKG02930,3,Back Grinding,ATMP,Wafer Processing,BG-02,A,FAIL,ABNORMAL,ABNORMAL,800.314,,,,,,3.446,,,,,,,,,,,,,,,,,,1,wafer_thickness_um=800.314,True,True,True
2026-02-02 18:55:00,UNIT02929,LOT020,WAFER2929,PKG02929,8,Marking,ATMP,Package Marking,MK-01,B,FAIL,ABNORMAL,ABNORMAL,,,,,,,,,,,,,,,,100.911,,,,,,,,,1,marking_quality_score=100.911,True,True,True
2026-02-02 18:37:00,UNIT02928,LOT020,WAFER2928,PKG02928,6,Wire Bonding,OSAT/ATMP,Assembly,WB-01,A,FAIL,ABNORMAL,ABNORMAL,,,,,,,,,,,70.181,9.635,,,,,,,,,,,,,1,wire_bond_force_n=70.181,True,True,True
2026-02-02 18:21:00,UNIT02927,LOT020,WAFER2927,PKG02927,6,Wire Bonding,OSAT/ATMP,Assembly,WB-01,A,FAIL,ABNORMAL,ABNORMAL,,,,,,,,,,,71.363,9.918,,,,,,,,,,,,,1,wire_bond_force_n=71.363,True,True,True
2026-02-02 18:00:00,UNIT02926,LOT020,WAFER2926,PKG02926,1,Wafer Inspection,ATMP,Wafer Metrology,WI-01,B,FAIL,ABNORMAL,ABNORMAL,777.447,3.635,44.856,57.528,105.075,,,,,,,,,,,,,,,,,,,,1,warp_um=57.528,True,True,True
2026-02-02 17:28:00,UNIT02924,LOT020,WAFER2924,PKG02924,1,Wafer Inspection,ATMP,Wafer Metrology,WI-02,B,FAIL,ABNORMAL,ABNORMAL,777.362,1.353,40.591,17.393,122.499,,,,,,,,,,,,,,,,,,,,1,tape_thickness_um=122.499,True,True,True
2026-02-02 16:56:00,UNIT02922,LOT020,WAFER2922,PKG02922,1,Wafer Inspection,ATMP,Wafer Metrology,WI-01,C,FAIL,ABNORMAL,ABNORMAL,815.874,0.627,38.673,29.08,98.764,,,,,,,,,,,,,,,,,,,,1,wafer_thickness_um=815.874,True,True,True
2026-02-02 16:40:00,UNIT02921,LOT020,WAFER2921,PKG02921,1,Wafer Inspection,ATMP,Wafer Metrology,WI-01,C,FAIL,ABNORMAL,ABNORMAL,801.842,1.141,27.681,37.689,115.117,,,,,,,,,,,,,,,,,,,,1,wafer_thickness_um=801.842,True,True,True
2026-02-02 16:26:00,UNIT02920,LOT020,WAFER2920,PKG02920,3,Back Grinding,ATMP,Wafer Processing,BG-02,B,FAIL,ABNORMAL,ABNORMAL,745.738,,,,,,5.293,,,,,,,,,,,,,,,,,,1,thickness_variation_um=5.293,True,True,True
2026-02-02 16:18:00,UNIT02919,LOT020,WAFER2919,PKG02919,11,Burn-in,OSAT,Testing,BI-02,A,FAIL,ABNORMAL,ABNORMAL,,,,,,,,,,,,,,,,,,,124.721,8.189,,,,,1,burn_in_hours=8.189,True,True,True
2026-02-02 16:01:00,UNIT02918,LOT020,WAFER2918,PKG02918,10,Package Inspection,OSAT/ATMP,Package Inspection,PI-02,C,FAIL,ABNORMAL,ABNORMAL,,,,,,,,,,,,,,,,,,9.772,,,,,,,1,package_dimension_mm=9.772,True,True,True
2026-02-02 15:38:00,UNIT02917,LOT020,WAFER2917,PKG02917,3,Back Grinding,ATMP,Wafer Processing,BG-02,C,FAIL,ABNORMAL,ABNORMAL,724.616,,,,,,5.754,,,,,,,,,,,,,,,,,,1,thickness_variation_um=5.754,True,True,True
2026-02-02 15:26:00,UNIT02916,LOT020,WAFER2916,PKG02916,7,Encapsulation / Molding,OSAT/ATMP,Packaging,MO-02,A,FAIL,ABNORMAL,ABNORMAL,,,,,,,,,,,,,172.572,132.919,5.625,,,,,,,,,,1,void_percentage=5.625,True,True,True
2026-02-02 15:14:00,UNIT02915,LOT020,WAFER2915,PKG02915,11,Burn-in,OSAT,Testing,BI-01,B,FAIL,ABNORMAL,ABNORMAL,,,,,,,,,,,,,,,,,,,131.72,6.155,,,,,1,burn_in_temperature_c=131.72,True,True,True
2026-02-02 14:48:00,UNIT02914,LOT020,WAFER2914,PKG02914,1,Wafer Inspection,ATMP,Wafer Metrology,WI-02,A,FAIL,ABNORMAL,ABNORMAL,797.196,2.077,54.17,45.524,101.538,,,,,,,,,,,,,,,,,,,,1,bow_um=54.17,True,True,True
2026-02-02 14:38:00,UNIT02913,LOT020,WAFER2913,PKG02913,7,Encapsulation / Molding,OSAT/ATMP,Packaging,MO-01,C,FAIL,ABNORMAL,ABNORMAL,,,,,,,,,,,,,168.759,127.807,2.911,,,,,,,,,,1,mold_temperature_c=168.759,True,True,True
2026-02-02 14:00:00,UNIT02911,LOT020,WAFER2911,PKG02911,1,Wafer Inspection,ATMP,Wafer Metrology,WI-01,C,FAIL,ABNORMAL,ABNORMAL,799.388,0.344,58.672,21.386,98.205,,,,,,,,,,,,,,,,,,,,1,bow_um=58.672,True,True,True
2026-02-02 13:44:00,UNIT02910,LOT020,WAFER2910,PKG02910,1,Wafer Inspection,ATMP,Wafer Metrology,WI-02,B,FAIL,ABNORMAL,ABNORMAL,719.268,3.857,58.895,40.546,102.53,,,,,,,,,,,,,,,,,,,,1,bow_um=58.895,True,True,True
2026-02-02 13:38:00,UNIT02909,LOT020,WAFER2909,PKG02909,11,Burn-in,OSAT,Testing,BI-01,A,FAIL,ABNORMAL,ABNORMAL,,,,,,,,,,,,,,,,,,,121.768,3.295,,,,,1,burn_in_hours=3.295,True,True,True
2026-02-02 12:57:00,UNIT02907,LOT020,WAFER2907,PKG02907,2,Wafer Sort,OSAT,Wafer Test,WS-02,C,FAIL,ABNORMAL,ABNORMAL,,,,,,10.687,,,,,,,,,,,,,,,,,,,1,sort_current_a=10.687,True,True,True
2026-02-02 12:22:00,UNIT02904,LOT020,WAFER2904,PKG02904,15,Final Inspection,ATMP,Final Inspection,FI-01,A,FAIL,ABNORMAL,ABNORMAL,,,,,,,,,,,,,,,,99.769,,9.787,,,,,,,1,package_dimension_mm=9.787,True,True,True
2026-02-02 11:36:00,UNIT02902,LOT020,WAFER2902,PKG02902,1,Wafer Inspection,ATMP,Wafer Metrology,WI-02,B,FAIL,ABNORMAL,ABNORMAL,814.061,2.686,28.629,49.705,86.101,,,,,,,,,,,,,,,,,,,,1,wafer_thickness_um=814.061,True,True,True
2026-02-02 11:34:00,UNIT02901,LOT020,WAFER2901,PKG02901,15,Final Inspection,ATMP,Final Inspection,FI-02,A,FAIL,ABNORMAL,ABNORMAL,,,,,,,,,,,,,,,,95.68,,10.206,,,,,,,1,package_dimension_mm=10.206,True,True,True
2026-02-02 11:12:00,UNIT02900,LOT020,WAFER2900,PKG02900,9,Singulation,ATMP,Package Processing,SG-02,C,FAIL,ABNORMAL,ABNORMAL,,,,,,,,,,,,,,,,,-1.264,,,,,,,,1,singulation_damage_score=-1.264,True,True,True
2026-02-02 10:39:00,UNIT02898,LOT020,WAFER2898,PKG02898,8,Marking,ATMP,Package Marking,MK-02,A,FAIL,ABNORMAL,ABNORMAL,,,,,,,,,,,,,,,,100.346,,,,,,,,,1,marking_quality_score=100.346,True,True,True
2026-02-02 10:16:00,UNIT02897,LOT020,WAFER2897,PKG02897,1,Wafer Inspection,ATMP,Wafer Metrology,WI-01,A,FAIL,ABNORMAL,ABNORMAL,741.989,0.946,37.939,33.437,122.607,,,,,,,,,,,,,,,,,,,,1,tape_thickness_um=122.607,True,True,True
2026-02-02 10:00:00,UNIT02896,LOT020,WAFER2896,PKG02896,1,Wafer Inspection,ATMP,Wafer Metrology,WI-02,B,FAIL,ABNORMAL,ABNORMAL,745.618,2.532,30.803,3.202,72.26,,,,,,,,,,,,,,,,,,,,1,tape_thickness_um=72.26,True,True,True
2026-02-02 09:38:00,UNIT02894,LOT020,WAFER2894,PKG02894,11,Burn-in,OSAT,Testing,BI-02,C,FAIL,ABNORMAL,ABNORMAL,,,,,,,,,,,,,,,,,,,118.442,8.583,,,,,2,burn_in_temperature_c=118.442; burn_in_hours=8.583,True,True,True
2026-02-02 09:13:00,UNIT02893,LOT020,WAFER2893,PKG02893,2,Wafer Sort,OSAT,Wafer Test,WS-01,B,FAIL,ABNORMAL,ABNORMAL,,,,,,10.698,,,,,,,,,,,,,,,,,,,1,sort_current_a=10.698,True,True,True
2026-02-02 08:56:00,UNIT02892,LOT020,WAFER2892,PKG02892,1,Wafer Inspection,ATMP,Wafer Metrology,WI-01,B,FAIL,ABNORMAL,ABNORMAL,805.281,2.709,20.573,16.8,102.886,,,,,,,,,,,,,,,,,,,,1,wafer_thickness_um=805.281,True,True,True
2026-02-02 08:40:00,UNIT02891,LOT020,WAFER2891,PKG02891,1,Wafer Inspection,ATMP,Wafer Metrology,WI-01,B,FAIL,ABNORMAL,ABNORMAL,803.288,1.141,6.516,23.515,116.784,,,,,,,,,,,,,,,,,,,,1,wafer_thickness_um=803.288,True,True,True
2026-02-02 08:16:00,UNIT02889,LOT020,WAFER2889,PKG02889,9,Singulation,ATMP,Package Processing,SG-01,A,FAIL,ABNORMAL,ABNORMAL,,,,,,,,,,,,,,,,,-0.794,,,,,,,,1,singulation_damage_score=-0.794,True,True,True
2026-02-02 07:36:00,UNIT02887,LOT020,WAFER2887,PKG02887,1,Wafer Inspection,ATMP,Wafer Metrology,WI-01,C,FAIL,ABNORMAL,ABNORMAL,778.19,4.944,38.968,-1.537,117.58,,,,,,,,,,,,,,,,,,,,1,warp_um=-1.537,True,True,True
2026-02-02 07:21:00,UNIT02886,LOT020,WAFER2886,PKG02886,2,Wafer Sort,OSAT,Wafer Test,WS-02,A,FAIL,ABNORMAL,ABNORMAL,,,,,,9.362,,,,,,,,,,,,,,,,,,,1,sort_current_a=9.362,True,True,True
2026-02-02 06:48:00,UNIT02884,LOT020,WAFER2884,PKG02884,1,Wafer Inspection,ATMP,Wafer Metrology,WI-02,B,FAIL,ABNORMAL,ABNORMAL,719.968,0.173,42.526,19.338,121.438,,,,,,,,,,,,,,,,,,,,1,tape_thickness_um=121.438,True,True,True
2026-02-02 06:32:00,UNIT02883,LOT020,WAFER2883,PKG02883,1,Wafer Inspection,ATMP,Wafer Metrology,WI-02,B,FAIL,ABNORMAL,ABNORMAL,758.846,-0.685,58.542,35.738,113.051,,,,,,,,,,,,,,,,,,,,2,ttv_um=-0.685; bow_um=58.542,True,True,True
2026-02-02 06:26:00,UNIT02882,LOT020,WAFER2882,PKG02882,11,Burn-in,OSAT,Testing,BI-01,C,FAIL,ABNORMAL,ABNORMAL,,,,,,,,,,,,,,,,,,,119.388,4.856,,,,,1,burn_in_temperature_c=119.388,True,True,True
2026-02-02 05:51:00,UNIT02880,LOT020,WAFER2880,PKG02880,8,Marking,ATMP,Package Marking,MK-02,C,FAIL,ABNORMAL,ABNORMAL,,,,,,,,,,,,,,,,89.182,,,,,,,,,1,marking_quality_score=89.182,True,True,True
2026-02-02 05:28:00,UNIT02879,LOT020,WAFER2879,PKG02879,1,Wafer Inspection,ATMP,Wafer Metrology,WI-01,A,FAIL,ABNORMAL,ABNORMAL,798.021,2.281,43.047,58.88,86.315,,,,,,,,,,,,,,,,,,,,1,warp_um=58.88,True,True,True
2026-02-02 05:00:00,UNIT02877,LOT020,WAFER2877,PKG02877,5,Die Attach,OSAT/ATMP,Assembly,DA-02,C,FAIL,ABNORMAL,ABNORMAL,,,,,,,,,12.432,16.921,,,,,,,,,,,,,,,1,attach_force_n=12.432,True,True,True
2026-02-02 04:25:00,UNIT02875,LOT020,WAFER2875,PKG02875,2,Wafer Sort,OSAT,Wafer Test,WS-01,B,FAIL,ABNORMAL,ABNORMAL,,,,,,10.555,,,,,,,,,,,,,,,,,,,1,sort_current_a=10.555,True,True,True
2026-02-02 04:12:00,UNIT02874,LOT020,WAFER2874,PKG02874,5,Die Attach,OSAT/ATMP,Assembly,DA-02,B,FAIL,ABNORMAL,ABNORMAL,,,,,,,,,11.011,-7.462,,,,,,,,,,,,,,,1,attach_offset_um=-7.462,True,True,True
2026-02-02 03:52:00,UNIT02873,LOT020,WAFER2873,PKG02873,1,Wafer Inspection,ATMP,Wafer Metrology,WI-01,B,FAIL,ABNORMAL,ABNORMAL,707.716,0.782,8.725,-9.366,115.719,,,,,,,,,,,,,,,,,,,,1,warp_um=-9.366,True,True,True
2026-02-02 03:46:00,UNIT02872,LOT020,WAFER2872,PKG02872,11,Burn-in,OSAT,Testing,BI-01,A,FAIL,ABNORMAL,ABNORMAL,,,,,,,,,,,,,,,,,,,121.157,8.421,,,,,1,burn_in_hours=8.421,True,True,True
2026-02-02 03:26:00,UNIT02871,LOT020,WAFER2871,PKG02871,7,Encapsulation / Molding,OSAT/ATMP,Packaging,MO-02,B,FAIL,ABNORMAL,ABNORMAL,,,,,,,,,,,,,185.192,116.038,-0.63,,,,,,,,,,1,void_percentage=-0.63,True,True,True
2026-02-02 03:04:00,UNIT02870,LOT020,WAFER2870,PKG02870,1,Wafer Inspection,ATMP,Wafer Metrology,WI-02,A,FAIL,ABNORMAL,ABNORMAL,806.963,1.779,36.915,26.53,97.154,,,,,,,,,,,,,,,,,,,,1,wafer_thickness_um=806.963,True,True,True
2026-02-02 02:48:00,UNIT02869,LOT020,WAFER2869,PKG02869,1,Wafer Inspection,ATMP,Wafer Metrology,WI-02,A,FAIL,ABNORMAL,ABNORMAL,737.601,-0.503,17.995,32.852,117.437,,,,,,,,,,,,,,,,,,,,1,ttv_um=-0.503,True,True,True
2026-02-02 02:26:00,UNIT02867,LOT020,WAFER2867,PKG02867,11,Burn-in,OSAT,Testing,BI-01,A,FAIL,ABNORMAL,ABNORMAL,,,,,,,,,,,,,,,,,,,121.047,3.846,,,,,1,burn_in_hours=3.846,True,True,True
2026-02-02 02:00:00,UNIT02866,LOT020,WAFER2866,PKG02866,1,Wafer Inspection,ATMP,Wafer Metrology,WI-02,A,FAIL,ABNORMAL,ABNORMAL,717.928,1.109,-4.687,14.46,106.464,,,,,,,,,,,,,,,,,,,,1,bow_um=-4.687,True,True,True
2026-02-02 01:18:00,UNIT02863,LOT020,WAFER2863,PKG02863,7,Encapsulation / Molding,OSAT/ATMP,Packaging,MO-01,B,FAIL,ABNORMAL,ABNORMAL,,,,,,,,,,,,,169.021,102.408,0.748,,,,,,,,,,1,mold_temperature_c=169.021,True,True,True
2026-02-02 00:59:00,UNIT02862,LOT020,WAFER2862,PKG02862,4,Wafer Dicing,ATMP,Wafer Processing,WD-01,B,FAIL,ABNORMAL,ABNORMAL,,,,,,,,56.62,,,,,,,,,,,,,,,,,1,kerf_width_um=56.62,True,True,True
2026-02-02 00:08:00,UNIT02859,LOT020,WAFER2859,PKG02859,1,Wafer Inspection,ATMP,Wafer Metrology,WI-02,A,FAIL,ABNORMAL,ABNORMAL,748.857,4.6,37.409,58.422,112.189,,,,,,,,,,,,,,,,,,,,1,warp_um=58.422,True,True,True
2026-02-01 23:42:00,UNIT02857,LOT020,WAFER2857,PKG02857,7,Encapsulation / Molding,OSAT/ATMP,Packaging,MO-02,C,FAIL,ABNORMAL,ABNORMAL,,,,,,,,,,,,,172.774,142.406,4.751,,,,,,,,,,1,mold_cure_time_s=142.406,True,True,True
2026-02-01 22:49:00,UNIT02854,LOT020,WAFER2854,PKG02854,2,Wafer Sort,OSAT,Wafer Test,WS-02,A,FAIL,ABNORMAL,ABNORMAL,,,,,,9.487,,,,,,,,,,,,,,,,,,,1,sort_current_a=9.487,True,True,True
2026-02-01 22:16:00,UNIT02852,LOT020,WAFER2852,PKG02852,1,Wafer Inspection,ATMP,Wafer Metrology,WI-01,A,FAIL,ABNORMAL,ABNORMAL,773.91,1.76,20.33,-0.939,110.103,,,,,,,,,,,,,,,,,,,,1,warp_um=-0.939,True,True,True
2026-02-01 22:08:00,UNIT02851,LOT020,WAFER2851,PKG02851,9,Singulation,ATMP,Package Processing,SG-02,B,FAIL,ABNORMAL,ABNORMAL,,,,,,,,,,,,,,,,,10.958,,,,,,,,1,singulation_damage_score=10.958,True,True,True
2026-02-01 21:50:00,UNIT02850,LOT019,WAFER2850,PKG02850,7,Encapsulation / Molding,OSAT/ATMP,Packaging,MO-02,B,FAIL,ABNORMAL,ABNORMAL,,,,,,,,,,,,,184.983,108.155,-0.04,,,,,,,,,,1,void_percentage=-0.04,True,True,True
2026-02-01 21:34:00,UNIT02849,LOT019,WAFER2849,PKG02849,7,Encapsulation / Molding,OSAT/ATMP,Packaging,MO-01,A,FAIL,ABNORMAL,ABNORMAL,,,,,,,,,,,,,178.925,143.531,3.345,,,,,,,,,,1,mold_cure_time_s=143.531,True,True,True
2026-02-01 21:01:00,UNIT02847,LOT019,WAFER2847,PKG02847,6,Wire Bonding,OSAT/ATMP,Assembly,WB-01,B,FAIL,ABNORMAL,ABNORMAL,,,,,,,,,,,70.301,6.53,,,,,,,,,,,,,1,wire_bond_force_n=70.301,True,True,True
2026-02-01 20:46:00,UNIT02846,LOT019,WAFER2846,PKG02846,7,Encapsulation / Molding,OSAT/ATMP,Packaging,MO-01,B,FAIL,ABNORMAL,ABNORMAL,,,,,,,,,,,,,169.851,108.072,1.45,,,,,,,,,,1,mold_temperature_c=169.851,True,True,True
2026-02-01 20:25:00,UNIT02845,LOT019,WAFER2845,PKG02845,2,Wafer Sort,OSAT,Wafer Test,WS-01,A,FAIL,ABNORMAL,ABNORMAL,,,,,,10.544,,,,,,,,,,,,,,,,,,,1,sort_current_a=10.544,True,True,True
2026-02-01 20:23:00,UNIT02844,LOT019,WAFER2844,PKG02844,16,Packing / Dispatch,ATMP,Packaging,PK-02,B,FAIL,ABNORMAL,ABNORMAL,,,,,,,,,,,,,,,,,,,,,,,,10.636,1,packaging_damage_score=10.636,True,True,True
2026-02-01 19:39:00,UNIT02842,LOT019,WAFER2842,PKG02842,4,Wafer Dicing,ATMP,Wafer Processing,WD-02,B,FAIL,ABNORMAL,ABNORMAL,,,,,,,,55.945,,,,,,,,,,,,,,,,,1,kerf_width_um=55.945,True,True,True
2026-02-01 19:26:00,UNIT02841,LOT019,WAFER2841,PKG02841,7,Encapsulation / Molding,OSAT/ATMP,Packaging,MO-02,C,FAIL,ABNORMAL,ABNORMAL,,,,,,,,,,,,,178.685,120.924,-0.692,,,,,,,,,,1,void_percentage=-0.692,True,True,True
2026-02-01 19:05:00,UNIT02840,LOT019,WAFER2840,PKG02840,2,Wafer Sort,OSAT,Wafer Test,WS-02,A,FAIL,ABNORMAL,ABNORMAL,,,,,,10.634,,,,,,,,,,,,,,,,,,,1,sort_current_a=10.634,True,True,True
2026-02-01 18:56:00,UNIT02839,LOT019,WAFER2839,PKG02839,9,Singulation,ATMP,Package Processing,SG-01,C,FAIL,ABNORMAL,ABNORMAL,,,,,,,,,,,,,,,,,10.143,,,,,,,,1,singulation_damage_score=10.143,True,True,True
2026-02-01 18:34:00,UNIT02838,LOT019,WAFER2838,PKG02838,3,Back Grinding,ATMP,Wafer Processing,BG-02,A,FAIL,ABNORMAL,ABNORMAL,703.386,,,,,,-0.708,,,,,,,,,,,,,,,,,,1,thickness_variation_um=-0.708,True,True,True
2026-02-01 18:29:00,UNIT02837,LOT019,WAFER2837,PKG02837,14,EOL,OSAT,Final Testing,EOL-02,B,FAIL,ABNORMAL,ABNORMAL,,,,,,,,,,,,,,,,,,,,,,,79.712,,1,eol_temperature_c=79.712,True,True,True
2026-02-01 18:00:00,UNIT02836,LOT019,WAFER2836,PKG02836,1,Wafer Inspection,ATMP,Wafer Metrology,WI-01,C,FAIL,ABNORMAL,ABNORMAL,703.764,1.584,23.633,3.714,76.352,,,,,,,,,,,,,,,,,,,,1,tape_thickness_um=76.352,True,True,True
2026-02-01 17:29:00,UNIT02834,LOT019,WAFER2834,PKG02834,2,Wafer Sort,OSAT,Wafer Test,WS-02,A,FAIL,ABNORMAL,ABNORMAL,,,,,,10.525,,,,,,,,,,,,,,,,,,,1,sort_current_a=10.525,True,True,True
2026-02-01 17:12:00,UNIT02833,LOT019,WAFER2833,PKG02833,1,Wafer Inspection,ATMP,Wafer Metrology,WI-01,A,FAIL,ABNORMAL,ABNORMAL,724.173,-0.802,34.669,2.207,98.53,,,,,,,,,,,,,,,,,,,,1,ttv_um=-0.802,True,True,True
2026-02-01 17:02:00,UNIT02832,LOT019,WAFER2832,PKG02832,7,Encapsulation / Molding,OSAT/ATMP,Packaging,MO-01,A,FAIL,ABNORMAL,ABNORMAL,,,,,,,,,,,,,189.706,102.63,-0.199,,,,,,,,,,1,void_percentage=-0.199,True,True,True
2026-02-01 16:52:00,UNIT02831,LOT019,WAFER2831,PKG02831,13,FCT,OSAT,Functional Testing,FCT-01,A,FAIL,ABNORMAL,ABNORMAL,,,,,,,,,,,,,,,,,,,,,,3.536,,,1,fct_voltage_v=3.536,True,True,True
2026-02-01 15:36:00,UNIT02827,LOT019,WAFER2827,PKG02827,1,Wafer Inspection,ATMP,Wafer Metrology,WI-01,A,FAIL,ABNORMAL,ABNORMAL,774.195,0.262,11.034,50.059,95.428,,,,,,,,,,,,,,,,,,,,1,warp_um=50.059,True,True,True
2026-02-01 15:26:00,UNIT02826,LOT019,WAFER2826,PKG02826,7,Encapsulation / Molding,OSAT/ATMP,Packaging,MO-02,C,FAIL,ABNORMAL,ABNORMAL,,,,,,,,,,,,,181.189,97.082,-0.778,,,,,,,,,,2,mold_cure_time_s=97.082; void_percentage=-0.778,True,True,True
2026-02-01 15:05:00,UNIT02825,LOT019,WAFER2825,PKG02825,2,Wafer Sort,OSAT,Wafer Test,WS-01,A,FAIL,ABNORMAL,ABNORMAL,,,,,,10.62,,,,,,,,,,,,,,,,,,,1,sort_current_a=10.62,True,True,True
2026-02-01 14:48:00,UNIT02824,LOT019,WAFER2824,PKG02824,1,Wafer Inspection,ATMP,Wafer Metrology,WI-02,B,FAIL,ABNORMAL,ABNORMAL,799.997,4.004,12.909,11.556,74.029,,,,,,,,,,,,,,,,,,,,1,tape_thickness_um=74.029,True,True,True
2026-02-01 14:38:00,UNIT02823,LOT019,WAFER2823,PKG02823,7,Encapsulation / Molding,OSAT/ATMP,Packaging,MO-02,A,FAIL,ABNORMAL,ABNORMAL,,,,,,,,,,,,,186.303,119.194,5.963,,,,,,,,,,1,void_percentage=5.963,True,True,True
2026-02-01 14:27:00,UNIT02822,LOT019,WAFER2822,PKG02822,12,ICT,OSAT,Electrical Testing,ICT-02,B,FAIL,ABNORMAL,ABNORMAL,,,,,,,,,,,,,,,,,,,,,10.567,,,,1,ict_current_a=10.567,True,True,True
2026-02-01 14:14:00,UNIT02821,LOT019,WAFER2821,PKG02821,15,Final Inspection,ATMP,Final Inspection,FI-02,A,FAIL,ABNORMAL,ABNORMAL,,,,,,,,,,,,,,,,89.96,,10.013,,,,,,,1,marking_quality_score=89.96,True,True,True
2026-02-01 13:49:00,UNIT02820,LOT019,WAFER2820,PKG02820,6,Wire Bonding,OSAT/ATMP,Assembly,WB-01,C,FAIL,ABNORMAL,ABNORMAL,,,,,,,,,,,70.47,5.804,,,,,,,,,,,,,1,wire_bond_force_n=70.47,True,True,True
2026-02-01 13:28:00,UNIT02819,LOT019,WAFER2819,PKG02819,1,Wafer Inspection,ATMP,Wafer Metrology,WI-02,A,FAIL,ABNORMAL,ABNORMAL,786.525,1.268,11.372,-1.054,87.178,,,,,,,,,,,,,,,,,,,,1,warp_um=-1.054,True,True,True
2026-02-01 12:44:00,UNIT02816,LOT019,WAFER2816,PKG02816,5,Die Attach,OSAT/ATMP,Assembly,DA-02,B,FAIL,ABNORMAL,ABNORMAL,,,,,,,,,12.072,47.742,,,,,,,,,,,,,,,1,attach_force_n=12.072,True,True,True
2026-02-01 12:26:00,UNIT02815,LOT019,WAFER2815,PKG02815,3,Back Grinding,ATMP,Wafer Processing,BG-01,C,FAIL,ABNORMAL,ABNORMAL,755.292,,,,,,5.905,,,,,,,,,,,,,,,,,,1,thickness_variation_um=5.905,True,True,True
2026-02-01 12:10:00,UNIT02814,LOT019,WAFER2814,PKG02814,3,Back Grinding,ATMP,Wafer Processing,BG-01,B,FAIL,ABNORMAL,ABNORMAL,737.935,,,,,,-0.971,,,,,,,,,,,,,,,,,,1,thickness_variation_um=-0.971,True,True,True
2026-02-01 11:50:00,UNIT02812,LOT019,WAFER2812,PKG02812,15,Final Inspection,ATMP,Final Inspection,FI-02,C,FAIL,ABNORMAL,ABNORMAL,,,,,,,,,,,,,,,,98.549,,10.263,,,,,,,1,package_dimension_mm=10.263,True,True,True
2026-02-01 11:20:00,UNIT02811,LOT019,WAFER2811,PKG02811,1,Wafer Inspection,ATMP,Wafer Metrology,WI-01,B,FAIL,ABNORMAL,ABNORMAL,695.799,0.532,23.816,47.28,90.803,,,,,,,,,,,,,,,,,,,,1,wafer_thickness_um=695.799,True,True,True
2026-02-01 11:04:00,UNIT02810,LOT019,WAFER2810,PKG02810,1,Wafer Inspection,ATMP,Wafer Metrology,WI-01,C,FAIL,ABNORMAL,ABNORMAL,741.724,3.655,10.78,49.305,77.992,,,,,,,,,,,,,,,,,,,,1,tape_thickness_um=77.992,True,True,True
2026-02-01 11:00:00,UNIT02809,LOT019,WAFER2809,PKG02809,13,FCT,OSAT,Functional Testing,FCT-02,A,FAIL,ABNORMAL,ABNORMAL,,,,,,,,,,,,,,,,,,,,,,3.05,,,1,fct_voltage_v=3.05,True,True,True
2026-02-01 10:38:00,UNIT02808,LOT019,WAFER2808,PKG02808,7,Encapsulation / Molding,OSAT/ATMP,Packaging,MO-01,B,FAIL,ABNORMAL,ABNORMAL,,,,,,,,,,,,,173.749,127.956,5.864,,,,,,,,,,1,void_percentage=5.864,True,True,True
2026-02-01 10:16:00,UNIT02807,LOT019,WAFER2807,PKG02807,1,Wafer Inspection,ATMP,Wafer Metrology,WI-01,B,FAIL,ABNORMAL,ABNORMAL,731.328,3.652,25.835,-5.392,82.261,,,,,,,,,,,,,,,,,,,,1,warp_um=-5.392,True,True,True
2026-02-01 10:00:00,UNIT02806,LOT019,WAFER2806,PKG02806,1,Wafer Inspection,ATMP,Wafer Metrology,WI-02,C,FAIL,ABNORMAL,ABNORMAL,681.177,4.62,42.345,19.9,110.598,,,,,,,,,,,,,,,,,,,,1,wafer_thickness_um=681.177,True,True,True
2026-02-01 09:46:00,UNIT02805,LOT019,WAFER2805,PKG02805,3,Back Grinding,ATMP,Wafer Processing,BG-02,A,FAIL,ABNORMAL,ABNORMAL,808.999,,,,,,2.333,,,,,,,,,,,,,,,,,,1,wafer_thickness_um=808.999,True,True,True
2026-02-01 09:28:00,UNIT02804,LOT019,WAFER2804,PKG02804,1,Wafer Inspection,ATMP,Wafer Metrology,WI-01,A,FAIL,ABNORMAL,ABNORMAL,749.493,2.137,41.133,50.296,114.721,,,,,,,,,,,,,,,,,,,,1,warp_um=50.296,True,True,True
2026-02-01 09:17:00,UNIT02803,LOT019,WAFER2803,PKG02803,6,Wire Bonding,OSAT/ATMP,Assembly,WB-01,A,FAIL,ABNORMAL,ABNORMAL,,,,,,,,,,,59.007,6.836,,,,,,,,,,,,,1,wire_bond_force_n=59.007,True,True,True
2026-02-01 08:56:00,UNIT02802,LOT019,WAFER2802,PKG02802,1,Wafer Inspection,ATMP,Wafer Metrology,WI-01,A,FAIL,ABNORMAL,ABNORMAL,777.199,0.257,39.961,-4.76,97.977,,,,,,,,,,,,,,,,,,,,1,warp_um=-4.76,True,True,True
2026-02-01 08:48:00,UNIT02801,LOT019,WAFER2801,PKG02801,9,Singulation,ATMP,Package Processing,SG-02,C,FAIL,ABNORMAL,ABNORMAL,,,,,,,,,,,,,,,,,11.051,,,,,,,,1,singulation_damage_score=11.051,True,True,True
2026-02-01 08:39:00,UNIT02800,LOT019,WAFER2800,PKG02800,16,Packing / Dispatch,ATMP,Packaging,PK-02,A,FAIL,ABNORMAL,ABNORMAL,,,,,,,,,,,,,,,,,,,,,,,,10.622,1,packaging_damage_score=10.622,True,True,True
2026-02-01 08:09:00,UNIT02799,LOT019,WAFER2799,PKG02799,2,Wafer Sort,OSAT,Wafer Test,WS-02,A,FAIL,ABNORMAL,ABNORMAL,,,,,,10.556,,,,,,,,,,,,,,,,,,,1,sort_current_a=10.556,True,True,True
2026-02-01 07:38:00,UNIT02797,LOT019,WAFER2797,PKG02797,3,Back Grinding,ATMP,Wafer Processing,BG-02,B,FAIL,ABNORMAL,ABNORMAL,814.623,,,,,,3.6,,,,,,,,,,,,,,,,,,1,wafer_thickness_um=814.623,True,True,True
2026-02-01 07:20:00,UNIT02796,LOT019,WAFER2796,PKG02796,1,Wafer Inspection,ATMP,Wafer Metrology,WI-01,A,FAIL,ABNORMAL,ABNORMAL,725.933,1.882,-1.579,42.988,105.112,,,,,,,,,,,,,,,,,,,,1,bow_um=-1.579,True,True,True
2026-02-01 07:10:00,UNIT02795,LOT019,WAFER2795,PKG02795,7,Encapsulation / Molding,OSAT/ATMP,Packaging,MO-01,C,FAIL,ABNORMAL,ABNORMAL,,,,,,,,,,,,,176.788,113.185,5.477,,,,,,,,,,1,void_percentage=5.477,True,True,True
2026-02-01 06:55:00,UNIT02794,LOT019,WAFER2794,PKG02794,8,Marking,ATMP,Package Marking,MK-02,C,FAIL,ABNORMAL,ABNORMAL,,,,,,,,,,,,,,,,101.984,,,,,,,,,1,marking_quality_score=101.984,True,True,True
2026-02-01 06:32:00,UNIT02793,LOT019,WAFER2793,PKG02793,1,Wafer Inspection,ATMP,Wafer Metrology,WI-01,A,FAIL,ABNORMAL,ABNORMAL,695.319,4.647,3.612,0.751,112.917,,,,,,,,,,,,,,,,,,,,1,wafer_thickness_um=695.319,True,True,True
2026-02-01 06:16:00,UNIT02792,LOT019,WAFER2792,PKG02792,1,Wafer Inspection,ATMP,Wafer Metrology,WI-01,A,FAIL,ABNORMAL,ABNORMAL,788.203,4.406,20.437,11.884,74.059,,,,,,,,,,,,,,,,,,,,1,tape_thickness_um=74.059,True,True,True
2026-02-01 06:04:00,UNIT02791,LOT019,WAFER2791,PKG02791,5,Die Attach,OSAT/ATMP,Assembly,DA-01,C,FAIL,ABNORMAL,ABNORMAL,,,,,,,,,7.59,32.612,,,,,,,,,,,,,,,1,attach_force_n=7.59,True,True,True
2026-02-01 05:48:00,UNIT02790,LOT019,WAFER2790,PKG02790,5,Die Attach,OSAT/ATMP,Assembly,DA-01,C,FAIL,ABNORMAL,ABNORMAL,,,,,,,,,7.47,11.264,,,,,,,,,,,,,,,1,attach_force_n=7.47,True,True,True
2026-02-01 05:34:00,UNIT02789,LOT019,WAFER2789,PKG02789,7,Encapsulation / Molding,OSAT/ATMP,Packaging,MO-01,A,FAIL,ABNORMAL,ABNORMAL,,,,,,,,,,,,,178.201,102.808,5.663,,,,,,,,,,1,void_percentage=5.663,True,True,True
2026-02-01 05:26:00,UNIT02788,LOT019,WAFER2788,PKG02788,15,Final Inspection,ATMP,Final Inspection,FI-01,B,FAIL,ABNORMAL,ABNORMAL,,,,,,,,,,,,,,,,94.214,,9.755,,,,,,,1,package_dimension_mm=9.755,True,True,True
2026-02-01 04:58:00,UNIT02787,LOT019,WAFER2787,PKG02787,3,Back Grinding,ATMP,Wafer Processing,BG-02,B,FAIL,ABNORMAL,ABNORMAL,817.428,,,,,,4.274,,,,,,,,,,,,,,,,,,1,wafer_thickness_um=817.428,True,True,True
2026-02-01 04:40:00,UNIT02786,LOT019,WAFER2786,PKG02786,1,Wafer Inspection,ATMP,Wafer Metrology,WI-01,C,FAIL,ABNORMAL,ABNORMAL,806.469,3.523,25.481,9.449,86.955,,,,,,,,,,,,,,,,,,,,1,wafer_thickness_um=806.469,True,True,True
2026-02-01 04:24:00,UNIT02785,LOT019,WAFER2785,PKG02785,1,Wafer Inspection,ATMP,Wafer Metrology,WI-01,B,FAIL,ABNORMAL,ABNORMAL,813.732,4.982,16.752,41.515,106.948,,,,,,,,,,,,,,,,,,,,1,wafer_thickness_um=813.732,True,True,True
2026-02-01 04:18:00,UNIT02784,LOT019,WAFER2784,PKG02784,11,Burn-in,OSAT,Testing,BI-02,B,FAIL,ABNORMAL,ABNORMAL,,,,,,,,,,,,,,,,,,,128.233,8.745,,,,,1,burn_in_hours=8.745,True,True,True
2026-02-01 03:56:00,UNIT02783,LOT019,WAFER2783,PKG02783,5,Die Attach,OSAT/ATMP,Assembly,DA-02,C,FAIL,ABNORMAL,ABNORMAL,,,,,,,,,8.296,58.101,,,,,,,,,,,,,,,1,attach_offset_um=58.101,True,True,True
2026-02-01 03:36:00,UNIT02782,LOT019,WAFER2782,PKG02782,1,Wafer Inspection,ATMP,Wafer Metrology,WI-02,A,FAIL,ABNORMAL,ABNORMAL,753.122,4.76,38.226,7.616,121.322,,,,,,,,,,,,,,,,,,,,1,tape_thickness_um=121.322,True,True,True
2026-02-01 03:21:00,UNIT02781,LOT019,WAFER2781,PKG02781,2,Wafer Sort,OSAT,Wafer Test,WS-02,C,FAIL,ABNORMAL,ABNORMAL,,,,,,9.49,,,,,,,,,,,,,,,,,,,1,sort_current_a=9.49,True,True,True
2026-02-01 03:04:00,UNIT02780,LOT019,WAFER2780,PKG02780,1,Wafer Inspection,ATMP,Wafer Metrology,WI-01,C,FAIL,ABNORMAL,ABNORMAL,726.919,-0.975,28.918,41.749,119.611,,,,,,,,,,,,,,,,,,,,1,ttv_um=-0.975,True,True,True
2026-02-01 02:48:00,UNIT02779,LOT019,WAFER2779,PKG02779,1,Wafer Inspection,ATMP,Wafer Metrology,WI-02,A,FAIL,ABNORMAL,ABNORMAL,703.456,1.814,59.188,24.997,109.065,,,,,,,,,,,,,,,,,,,,1,bow_um=59.188,True,True,True
2026-02-01 02:00:00,UNIT02776,LOT019,WAFER2776,PKG02776,1,Wafer Inspection,ATMP,Wafer Metrology,WI-01,B,FAIL,ABNORMAL,ABNORMAL,710.784,5.099,45.388,22.893,94.463,,,,,,,,,,,,,,,,,,,,1,ttv_um=5.099,True,True,True
2026-02-01 01:44:00,UNIT02775,LOT019,WAFER2775,PKG02775,1,Wafer Inspection,ATMP,Wafer Metrology,WI-02,C,FAIL,ABNORMAL,ABNORMAL,683.426,4.314,30.344,11.855,99.834,,,,,,,,,,,,,,,,,,,,1,wafer_thickness_um=683.426,True,True,True
2026-02-01 00:56:00,UNIT02772,LOT019,WAFER2772,PKG02772,1,Wafer Inspection,ATMP,Wafer Metrology,WI-01,B,FAIL,ABNORMAL,ABNORMAL,808.544,3.724,28.692,27.7,86.299,,,,,,,,,,,,,,,,,,,,1,wafer_thickness_um=808.544,True,True,True
2026-02-01 00:29:00,UNIT02770,LOT019,WAFER2770,PKG02770,6,Wire Bonding,OSAT/ATMP,Assembly,WB-02,C,FAIL,ABNORMAL,ABNORMAL,,,,,,,,,,,67.253,10.374,,,,,,,,,,,,,1,bond_pull_strength_gf=10.374,True,True,True
2026-02-01 00:12:00,UNIT02769,LOT019,WAFER2769,PKG02769,5,Die Attach,OSAT/ATMP,Assembly,DA-01,C,FAIL,ABNORMAL,ABNORMAL,,,,,,,,,12.024,14.181,,,,,,,,,,,,,,,1,attach_force_n=12.024,True,True,True
2026-02-01 00:05:00,UNIT02768,LOT019,WAFER2768,PKG02768,14,EOL,OSAT,Final Testing,EOL-01,B,FAIL,ABNORMAL,ABNORMAL,,,,,,,,,,,,,,,,,,,,,,,103.302,,1,eol_temperature_c=103.302,True,True,True
2026-01-31 23:42:00,UNIT02767,LOT019,WAFER2767,PKG02767,7,Encapsulation / Molding,OSAT/ATMP,Packaging,MO-01,A,FAIL,ABNORMAL,ABNORMAL,,,,,,,,,,,,,192.287,114.672,2.401,,,,,,,,,,1,mold_temperature_c=192.287,True,True,True
2026-01-31 23:22:00,UNIT02766,LOT019,WAFER2766,PKG02766,3,Back Grinding,ATMP,Wafer Processing,BG-01,A,FAIL,ABNORMAL,ABNORMAL,792.156,,,,,,-0.288,,,,,,,,,,,,,,,,,,1,thickness_variation_um=-0.288,True,True,True
2026-01-31 23:09:00,UNIT02765,LOT019,WAFER2765,PKG02765,6,Wire Bonding,OSAT/ATMP,Assembly,WB-02,B,FAIL,ABNORMAL,ABNORMAL,,,,,,,,,,,58.364,8.565,,,,,,,,,,,,,1,wire_bond_force_n=58.364,True,True,True
2026-01-31 22:01:00,UNIT02761,LOT019,WAFER2761,PKG02761,2,Wafer Sort,OSAT,Wafer Test,WS-01,B,FAIL,ABNORMAL,ABNORMAL,,,,,,10.564,,,,,,,,,,,,,,,,,,,1,sort_current_a=10.564,True,True,True
2026-01-31 21:44:00,UNIT02760,LOT019,WAFER2760,PKG02760,1,Wafer Inspection,ATMP,Wafer Metrology,WI-02,A,FAIL,ABNORMAL,ABNORMAL,819.961,2.658,16.822,35.689,104.833,,,,,,,,,,,,,,,,,,,,1,wafer_thickness_um=819.961,True,True,True
2026-01-31 21:42:00,UNIT02759,LOT019,WAFER2759,PKG02759,15,Final Inspection,ATMP,Final Inspection,FI-02,C,FAIL,ABNORMAL,ABNORMAL,,,,,,,,,,,,,,,,88.826,,9.86,,,,,,,1,marking_quality_score=88.826,True,True,True
2026-01-31 20:56:00,UNIT02757,LOT019,WAFER2757,PKG02757,1,Wafer Inspection,ATMP,Wafer Metrology,WI-02,A,FAIL,ABNORMAL,ABNORMAL,747.147,2.737,30.449,5.165,126.848,,,,,,,,,,,,,,,,,,,,1,tape_thickness_um=126.848,True,True,True
2026-01-31 20:41:00,UNIT02756,LOT019,WAFER2756,PKG02756,2,Wafer Sort,OSAT,Wafer Test,WS-01,B,FAIL,ABNORMAL,ABNORMAL,,,,,,9.453,,,,,,,,,,,,,,,,,,,1,sort_current_a=9.453,True,True,True
2026-01-31 20:29:00,UNIT02755,LOT019,WAFER2755,PKG02755,6,Wire Bonding,OSAT/ATMP,Assembly,WB-01,B,FAIL,ABNORMAL,ABNORMAL,,,,,,,,,,,60.573,4.361,,,,,,,,,,,,,1,bond_pull_strength_gf=4.361,True,True,True
2026-01-31 20:08:00,UNIT02754,LOT019,WAFER2754,PKG02754,1,Wafer Inspection,ATMP,Wafer Metrology,WI-02,A,FAIL,ABNORMAL,ABNORMAL,723.077,-0.699,6.279,13.892,107.536,,,,,,,,,,,,,,,,,,,,1,ttv_um=-0.699,True,True,True
2026-01-31 19:54:00,UNIT02753,LOT019,WAFER2753,PKG02753,3,Back Grinding,ATMP,Wafer Processing,BG-01,C,FAIL,ABNORMAL,ABNORMAL,803.991,,,,,,1.068,,,,,,,,,,,,,,,,,,1,wafer_thickness_um=803.991,True,True,True
2026-01-31 19:44:00,UNIT02752,LOT019,WAFER2752,PKG02752,9,Singulation,ATMP,Package Processing,SG-02,A,FAIL,ABNORMAL,ABNORMAL,,,,,,,,,,,,,,,,,11.93,,,,,,,,1,singulation_damage_score=11.93,True,True,True
2026-01-31 19:35:00,UNIT02751,LOT019,WAFER2751,PKG02751,16,Packing / Dispatch,ATMP,Packaging,PK-01,C,FAIL,ABNORMAL,ABNORMAL,,,,,,,,,,,,,,,,,,,,,,,,11.779,1,packaging_damage_score=11.779,True,True,True
2026-01-31 19:04:00,UNIT02750,LOT019,WAFER2750,PKG02750,1,Wafer Inspection,ATMP,Wafer Metrology,WI-01,A,FAIL,ABNORMAL,ABNORMAL,732.43,4.671,16.635,30.51,125.776,,,,,,,,,,,,,,,,,,,,1,tape_thickness_um=125.776,True,True,True
2026-01-31 18:48:00,UNIT02749,LOT019,WAFER2749,PKG02749,1,Wafer Inspection,ATMP,Wafer Metrology,WI-02,B,FAIL,ABNORMAL,ABNORMAL,797.721,1.654,-10.0,29.337,114.678,,,,,,,,,,,,,,,,,,,,1,bow_um=-10.0,True,True,True
2026-01-31 18:45:00,UNIT02748,LOT019,WAFER2748,PKG02748,14,EOL,OSAT,Final Testing,EOL-02,C,FAIL,ABNORMAL,ABNORMAL,,,,,,,,,,,,,,,,,,,,,,,79.952,,1,eol_temperature_c=79.952,True,True,True
2026-01-31 18:04:00,UNIT02746,LOT019,WAFER2746,PKG02746,5,Die Attach,OSAT/ATMP,Assembly,DA-02,A,FAIL,ABNORMAL,ABNORMAL,,,,,,,,,12.58,49.877,,,,,,,,,,,,,,,1,attach_force_n=12.58,True,True,True
2026-01-31 17:44:00,UNIT02745,LOT019,WAFER2745,PKG02745,1,Wafer Inspection,ATMP,Wafer Metrology,WI-01,C,FAIL,ABNORMAL,ABNORMAL,712.211,1.481,12.956,57.283,108.637,,,,,,,,,,,,,,,,,,,,1,warp_um=57.283,True,True,True
2026-01-31 17:28:00,UNIT02744,LOT019,WAFER2744,PKG02744,1,Wafer Inspection,ATMP,Wafer Metrology,WI-02,A,FAIL,ABNORMAL,ABNORMAL,809.266,3.611,25.894,3.47,72.374,,,,,,,,,,,,,,,,,,,,2,wafer_thickness_um=809.266; tape_thickness_um=72.374,True,True,True
2026-01-31 17:10:00,UNIT02742,LOT019,WAFER2742,PKG02742,15,Final Inspection,ATMP,Final Inspection,FI-01,B,FAIL,ABNORMAL,ABNORMAL,,,,,,,,,,,,,,,,88.384,,9.91,,,,,,,1,marking_quality_score=88.384,True,True,True
2026-01-31 16:28:00,UNIT02740,LOT019,WAFER2740,PKG02740,5,Die Attach,OSAT/ATMP,Assembly,DA-02,A,FAIL,ABNORMAL,ABNORMAL,,,,,,,,,9.1,-9.602,,,,,,,,,,,,,,,1,attach_offset_um=-9.602,True,True,True
2026-01-31 16:08:00,UNIT02739,LOT019,WAFER2739,PKG02739,1,Wafer Inspection,ATMP,Wafer Metrology,WI-02,A,FAIL,ABNORMAL,ABNORMAL,693.818,0.19,22.079,39.293,98.969,,,,,,,,,,,,,,,,,,,,1,wafer_thickness_um=693.818,True,True,True
2026-01-31 16:05:00,UNIT02738,LOT019,WAFER2738,PKG02738,14,EOL,OSAT,Final Testing,EOL-01,B,FAIL,ABNORMAL,ABNORMAL,,,,,,,,,,,,,,,,,,,,,,,78.285,,1,eol_temperature_c=78.285,True,True,True
2026-01-31 15:22:00,UNIT02736,LOT019,WAFER2736,PKG02736,3,Back Grinding,ATMP,Wafer Processing,BG-01,C,FAIL,ABNORMAL,ABNORMAL,728.227,,,,,,5.394,,,,,,,,,,,,,,,,,,1,thickness_variation_um=5.394,True,True,True
2026-01-31 15:14:00,UNIT02735,LOT019,WAFER2735,PKG02735,11,Burn-in,OSAT,Testing,BI-01,A,FAIL,ABNORMAL,ABNORMAL,,,,,,,,,,,,,,,,,,,119.245,6.34,,,,,1,burn_in_temperature_c=119.245,True,True,True
2026-01-31 14:50:00,UNIT02734,LOT019,WAFER2734,PKG02734,3,Back Grinding,ATMP,Wafer Processing,BG-01,A,FAIL,ABNORMAL,ABNORMAL,680.798,,,,,,2.157,,,,,,,,,,,,,,,,,,1,wafer_thickness_um=680.798,True,True,True
2026-01-31 14:16:00,UNIT02732,LOT019,WAFER2732,PKG02732,1,Wafer Inspection,ATMP,Wafer Metrology,WI-02,C,FAIL,ABNORMAL,ABNORMAL,791.307,-0.06,28.484,33.952,83.541,,,,,,,,,,,,,,,,,,,,1,ttv_um=-0.06,True,True,True
2026-01-31 14:00:00,UNIT02731,LOT019,WAFER2731,PKG02731,1,Wafer Inspection,ATMP,Wafer Metrology,WI-02,A,FAIL,ABNORMAL,ABNORMAL,818.152,0.4,25.135,25.653,113.48,,,,,,,,,,,,,,,,,,,,1,wafer_thickness_um=818.152,True,True,True
2026-01-31 13:45:00,UNIT02730,LOT019,WAFER2730,PKG02730,2,Wafer Sort,OSAT,Wafer Test,WS-02,B,FAIL,ABNORMAL,ABNORMAL,,,,,,9.309,,,,,,,,,,,,,,,,,,,1,sort_current_a=9.309,True,True,True
2026-01-31 13:34:00,UNIT02729,LOT019,WAFER2729,PKG02729,7,Encapsulation / Molding,OSAT/ATMP,Packaging,MO-02,C,FAIL,ABNORMAL,ABNORMAL,,,,,,,,,,,,,174.014,97.659,4.1,,,,,,,,,,1,mold_cure_time_s=97.659,True,True,True
2026-01-31 13:12:00,UNIT02728,LOT019,WAFER2728,PKG02728,1,Wafer Inspection,ATMP,Wafer Metrology,WI-01,B,FAIL,ABNORMAL,ABNORMAL,798.304,-0.507,5.462,33.514,109.566,,,,,,,,,,,,,,,,,,,,1,ttv_um=-0.507,True,True,True
2026-01-31 12:45:00,UNIT02726,LOT019,WAFER2726,PKG02726,6,Wire Bonding,OSAT/ATMP,Assembly,WB-01,A,FAIL,ABNORMAL,ABNORMAL,,,,,,,,,,,67.942,4.8,,,,,,,,,,,,,1,bond_pull_strength_gf=4.8,True,True,True
2026-01-31 12:34:00,UNIT02725,LOT019,WAFER2725,PKG02725,11,Burn-in,OSAT,Testing,BI-01,C,FAIL,ABNORMAL,ABNORMAL,,,,,,,,,,,,,,,,,,,131.59,7.145,,,,,1,burn_in_temperature_c=131.59,True,True,True
2026-01-31 12:12:00,UNIT02724,LOT019,WAFER2724,PKG02724,5,Die Attach,OSAT/ATMP,Assembly,DA-01,A,FAIL,ABNORMAL,ABNORMAL,,,,,,,,,12.462,8.493,,,,,,,,,,,,,,,1,attach_force_n=12.462,True,True,True
2026-01-31 11:58:00,UNIT02723,LOT019,WAFER2723,PKG02723,7,Encapsulation / Molding,OSAT/ATMP,Packaging,MO-01,C,FAIL,ABNORMAL,ABNORMAL,,,,,,,,,,,,,179.334,97.516,4.571,,,,,,,,,,1,mold_cure_time_s=97.516,True,True,True
2026-01-31 11:44:00,UNIT02722,LOT019,WAFER2722,PKG02722,9,Singulation,ATMP,Package Processing,SG-01,B,FAIL,ABNORMAL,ABNORMAL,,,,,,,,,,,,,,,,,10.11,,,,,,,,1,singulation_damage_score=10.11,True,True,True
2026-01-31 11:09:00,UNIT02720,LOT019,WAFER2720,PKG02720,6,Wire Bonding,OSAT/ATMP,Assembly,WB-02,A,FAIL,ABNORMAL,ABNORMAL,,,,,,,,,,,58.451,7.381,,,,,,,,,,,,,1,wire_bond_force_n=58.451,True,True,True
2026-01-31 10:39:00,UNIT02718,LOT019,WAFER2718,PKG02718,8,Marking,ATMP,Package Marking,MK-02,B,FAIL,ABNORMAL,ABNORMAL,,,,,,,,,,,,,,,,88.433,,,,,,,,,1,marking_quality_score=88.433,True,True,True
2026-01-31 10:21:00,UNIT02717,LOT019,WAFER2717,PKG02717,6,Wire Bonding,OSAT/ATMP,Assembly,WB-02,C,FAIL,ABNORMAL,ABNORMAL,,,,,,,,,,,70.247,9.99,,,,,,,,,,,,,1,wire_bond_force_n=70.247,True,True,True
2026-01-31 09:44:00,UNIT02715,LOT019,WAFER2715,PKG02715,1,Wafer Inspection,ATMP,Wafer Metrology,WI-01,C,FAIL,ABNORMAL,ABNORMAL,681.067,1.189,33.998,13.571,112.576,,,,,,,,,,,,,,,,,,,,1,wafer_thickness_um=681.067,True,True,True
2026-01-31 09:43:00,UNIT02714,LOT019,WAFER2714,PKG02714,16,Packing / Dispatch,ATMP,Packaging,PK-01,A,FAIL,ABNORMAL,ABNORMAL,,,,,,,,,,,,,,,,,,,,,,,,11.369,1,packaging_damage_score=11.369,True,True,True
2026-01-31 08:58:00,UNIT02712,LOT019,WAFER2712,PKG02712,3,Back Grinding,ATMP,Wafer Processing,BG-02,C,FAIL,ABNORMAL,ABNORMAL,801.147,,,,,,0.439,,,,,,,,,,,,,,,,,,1,wafer_thickness_um=801.147,True,True,True
2026-01-31 08:45:00,UNIT02711,LOT019,WAFER2711,PKG02711,6,Wire Bonding,OSAT/ATMP,Assembly,WB-01,A,FAIL,ABNORMAL,ABNORMAL,,,,,,,,,,,70.952,9.165,,,,,,,,,,,,,1,wire_bond_force_n=70.952,True,True,True
2026-01-31 08:24:00,UNIT02710,LOT019,WAFER2710,PKG02710,1,Wafer Inspection,ATMP,Wafer Metrology,WI-01,A,FAIL,ABNORMAL,ABNORMAL,731.603,5.876,38.49,25.51,104.132,,,,,,,,,,,,,,,,,,,,1,ttv_um=5.876,True,True,True
2026-01-31 08:22:00,UNIT02709,LOT019,WAFER2709,PKG02709,15,Final Inspection,ATMP,Final Inspection,FI-01,B,FAIL,ABNORMAL,ABNORMAL,,,,,,,,,,,,,,,,96.922,,10.253,,,,,,,1,package_dimension_mm=10.253,True,True,True
2026-01-31 07:54:00,UNIT02708,LOT019,WAFER2708,PKG02708,3,Back Grinding,ATMP,Wafer Processing,BG-02,A,FAIL,ABNORMAL,ABNORMAL,815.077,,,,,,2.824,,,,,,,,,,,,,,,,,,1,wafer_thickness_um=815.077,True,True,True
2026-01-31 07:36:00,UNIT02707,LOT019,WAFER2707,PKG02707,1,Wafer Inspection,ATMP,Wafer Metrology,WI-01,A,FAIL,ABNORMAL,ABNORMAL,786.86,3.754,34.86,51.533,98.379,,,,,,,,,,,,,,,,,,,,1,warp_um=51.533,True,True,True
2026-01-31 07:04:00,UNIT02705,LOT019,WAFER2705,PKG02705,1,Wafer Inspection,ATMP,Wafer Metrology,WI-01,A,FAIL,ABNORMAL,ABNORMAL,777.0,0.009,43.706,50.788,106.211,,,,,,,,,,,,,,,,,,,,1,warp_um=50.788,True,True,True
2026-01-31 06:16:00,UNIT02702,LOT019,WAFER2702,PKG02702,1,Wafer Inspection,ATMP,Wafer Metrology,WI-01,B,FAIL,ABNORMAL,ABNORMAL,775.925,1.807,33.133,3.692,74.292,,,,,,,,,,,,,,,,,,,,1,tape_thickness_um=74.292,True,True,True
2026-01-31 06:11:00,UNIT02701,LOT019,WAFER2701,PKG02701,12,ICT,OSAT,Electrical Testing,ICT-01,A,FAIL,ABNORMAL,ABNORMAL,,,,,,,,,,,,,,,,,,,,,10.531,,,,1,ict_current_a=10.531,True,True,True
2026-01-31 05:44:00,UNIT02700,LOT018,WAFER2700,PKG02700,1,Wafer Inspection,ATMP,Wafer Metrology,WI-02,C,FAIL,ABNORMAL,ABNORMAL,749.308,0.909,38.402,-0.805,93.654,,,,,,,,,,,,,,,,,,,,1,warp_um=-0.805,True,True,True
2026-01-31 05:29:00,UNIT02699,LOT018,WAFER2699,PKG02699,2,Wafer Sort,OSAT,Wafer Test,WS-02,C,FAIL,ABNORMAL,ABNORMAL,,,,,,10.671,,,,,,,,,,,,,,,,,,,1,sort_current_a=10.671,True,True,True
2026-01-31 04:56:00,UNIT02697,LOT018,WAFER2697,PKG02697,1,Wafer Inspection,ATMP,Wafer Metrology,WI-01,C,FAIL,ABNORMAL,ABNORMAL,711.949,1.586,-1.675,23.612,100.143,,,,,,,,,,,,,,,,,,,,1,bow_um=-1.675,True,True,True
2026-01-31 03:58:00,UNIT02693,LOT018,WAFER2693,PKG02693,7,Encapsulation / Molding,OSAT/ATMP,Packaging,MO-02,C,FAIL,ABNORMAL,ABNORMAL,,,,,,,,,,,,,178.877,108.005,-0.164,,,,,,,,,,1,void_percentage=-0.164,True,True,True
2026-01-31 03:42:00,UNIT02692,LOT018,WAFER2692,PKG02692,7,Encapsulation / Molding,OSAT/ATMP,Packaging,MO-01,B,FAIL,ABNORMAL,ABNORMAL,,,,,,,,,,,,,174.866,110.227,5.952,,,,,,,,,,1,void_percentage=5.952,True,True,True
2026-01-31 03:20:00,UNIT02691,LOT018,WAFER2691,PKG02691,1,Wafer Inspection,ATMP,Wafer Metrology,WI-01,B,FAIL,ABNORMAL,ABNORMAL,793.745,1.024,51.665,9.092,109.195,,,,,,,,,,,,,,,,,,,,1,bow_um=51.665,True,True,True
2026-01-31 03:10:00,UNIT02690,LOT018,WAFER2690,PKG02690,7,Encapsulation / Molding,OSAT/ATMP,Packaging,MO-01,C,FAIL,ABNORMAL,ABNORMAL,,,,,,,,,,,,,173.29,142.476,5.282,,,,,,,,,,2,mold_cure_time_s=142.476; void_percentage=5.282,True,True,True
2026-01-31 02:48:00,UNIT02689,LOT018,WAFER2689,PKG02689,1,Wafer Inspection,ATMP,Wafer Metrology,WI-01,C,FAIL,ABNORMAL,ABNORMAL,773.81,3.958,32.048,18.969,122.789,,,,,,,,,,,,,,,,,,,,1,tape_thickness_um=122.789,True,True,True
2026-01-31 02:19:00,UNIT02687,LOT018,WAFER2687,PKG02687,4,Wafer Dicing,ATMP,Wafer Processing,WD-01,C,FAIL,ABNORMAL,ABNORMAL,,,,,,,,55.367,,,,,,,,,,,,,,,,,1,kerf_width_um=55.367,True,True,True
2026-01-31 02:15:00,UNIT02686,LOT018,WAFER2686,PKG02686,16,Packing / Dispatch,ATMP,Packaging,PK-01,A,FAIL,ABNORMAL,ABNORMAL,,,,,,,,,,,,,,,,,,,,,,,,10.557,1,packaging_damage_score=10.557,True,True,True
2026-01-31 01:16:00,UNIT02683,LOT018,WAFER2683,PKG02683,5,Die Attach,OSAT/ATMP,Assembly,DA-02,A,FAIL,ABNORMAL,ABNORMAL,,,,,,,,,7.838,57.844,,,,,,,,,,,,,,,2,attach_force_n=7.838; attach_offset_um=57.844,True,True,True
2026-01-31 00:53:00,UNIT02681,LOT018,WAFER2681,PKG02681,14,EOL,OSAT,Final Testing,EOL-02,B,FAIL,ABNORMAL,ABNORMAL,,,,,,,,,,,,,,,,,,,,,,,101.826,,1,eol_temperature_c=101.826,True,True,True
2026-01-31 00:16:00,UNIT02679,LOT018,WAFER2679,PKG02679,9,Singulation,ATMP,Package Processing,SG-01,C,FAIL,ABNORMAL,ABNORMAL,,,,,,,,,,,,,,,,,-0.058,,,,,,,,1,singulation_damage_score=-0.058,True,True,True
2026-01-30 23:56:00,UNIT02678,LOT018,WAFER2678,PKG02678,5,Die Attach,OSAT/ATMP,Assembly,DA-02,B,FAIL,ABNORMAL,ABNORMAL,,,,,,,,,8.215,57.604,,,,,,,,,,,,,,,1,attach_offset_um=57.604,True,True,True
2026-01-30 23:26:00,UNIT02676,LOT018,WAFER2676,PKG02676,7,Encapsulation / Molding,OSAT/ATMP,Packaging,MO-02,A,FAIL,ABNORMAL,ABNORMAL,,,,,,,,,,,,,180.487,129.605,-0.758,,,,,,,,,,1,void_percentage=-0.758,True,True,True
2026-01-30 23:14:00,UNIT02675,LOT018,WAFER2675,PKG02675,11,Burn-in,OSAT,Testing,BI-01,B,FAIL,ABNORMAL,ABNORMAL,,,,,,,,,,,,,,,,,,,118.337,4.716,,,,,1,burn_in_temperature_c=118.337,True,True,True
2026-01-30 22:48:00,UNIT02674,LOT018,WAFER2674,PKG02674,1,Wafer Inspection,ATMP,Wafer Metrology,WI-01,A,FAIL,ABNORMAL,ABNORMAL,737.667,1.464,11.961,-3.415,84.369,,,,,,,,,,,,,,,,,,,,1,warp_um=-3.415,True,True,True
2026-01-30 22:00:00,UNIT02671,LOT018,WAFER2671,PKG02671,1,Wafer Inspection,ATMP,Wafer Metrology,WI-01,C,FAIL,ABNORMAL,ABNORMAL,706.525,0.198,6.521,55.814,101.455,,,,,,,,,,,,,,,,,,,,1,warp_um=55.814,True,True,True
2026-01-30 21:12:00,UNIT02668,LOT018,WAFER2668,PKG02668,1,Wafer Inspection,ATMP,Wafer Metrology,WI-01,A,FAIL,ABNORMAL,ABNORMAL,718.075,3.07,42.402,-2.346,117.768,,,,,,,,,,,,,,,,,,,,1,warp_um=-2.346,True,True,True
2026-01-30 20:46:00,UNIT02666,LOT018,WAFER2666,PKG02666,7,Encapsulation / Molding,OSAT/ATMP,Packaging,MO-02,C,FAIL,ABNORMAL,ABNORMAL,,,,,,,,,,,,,180.801,94.699,4.89,,,,,,,,,,1,mold_cure_time_s=94.699,True,True,True
2026-01-30 20:24:00,UNIT02665,LOT018,WAFER2665,PKG02665,1,Wafer Inspection,ATMP,Wafer Metrology,WI-01,A,FAIL,ABNORMAL,ABNORMAL,682.771,0.833,23.503,49.902,94.242,,,,,,,,,,,,,,,,,,,,1,wafer_thickness_um=682.771,True,True,True
2026-01-30 20:02:00,UNIT02663,LOT018,WAFER2663,PKG02663,11,Burn-in,OSAT,Testing,BI-01,B,FAIL,ABNORMAL,ABNORMAL,,,,,,,,,,,,,,,,,,,118.579,5.557,,,,,1,burn_in_temperature_c=118.579,True,True,True
2026-01-30 19:49:00,UNIT02662,LOT018,WAFER2662,PKG02662,14,EOL,OSAT,Final Testing,EOL-01,B,FAIL,ABNORMAL,ABNORMAL,,,,,,,,,,,,,,,,,,,,,,,103.202,,1,eol_temperature_c=103.202,True,True,True
2026-01-30 19:20:00,UNIT02661,LOT018,WAFER2661,PKG02661,1,Wafer Inspection,ATMP,Wafer Metrology,WI-02,C,FAIL,ABNORMAL,ABNORMAL,759.511,-0.672,24.812,9.942,102.971,,,,,,,,,,,,,,,,,,,,1,ttv_um=-0.672,True,True,True
2026-01-30 19:10:00,UNIT02660,LOT018,WAFER2660,PKG02660,7,Encapsulation / Molding,OSAT/ATMP,Packaging,MO-01,A,FAIL,ABNORMAL,ABNORMAL,,,,,,,,,,,,,171.73,142.082,2.196,,,,,,,,,,1,mold_cure_time_s=142.082,True,True,True
2026-01-30 18:36:00,UNIT02658,LOT018,WAFER2658,PKG02658,5,Die Attach,OSAT/ATMP,Assembly,DA-02,A,FAIL,ABNORMAL,ABNORMAL,,,,,,,,,9.432,59.566,,,,,,,,,,,,,,,1,attach_offset_um=59.566,True,True,True
2026-01-30 18:19:00,UNIT02657,LOT018,WAFER2657,PKG02657,4,Wafer Dicing,ATMP,Wafer Processing,WD-02,A,FAIL,ABNORMAL,ABNORMAL,,,,,,,,44.833,,,,,,,,,,,,,,,,,1,kerf_width_um=44.833,True,True,True
2026-01-30 18:03:00,UNIT02656,LOT018,WAFER2656,PKG02656,4,Wafer Dicing,ATMP,Wafer Processing,WD-02,B,FAIL,ABNORMAL,ABNORMAL,,,,,,,,44.894,,,,,,,,,,,,,,,,,1,kerf_width_um=44.894,True,True,True
2026-01-30 17:28:00,UNIT02654,LOT018,WAFER2654,PKG02654,1,Wafer Inspection,ATMP,Wafer Metrology,WI-01,B,FAIL,ABNORMAL,ABNORMAL,768.864,3.234,27.378,23.96,127.969,,,,,,,,,,,,,,,,,,,,1,tape_thickness_um=127.969,True,True,True
2026-01-30 17:19:00,UNIT02653,LOT018,WAFER2653,PKG02653,8,Marking,ATMP,Package Marking,MK-01,C,FAIL,ABNORMAL,ABNORMAL,,,,,,,,,,,,,,,,89.524,,,,,,,,,1,marking_quality_score=89.524,True,True,True
2026-01-30 16:58:00,UNIT02652,LOT018,WAFER2652,PKG02652,3,Back Grinding,ATMP,Wafer Processing,BG-02,C,FAIL,ABNORMAL,ABNORMAL,695.335,,,,,,4.531,,,,,,,,,,,,,,,,,,1,wafer_thickness_um=695.335,True,True,True
2026-01-30 16:40:00,UNIT02651,LOT018,WAFER2651,PKG02651,1,Wafer Inspection,ATMP,Wafer Metrology,WI-01,A,FAIL,ABNORMAL,ABNORMAL,785.524,0.597,0.881,17.69,123.035,,,,,,,,,,,,,,,,,,,,1,tape_thickness_um=123.035,True,True,True
2026-01-30 16:37:00,UNIT02650,LOT018,WAFER2650,PKG02650,14,EOL,OSAT,Final Testing,EOL-01,A,FAIL,ABNORMAL,ABNORMAL,,,,,,,,,,,,,,,,,,,,,,,100.025,,1,eol_temperature_c=100.025,True,True,True
2026-01-30 15:52:00,UNIT02648,LOT018,WAFER2648,PKG02648,1,Wafer Inspection,ATMP,Wafer Metrology,WI-01,C,FAIL,ABNORMAL,ABNORMAL,702.818,1.996,39.239,27.771,122.256,,,,,,,,,,,,,,,,,,,,1,tape_thickness_um=122.256,True,True,True
2026-01-30 15:04:00,UNIT02645,LOT018,WAFER2645,PKG02645,1,Wafer Inspection,ATMP,Wafer Metrology,WI-01,B,FAIL,ABNORMAL,ABNORMAL,725.159,4.712,24.316,58.477,88.569,,,,,,,,,,,,,,,,,,,,1,warp_um=58.477,True,True,True
2026-01-30 14:48:00,UNIT02644,LOT018,WAFER2644,PKG02644,1,Wafer Inspection,ATMP,Wafer Metrology,WI-01,A,FAIL,ABNORMAL,ABNORMAL,762.754,0.019,19.013,14.524,73.743,,,,,,,,,,,,,,,,,,,,1,tape_thickness_um=73.743,True,True,True
2026-01-30 14:45:00,UNIT02643,LOT018,WAFER2643,PKG02643,14,EOL,OSAT,Final Testing,EOL-01,C,FAIL,ABNORMAL,ABNORMAL,,,,,,,,,,,,,,,,,,,,,,,103.06,,1,eol_temperature_c=103.06,True,True,True
2026-01-30 14:17:00,UNIT02642,LOT018,WAFER2642,PKG02642,2,Wafer Sort,OSAT,Wafer Test,WS-01,C,FAIL,ABNORMAL,ABNORMAL,,,,,,9.341,,,,,,,,,,,,,,,,,,,1,sort_current_a=9.341,True,True,True
2026-01-30 14:02:00,UNIT02641,LOT018,WAFER2641,PKG02641,3,Back Grinding,ATMP,Wafer Processing,BG-01,B,FAIL,ABNORMAL,ABNORMAL,757.573,,,,,,5.461,,,,,,,,,,,,,,,,,,1,thickness_variation_um=5.461,True,True,True
2026-01-30 13:44:00,UNIT02640,LOT018,WAFER2640,PKG02640,1,Wafer Inspection,ATMP,Wafer Metrology,WI-01,B,FAIL,ABNORMAL,ABNORMAL,709.339,5.786,23.534,22.349,80.074,,,,,,,,,,,,,,,,,,,,1,ttv_um=5.786,True,True,True
2026-01-30 13:22:00,UNIT02638,LOT018,WAFER2638,PKG02638,11,Burn-in,OSAT,Testing,BI-02,B,FAIL,ABNORMAL,ABNORMAL,,,,,,,,,,,,,,,,,,,120.285,3.32,,,,,1,burn_in_hours=3.32,True,True,True
2026-01-30 12:57:00,UNIT02637,LOT018,WAFER2637,PKG02637,2,Wafer Sort,OSAT,Wafer Test,WS-01,C,FAIL,ABNORMAL,ABNORMAL,,,,,,10.666,,,,,,,,,,,,,,,,,,,1,sort_current_a=10.666,True,True,True
2026-01-30 12:31:00,UNIT02635,LOT018,WAFER2635,PKG02635,8,Marking,ATMP,Package Marking,MK-02,C,FAIL,ABNORMAL,ABNORMAL,,,,,,,,,,,,,,,,89.178,,,,,,,,,1,marking_quality_score=89.178,True,True,True
2026-01-30 12:12:00,UNIT02634,LOT018,WAFER2634,PKG02634,5,Die Attach,OSAT/ATMP,Assembly,DA-01,C,FAIL,ABNORMAL,ABNORMAL,,,,,,,,,7.381,12.555,,,,,,,,,,,,,,,1,attach_force_n=7.381,True,True,True
2026-01-30 11:52:00,UNIT02633,LOT018,WAFER2633,PKG02633,1,Wafer Inspection,ATMP,Wafer Metrology,WI-02,B,FAIL,ABNORMAL,ABNORMAL,793.285,4.632,54.616,29.119,121.843,,,,,,,,,,,,,,,,,,,,2,bow_um=54.616; tape_thickness_um=121.843,True,True,True
2026-01-30 11:36:00,UNIT02632,LOT018,WAFER2632,PKG02632,1,Wafer Inspection,ATMP,Wafer Metrology,WI-01,A,FAIL,ABNORMAL,ABNORMAL,790.651,1.352,22.236,58.947,102.115,,,,,,,,,,,,,,,,,,,,1,warp_um=58.947,True,True,True
2026-01-30 11:24:00,UNIT02631,LOT018,WAFER2631,PKG02631,5,Die Attach,OSAT/ATMP,Assembly,DA-02,A,FAIL,ABNORMAL,ABNORMAL,,,,,,,,,9.366,51.688,,,,,,,,,,,,,,,1,attach_offset_um=51.688,True,True,True
2026-01-30 10:38:00,UNIT02628,LOT018,WAFER2628,PKG02628,7,Encapsulation / Molding,OSAT/ATMP,Packaging,MO-02,B,FAIL,ABNORMAL,ABNORMAL,,,,,,,,,,,,,186.636,134.546,5.08,,,,,,,,,,1,void_percentage=5.08,True,True,True
2026-01-30 10:18:00,UNIT02627,LOT018,WAFER2627,PKG02627,3,Back Grinding,ATMP,Wafer Processing,BG-02,A,FAIL,ABNORMAL,ABNORMAL,688.409,,,,,,1.647,,,,,,,,,,,,,,,,,,1,wafer_thickness_um=688.409,True,True,True
2026-01-30 10:07:00,UNIT02626,LOT018,WAFER2626,PKG02626,8,Marking,ATMP,Package Marking,MK-02,B,FAIL,ABNORMAL,ABNORMAL,,,,,,,,,,,,,,,,88.888,,,,,,,,,1,marking_quality_score=88.888,True,True,True
2026-01-30 09:44:00,UNIT02625,LOT018,WAFER2625,PKG02625,1,Wafer Inspection,ATMP,Wafer Metrology,WI-01,A,FAIL,ABNORMAL,ABNORMAL,694.889,1.193,42.373,37.151,81.978,,,,,,,,,,,,,,,,,,,,1,wafer_thickness_um=694.889,True,True,True
2026-01-30 09:28:00,UNIT02624,LOT018,WAFER2624,PKG02624,1,Wafer Inspection,ATMP,Wafer Metrology,WI-01,C,FAIL,ABNORMAL,ABNORMAL,745.042,3.102,20.205,-8.515,72.712,,,,,,,,,,,,,,,,,,,,2,warp_um=-8.515; tape_thickness_um=72.712,True,True,True
2026-01-30 08:59:00,UNIT02622,LOT018,WAFER2622,PKG02622,4,Wafer Dicing,ATMP,Wafer Processing,WD-02,B,FAIL,ABNORMAL,ABNORMAL,,,,,,,,43.82,,,,,,,,,,,,,,,,,1,kerf_width_um=43.82,True,True,True
2026-01-30 08:40:00,UNIT02621,LOT018,WAFER2621,PKG02621,1,Wafer Inspection,ATMP,Wafer Metrology,WI-01,A,FAIL,ABNORMAL,ABNORMAL,753.926,2.279,16.238,58.335,100.198,,,,,,,,,,,,,,,,,,,,1,warp_um=58.335,True,True,True
2026-01-30 08:36:00,UNIT02620,LOT018,WAFER2620,PKG02620,13,FCT,OSAT,Functional Testing,FCT-01,A,FAIL,ABNORMAL,ABNORMAL,,,,,,,,,,,,,,,,,,,,,,3.515,,,1,fct_voltage_v=3.515,True,True,True
2026-01-30 08:08:00,UNIT02619,LOT018,WAFER2619,PKG02619,1,Wafer Inspection,ATMP,Wafer Metrology,WI-02,C,FAIL,ABNORMAL,ABNORMAL,687.53,2.235,20.935,37.831,117.118,,,,,,,,,,,,,,,,,,,,1,wafer_thickness_um=687.53,True,True,True
2026-01-30 07:57:00,UNIT02618,LOT018,WAFER2618,PKG02618,6,Wire Bonding,OSAT/ATMP,Assembly,WB-01,A,FAIL,ABNORMAL,ABNORMAL,,,,,,,,,,,59.568,7.271,,,,,,,,,,,,,1,wire_bond_force_n=59.568,True,True,True
2026-01-30 07:36:00,UNIT02617,LOT018,WAFER2617,PKG02617,1,Wafer Inspection,ATMP,Wafer Metrology,WI-02,A,FAIL,ABNORMAL,ABNORMAL,758.059,4.732,58.346,48.739,110.141,,,,,,,,,,,,,,,,,,,,1,bow_um=58.346,True,True,True
2026-01-30 07:21:00,UNIT02616,LOT018,WAFER2616,PKG02616,2,Wafer Sort,OSAT,Wafer Test,WS-01,B,FAIL,ABNORMAL,ABNORMAL,,,,,,9.31,,,,,,,,,,,,,,,,,,,1,sort_current_a=9.31,True,True,True
2026-01-30 07:04:00,UNIT02615,LOT018,WAFER2615,PKG02615,1,Wafer Inspection,ATMP,Wafer Metrology,WI-02,B,FAIL,ABNORMAL,ABNORMAL,796.231,4.509,39.88,50.57,96.081,,,,,,,,,,,,,,,,,,,,1,warp_um=50.57,True,True,True
2026-01-30 06:52:00,UNIT02614,LOT018,WAFER2614,PKG02614,5,Die Attach,OSAT/ATMP,Assembly,DA-01,B,FAIL,ABNORMAL,ABNORMAL,,,,,,,,,12.458,23.66,,,,,,,,,,,,,,,1,attach_force_n=12.458,True,True,True
2026-01-30 06:43:00,UNIT02613,LOT018,WAFER2613,PKG02613,12,ICT,OSAT,Electrical Testing,ICT-02,A,FAIL,ABNORMAL,ABNORMAL,,,,,,,,,,,,,,,,,,,,,9.486,,,,1,ict_current_a=9.486,True,True,True
2026-01-30 06:20:00,UNIT02612,LOT018,WAFER2612,PKG02612,5,Die Attach,OSAT/ATMP,Assembly,DA-02,A,FAIL,ABNORMAL,ABNORMAL,,,,,,,,,12.757,21.637,,,,,,,,,,,,,,,1,attach_force_n=12.757,True,True,True
2026-01-30 05:47:00,UNIT02610,LOT018,WAFER2610,PKG02610,4,Wafer Dicing,ATMP,Wafer Processing,WD-01,C,FAIL,ABNORMAL,ABNORMAL,,,,,,,,55.674,,,,,,,,,,,,,,,,,1,kerf_width_um=55.674,True,True,True
2026-01-30 05:28:00,UNIT02609,LOT018,WAFER2609,PKG02609,1,Wafer Inspection,ATMP,Wafer Metrology,WI-01,A,FAIL,ABNORMAL,ABNORMAL,804.607,3.114,44.361,2.045,119.409,,,,,,,,,,,,,,,,,,,,1,wafer_thickness_um=804.607,True,True,True
2026-01-30 04:40:00,UNIT02606,LOT018,WAFER2606,PKG02606,1,Wafer Inspection,ATMP,Wafer Metrology,WI-02,B,FAIL,ABNORMAL,ABNORMAL,705.345,-0.008,21.203,46.368,108.971,,,,,,,,,,,,,,,,,,,,1,ttv_um=-0.008,True,True,True
2026-01-30 04:38:00,UNIT02605,LOT018,WAFER2605,PKG02605,15,Final Inspection,ATMP,Final Inspection,FI-01,B,FAIL,ABNORMAL,ABNORMAL,,,,,,,,,,,,,,,,88.587,,10.011,,,,,,,1,marking_quality_score=88.587,True,True,True
2026-01-30 04:09:00,UNIT02604,LOT018,WAFER2604,PKG02604,2,Wafer Sort,OSAT,Wafer Test,WS-01,A,FAIL,ABNORMAL,ABNORMAL,,,,,,10.608,,,,,,,,,,,,,,,,,,,1,sort_current_a=10.608,True,True,True
2026-01-30 03:36:00,UNIT02602,LOT018,WAFER2602,PKG02602,1,Wafer Inspection,ATMP,Wafer Metrology,WI-02,C,FAIL,ABNORMAL,ABNORMAL,692.28,4.383,18.914,45.113,81.477,,,,,,,,,,,,,,,,,,,,1,wafer_thickness_um=692.28,True,True,True
2026-01-30 03:26:00,UNIT02601,LOT018,WAFER2601,PKG02601,7,Encapsulation / Molding,OSAT/ATMP,Packaging,MO-02,C,FAIL,ABNORMAL,ABNORMAL,,,,,,,,,,,,,166.366,127.224,3.391,,,,,,,,,,1,mold_temperature_c=166.366,True,True,True
2026-01-30 03:07:00,UNIT02600,LOT018,WAFER2600,PKG02600,4,Wafer Dicing,ATMP,Wafer Processing,WD-02,C,FAIL,ABNORMAL,ABNORMAL,,,,,,,,43.778,,,,,,,,,,,,,,,,,1,kerf_width_um=43.778,True,True,True
2026-01-30 02:46:00,UNIT02598,LOT018,WAFER2598,PKG02598,15,Final Inspection,ATMP,Final Inspection,FI-01,A,FAIL,ABNORMAL,ABNORMAL,,,,,,,,,,,,,,,,97.43,,9.777,,,,,,,1,package_dimension_mm=9.777,True,True,True
2026-01-30 02:17:00,UNIT02597,LOT018,WAFER2597,PKG02597,2,Wafer Sort,OSAT,Wafer Test,WS-01,A,FAIL,ABNORMAL,ABNORMAL,,,,,,10.529,,,,,,,,,,,,,,,,,,,1,sort_current_a=10.529,True,True,True
2026-01-30 02:01:00,UNIT02596,LOT018,WAFER2596,PKG02596,2,Wafer Sort,OSAT,Wafer Test,WS-02,B,FAIL,ABNORMAL,ABNORMAL,,,,,,9.383,,,,,,,,,,,,,,,,,,,1,sort_current_a=9.383,True,True,True
2026-01-30 01:28:00,UNIT02594,LOT018,WAFER2594,PKG02594,1,Wafer Inspection,ATMP,Wafer Metrology,WI-01,C,FAIL,ABNORMAL,ABNORMAL,767.527,4.631,16.045,43.785,75.159,,,,,,,,,,,,,,,,,,,,1,tape_thickness_um=75.159,True,True,True
2026-01-30 01:23:00,UNIT02593,LOT018,WAFER2593,PKG02593,12,ICT,OSAT,Electrical Testing,ICT-01,C,FAIL,ABNORMAL,ABNORMAL,,,,,,,,,,,,,,,,,,,,,10.545,,,,1,ict_current_a=10.545,True,True,True
2026-01-30 01:07:00,UNIT02592,LOT018,WAFER2592,PKG02592,12,ICT,OSAT,Electrical Testing,ICT-02,A,FAIL,ABNORMAL,ABNORMAL,,,,,,,,,,,,,,,,,,,,,10.546,,,,1,ict_current_a=10.546,True,True,True
2026-01-30 00:24:00,UNIT02590,LOT018,WAFER2590,PKG02590,1,Wafer Inspection,ATMP,Wafer Metrology,WI-01,C,FAIL,ABNORMAL,ABNORMAL,789.177,0.46,-0.348,16.681,97.596,,,,,,,,,,,,,,,,,,,,1,bow_um=-0.348,True,True,True
2026-01-30 00:08:00,UNIT02589,LOT018,WAFER2589,PKG02589,1,Wafer Inspection,ATMP,Wafer Metrology,WI-01,B,FAIL,ABNORMAL,ABNORMAL,698.861,4.115,45.054,34.149,114.306,,,,,,,,,,,,,,,,,,,,1,wafer_thickness_um=698.861,True,True,True
2026-01-29 23:58:00,UNIT02588,LOT018,WAFER2588,PKG02588,7,Encapsulation / Molding,OSAT/ATMP,Packaging,MO-02,A,FAIL,ABNORMAL,ABNORMAL,,,,,,,,,,,,,169.879,135.247,2.318,,,,,,,,,,1,mold_temperature_c=169.879,True,True,True
2026-01-29 23:36:00,UNIT02587,LOT018,WAFER2587,PKG02587,1,Wafer Inspection,ATMP,Wafer Metrology,WI-02,B,FAIL,ABNORMAL,ABNORMAL,802.158,4.85,2.908,21.909,124.295,,,,,,,,,,,,,,,,,,,,2,wafer_thickness_um=802.158; tape_thickness_um=124.295,True,True,True
2026-01-29 23:20:00,UNIT02586,LOT018,WAFER2586,PKG02586,1,Wafer Inspection,ATMP,Wafer Metrology,WI-02,B,FAIL,ABNORMAL,ABNORMAL,726.107,3.193,41.422,53.003,105.417,,,,,,,,,,,,,,,,,,,,1,warp_um=53.003,True,True,True
2026-01-29 22:26:00,UNIT02582,LOT018,WAFER2582,PKG02582,11,Burn-in,OSAT,Testing,BI-02,C,FAIL,ABNORMAL,ABNORMAL,,,,,,,,,,,,,,,,,,,125.391,8.614,,,,,1,burn_in_hours=8.614,True,True,True
2026-01-29 22:00:00,UNIT02581,LOT018,WAFER2581,PKG02581,1,Wafer Inspection,ATMP,Wafer Metrology,WI-01,A,FAIL,ABNORMAL,ABNORMAL,817.815,4.489,23.296,43.508,106.698,,,,,,,,,,,,,,,,,,,,1,wafer_thickness_um=817.815,True,True,True
2026-01-29 21:33:00,UNIT02579,LOT018,WAFER2579,PKG02579,6,Wire Bonding,OSAT/ATMP,Assembly,WB-01,C,FAIL,ABNORMAL,ABNORMAL,,,,,,,,,,,67.766,10.212,,,,,,,,,,,,,1,bond_pull_strength_gf=10.212,True,True,True
2026-01-29 21:14:00,UNIT02578,LOT018,WAFER2578,PKG02578,3,Back Grinding,ATMP,Wafer Processing,BG-02,B,FAIL,ABNORMAL,ABNORMAL,745.556,,,,,,-0.617,,,,,,,,,,,,,,,,,,1,thickness_variation_um=-0.617,True,True,True
2026-01-29 20:40:00,UNIT02576,LOT018,WAFER2576,PKG02576,1,Wafer Inspection,ATMP,Wafer Metrology,WI-02,B,FAIL,ABNORMAL,ABNORMAL,763.558,-0.558,12.495,38.21,87.217,,,,,,,,,,,,,,,,,,,,1,ttv_um=-0.558,True,True,True
2026-01-29 20:28:00,UNIT02575,LOT018,WAFER2575,PKG02575,5,Die Attach,OSAT/ATMP,Assembly,DA-01,B,FAIL,ABNORMAL,ABNORMAL,,,,,,,,,7.529,39.685,,,,,,,,,,,,,,,1,attach_force_n=7.529,True,True,True
2026-01-29 19:52:00,UNIT02573,LOT018,WAFER2573,PKG02573,1,Wafer Inspection,ATMP,Wafer Metrology,WI-02,A,FAIL,ABNORMAL,ABNORMAL,791.02,3.2,52.018,4.554,116.591,,,,,,,,,,,,,,,,,,,,1,bow_um=52.018,True,True,True
2026-01-29 19:36:00,UNIT02572,LOT018,WAFER2572,PKG02572,1,Wafer Inspection,ATMP,Wafer Metrology,WI-01,A,FAIL,ABNORMAL,ABNORMAL,819.276,3.719,19.463,43.258,115.018,,,,,,,,,,,,,,,,,,,,1,wafer_thickness_um=819.276,True,True,True
2026-01-29 19:35:00,UNIT02571,LOT018,WAFER2571,PKG02571,16,Packing / Dispatch,ATMP,Packaging,PK-02,B,FAIL,ABNORMAL,ABNORMAL,,,,,,,,,,,,,,,,,,,,,,,,11.915,1,packaging_damage_score=11.915,True,True,True
2026-01-29 19:18:00,UNIT02570,LOT018,WAFER2570,PKG02570,15,Final Inspection,ATMP,Final Inspection,FI-01,A,FAIL,ABNORMAL,ABNORMAL,,,,,,,,,,,,,,,,88.952,,9.918,,,,,,,1,marking_quality_score=88.952,True,True,True
2026-01-29 18:52:00,UNIT02569,LOT018,WAFER2569,PKG02569,5,Die Attach,OSAT/ATMP,Assembly,DA-01,A,FAIL,ABNORMAL,ABNORMAL,,,,,,,,,11.364,56.633,,,,,,,,,,,,,,,1,attach_offset_um=56.633,True,True,True
2026-01-29 18:36:00,UNIT02568,LOT018,WAFER2568,PKG02568,5,Die Attach,OSAT/ATMP,Assembly,DA-02,B,FAIL,ABNORMAL,ABNORMAL,,,,,,,,,12.027,43.734,,,,,,,,,,,,,,,1,attach_force_n=12.027,True,True,True
2026-01-29 18:16:00,UNIT02567,LOT018,WAFER2567,PKG02567,1,Wafer Inspection,ATMP,Wafer Metrology,WI-02,A,FAIL,ABNORMAL,ABNORMAL,786.714,4.83,37.558,29.95,73.139,,,,,,,,,,,,,,,,,,,,1,tape_thickness_um=73.139,True,True,True
2026-01-29 18:08:00,UNIT02566,LOT018,WAFER2566,PKG02566,9,Singulation,ATMP,Package Processing,SG-01,A,FAIL,ABNORMAL,ABNORMAL,,,,,,,,,,,,,,,,,11.185,,,,,,,,1,singulation_damage_score=11.185,True,True,True
2026-01-29 17:20:00,UNIT02563,LOT018,WAFER2563,PKG02563,9,Singulation,ATMP,Package Processing,SG-01,A,FAIL,ABNORMAL,ABNORMAL,,,,,,,,,,,,,,,,,-0.592,,,,,,,,1,singulation_damage_score=-0.592,True,True,True
2026-01-29 16:41:00,UNIT02561,LOT018,WAFER2561,PKG02561,2,Wafer Sort,OSAT,Wafer Test,WS-02,B,FAIL,ABNORMAL,ABNORMAL,,,,,,10.538,,,,,,,,,,,,,,,,,,,1,sort_current_a=10.538,True,True,True
2026-01-29 16:26:00,UNIT02560,LOT018,WAFER2560,PKG02560,3,Back Grinding,ATMP,Wafer Processing,BG-02,B,FAIL,ABNORMAL,ABNORMAL,688.401,,,,,,4.704,,,,,,,,,,,,,,,,,,1,wafer_thickness_um=688.401,True,True,True
2026-01-29 16:13:00,UNIT02559,LOT018,WAFER2559,PKG02559,6,Wire Bonding,OSAT/ATMP,Assembly,WB-01,C,FAIL,ABNORMAL,ABNORMAL,,,,,,,,,,,65.821,4.894,,,,,,,,,,,,,1,bond_pull_strength_gf=4.894,True,True,True
2026-01-29 15:56:00,UNIT02558,LOT018,WAFER2558,PKG02558,5,Die Attach,OSAT/ATMP,Assembly,DA-02,C,FAIL,ABNORMAL,ABNORMAL,,,,,,,,,11.479,55.211,,,,,,,,,,,,,,,1,attach_offset_um=55.211,True,True,True
2026-01-29 15:36:00,UNIT02557,LOT018,WAFER2557,PKG02557,1,Wafer Inspection,ATMP,Wafer Metrology,WI-02,B,FAIL,ABNORMAL,ABNORMAL,693.055,4.602,41.602,35.265,92.583,,,,,,,,,,,,,,,,,,,,1,wafer_thickness_um=693.055,True,True,True
2026-01-29 15:34:00,UNIT02556,LOT018,WAFER2556,PKG02556,15,Final Inspection,ATMP,Final Inspection,FI-02,A,FAIL,ABNORMAL,ABNORMAL,,,,,,,,,,,,,,,,91.973,,10.26,,,,,,,1,package_dimension_mm=10.26,True,True,True
2026-01-29 15:10:00,UNIT02555,LOT018,WAFER2555,PKG02555,7,Encapsulation / Molding,OSAT/ATMP,Packaging,MO-02,C,FAIL,ABNORMAL,ABNORMAL,,,,,,,,,,,,,193.458,112.532,1.835,,,,,,,,,,1,mold_temperature_c=193.458,True,True,True
2026-01-29 14:48:00,UNIT02554,LOT018,WAFER2554,PKG02554,1,Wafer Inspection,ATMP,Wafer Metrology,WI-01,C,FAIL,ABNORMAL,ABNORMAL,795.394,-0.975,46.082,27.787,84.472,,,,,,,,,,,,,,,,,,,,1,ttv_um=-0.975,True,True,True
2026-01-29 14:20:00,UNIT02552,LOT018,WAFER2552,PKG02552,5,Die Attach,OSAT/ATMP,Assembly,DA-02,B,FAIL,ABNORMAL,ABNORMAL,,,,,,,,,12.197,10.446,,,,,,,,,,,,,,,1,attach_force_n=12.197,True,True,True
2026-01-29 13:54:00,UNIT02550,LOT017,WAFER2550,PKG02550,11,Burn-in,OSAT,Testing,BI-02,A,FAIL,ABNORMAL,ABNORMAL,,,,,,,,,,,,,,,,,,,122.64,8.394,,,,,1,burn_in_hours=8.394,True,True,True
2026-01-29 13:37:00,UNIT02549,LOT017,WAFER2549,PKG02549,10,Package Inspection,OSAT/ATMP,Package Inspection,PI-01,A,FAIL,ABNORMAL,ABNORMAL,,,,,,,,,,,,,,,,,,10.241,,,,,,,1,package_dimension_mm=10.241,True,True,True
2026-01-29 12:56:00,UNIT02547,LOT017,WAFER2547,PKG02547,1,Wafer Inspection,ATMP,Wafer Metrology,WI-01,B,FAIL,ABNORMAL,ABNORMAL,813.478,3.633,23.209,11.496,102.29,,,,,,,,,,,,,,,,,,,,1,wafer_thickness_um=813.478,True,True,True
2026-01-29 12:54:00,UNIT02546,LOT017,WAFER2546,PKG02546,15,Final Inspection,ATMP,Final Inspection,FI-02,C,FAIL,ABNORMAL,ABNORMAL,,,,,,,,,,,,,,,,94.858,,9.739,,,,,,,1,package_dimension_mm=9.739,True,True,True
2026-01-29 12:38:00,UNIT02545,LOT017,WAFER2545,PKG02545,15,Final Inspection,ATMP,Final Inspection,FI-01,B,FAIL,ABNORMAL,ABNORMAL,,,,,,,,,,,,,,,,93.648,,10.227,,,,,,,1,package_dimension_mm=10.227,True,True,True
2026-01-29 12:18:00,UNIT02544,LOT017,WAFER2544,PKG02544,11,Burn-in,OSAT,Testing,BI-02,C,FAIL,ABNORMAL,ABNORMAL,,,,,,,,,,,,,,,,,,,127.564,3.902,,,,,1,burn_in_hours=3.902,True,True,True
2026-01-29 11:52:00,UNIT02543,LOT017,WAFER2543,PKG02543,1,Wafer Inspection,ATMP,Wafer Metrology,WI-02,C,FAIL,ABNORMAL,ABNORMAL,737.238,-0.653,20.357,9.18,119.129,,,,,,,,,,,,,,,,,,,,1,ttv_um=-0.653,True,True,True
2026-01-29 11:05:00,UNIT02540,LOT017,WAFER2540,PKG02540,2,Wafer Sort,OSAT,Wafer Test,WS-01,A,FAIL,ABNORMAL,ABNORMAL,,,,,,9.392,,,,,,,,,,,,,,,,,,,1,sort_current_a=9.392,True,True,True
2026-01-29 10:49:00,UNIT02539,LOT017,WAFER2539,PKG02539,2,Wafer Sort,OSAT,Wafer Test,WS-02,A,FAIL,ABNORMAL,ABNORMAL,,,,,,10.577,,,,,,,,,,,,,,,,,,,1,sort_current_a=10.577,True,True,True
2026-01-29 10:34:00,UNIT02538,LOT017,WAFER2538,PKG02538,3,Back Grinding,ATMP,Wafer Processing,BG-01,C,FAIL,ABNORMAL,ABNORMAL,766.668,,,,,,5.489,,,,,,,,,,,,,,,,,,1,thickness_variation_um=5.489,True,True,True
2026-01-29 10:22:00,UNIT02537,LOT017,WAFER2537,PKG02537,7,Encapsulation / Molding,OSAT/ATMP,Packaging,MO-01,A,FAIL,ABNORMAL,ABNORMAL,,,,,,,,,,,,,168.504,107.371,2.989,,,,,,,,,,1,mold_temperature_c=168.504,True,True,True
2026-01-29 10:07:00,UNIT02536,LOT017,WAFER2536,PKG02536,8,Marking,ATMP,Package Marking,MK-02,C,FAIL,ABNORMAL,ABNORMAL,,,,,,,,,,,,,,,,101.126,,,,,,,,,1,marking_quality_score=101.126,True,True,True
2026-01-29 09:52:00,UNIT02535,LOT017,WAFER2535,PKG02535,9,Singulation,ATMP,Package Processing,SG-01,B,FAIL,ABNORMAL,ABNORMAL,,,,,,,,,,,,,,,,,-0.345,,,,,,,,1,singulation_damage_score=-0.345,True,True,True
2026-01-29 09:18:00,UNIT02533,LOT017,WAFER2533,PKG02533,7,Encapsulation / Molding,OSAT/ATMP,Packaging,MO-02,C,FAIL,ABNORMAL,ABNORMAL,,,,,,,,,,,,,177.203,97.742,0.102,,,,,,,,,,1,mold_cure_time_s=97.742,True,True,True
2026-01-29 08:44:00,UNIT02531,LOT017,WAFER2531,PKG02531,5,Die Attach,OSAT/ATMP,Assembly,DA-01,C,FAIL,ABNORMAL,ABNORMAL,,,,,,,,,12.629,4.535,,,,,,,,,,,,,,,1,attach_force_n=12.629,True,True,True
2026-01-29 08:37:00,UNIT02530,LOT017,WAFER2530,PKG02530,14,EOL,OSAT,Final Testing,EOL-01,C,FAIL,ABNORMAL,ABNORMAL,,,,,,,,,,,,,,,,,,,,,,,102.183,,1,eol_temperature_c=102.183,True,True,True
2026-01-29 08:08:00,UNIT02529,LOT017,WAFER2529,PKG02529,1,Wafer Inspection,ATMP,Wafer Metrology,WI-02,A,FAIL,ABNORMAL,ABNORMAL,759.213,0.217,22.145,55.302,90.721,,,,,,,,,,,,,,,,,,,,1,warp_um=55.302,True,True,True
2026-01-29 07:59:00,UNIT02528,LOT017,WAFER2528,PKG02528,8,Marking,ATMP,Package Marking,MK-01,C,FAIL,ABNORMAL,ABNORMAL,,,,,,,,,,,,,,,,89.195,,,,,,,,,1,marking_quality_score=89.195,True,True,True
2026-01-29 07:24:00,UNIT02526,LOT017,WAFER2526,PKG02526,5,Die Attach,OSAT/ATMP,Assembly,DA-01,C,FAIL,ABNORMAL,ABNORMAL,,,,,,,,,11.97,52.912,,,,,,,,,,,,,,,1,attach_offset_um=52.912,True,True,True
2026-01-29 07:04:00,UNIT02525,LOT017,WAFER2525,PKG02525,1,Wafer Inspection,ATMP,Wafer Metrology,WI-01,C,FAIL,ABNORMAL,ABNORMAL,710.098,2.232,-3.883,46.511,109.563,,,,,,,,,,,,,,,,,,,,1,bow_um=-3.883,True,True,True
2026-01-29 06:54:00,UNIT02524,LOT017,WAFER2524,PKG02524,7,Encapsulation / Molding,OSAT/ATMP,Packaging,MO-02,A,FAIL,ABNORMAL,ABNORMAL,,,,,,,,,,,,,168.156,109.048,1.49,,,,,,,,,,1,mold_temperature_c=168.156,True,True,True
2026-01-29 06:34:00,UNIT02523,LOT017,WAFER2523,PKG02523,3,Back Grinding,ATMP,Wafer Processing,BG-01,C,FAIL,ABNORMAL,ABNORMAL,818.268,,,,,,3.778,,,,,,,,,,,,,,,,,,1,wafer_thickness_um=818.268,True,True,True
2026-01-29 06:17:00,UNIT02522,LOT017,WAFER2522,PKG02522,2,Wafer Sort,OSAT,Wafer Test,WS-01,C,FAIL,ABNORMAL,ABNORMAL,,,,,,9.361,,,,,,,,,,,,,,,,,,,1,sort_current_a=9.361,True,True,True
2026-01-29 05:44:00,UNIT02520,LOT017,WAFER2520,PKG02520,1,Wafer Inspection,ATMP,Wafer Metrology,WI-01,A,FAIL,ABNORMAL,ABNORMAL,783.017,0.569,43.83,56.83,93.018,,,,,,,,,,,,,,,,,,,,1,warp_um=56.83,True,True,True
2026-01-29 05:40:00,UNIT02519,LOT017,WAFER2519,PKG02519,13,FCT,OSAT,Functional Testing,FCT-02,C,FAIL,ABNORMAL,ABNORMAL,,,,,,,,,,,,,,,,,,,,,,3.096,,,1,fct_voltage_v=3.096,True,True,True
2026-01-29 05:22:00,UNIT02518,LOT017,WAFER2518,PKG02518,11,Burn-in,OSAT,Testing,BI-02,B,FAIL,ABNORMAL,ABNORMAL,,,,,,,,,,,,,,,,,,,118.379,5.109,,,,,1,burn_in_temperature_c=118.379,True,True,True
2026-01-29 04:52:00,UNIT02516,LOT017,WAFER2516,PKG02516,13,FCT,OSAT,Functional Testing,FCT-02,A,FAIL,ABNORMAL,ABNORMAL,,,,,,,,,,,,,,,,,,,,,,3.029,,,1,fct_voltage_v=3.029,True,True,True
2026-01-29 04:37:00,UNIT02515,LOT017,WAFER2515,PKG02515,14,EOL,OSAT,Final Testing,EOL-01,A,FAIL,ABNORMAL,ABNORMAL,,,,,,,,,,,,,,,,,,,,,,,100.12,,1,eol_temperature_c=100.12,True,True,True
2026-01-29 04:14:00,UNIT02514,LOT017,WAFER2514,PKG02514,7,Encapsulation / Molding,OSAT/ATMP,Packaging,MO-02,C,FAIL,ABNORMAL,ABNORMAL,,,,,,,,,,,,,167.808,113.324,2.37,,,,,,,,,,1,mold_temperature_c=167.808,True,True,True
2026-01-29 03:52:00,UNIT02513,LOT017,WAFER2513,PKG02513,1,Wafer Inspection,ATMP,Wafer Metrology,WI-02,C,FAIL,ABNORMAL,ABNORMAL,750.58,1.284,42.847,56.575,126.866,,,,,,,,,,,,,,,,,,,,2,warp_um=56.575; tape_thickness_um=126.866,True,True,True
2026-01-29 03:42:00,UNIT02512,LOT017,WAFER2512,PKG02512,7,Encapsulation / Molding,OSAT/ATMP,Packaging,MO-02,B,FAIL,ABNORMAL,ABNORMAL,,,,,,,,,,,,,180.748,96.438,3.259,,,,,,,,,,1,mold_cure_time_s=96.438,True,True,True
2026-01-29 03:26:00,UNIT02511,LOT017,WAFER2511,PKG02511,7,Encapsulation / Molding,OSAT/ATMP,Packaging,MO-01,C,FAIL,ABNORMAL,ABNORMAL,,,,,,,,,,,,,169.074,128.052,1.257,,,,,,,,,,1,mold_temperature_c=169.074,True,True,True
2026-01-29 03:07:00,UNIT02510,LOT017,WAFER2510,PKG02510,4,Wafer Dicing,ATMP,Wafer Processing,WD-01,C,FAIL,ABNORMAL,ABNORMAL,,,,,,,,43.457,,,,,,,,,,,,,,,,,1,kerf_width_um=43.457,True,True,True
2026-01-29 02:50:00,UNIT02509,LOT017,WAFER2509,PKG02509,3,Back Grinding,ATMP,Wafer Processing,BG-02,C,FAIL,ABNORMAL,ABNORMAL,707.681,,,,,,5.509,,,,,,,,,,,,,,,,,,1,thickness_variation_um=5.509,True,True,True
2026-01-29 02:32:00,UNIT02508,LOT017,WAFER2508,PKG02508,1,Wafer Inspection,ATMP,Wafer Metrology,WI-01,C,FAIL,ABNORMAL,ABNORMAL,764.17,-0.262,6.141,12.866,87.763,,,,,,,,,,,,,,,,,,,,1,ttv_um=-0.262,True,True,True
2026-01-29 02:19:00,UNIT02507,LOT017,WAFER2507,PKG02507,4,Wafer Dicing,ATMP,Wafer Processing,WD-02,A,FAIL,ABNORMAL,ABNORMAL,,,,,,,,55.882,,,,,,,,,,,,,,,,,1,kerf_width_um=55.882,True,True,True
2026-01-29 02:05:00,UNIT02506,LOT017,WAFER2506,PKG02506,6,Wire Bonding,OSAT/ATMP,Assembly,WB-01,C,FAIL,ABNORMAL,ABNORMAL,,,,,,,,,,,59.071,7.239,,,,,,,,,,,,,1,wire_bond_force_n=59.071,True,True,True
2026-01-29 01:33:00,UNIT02504,LOT017,WAFER2504,PKG02504,6,Wire Bonding,OSAT/ATMP,Assembly,WB-01,B,FAIL,ABNORMAL,ABNORMAL,,,,,,,,,,,71.834,6.15,,,,,,,,,,,,,1,wire_bond_force_n=71.834,True,True,True
2026-01-29 01:12:00,UNIT02503,LOT017,WAFER2503,PKG02503,1,Wafer Inspection,ATMP,Wafer Metrology,WI-01,A,FAIL,ABNORMAL,ABNORMAL,790.79,0.693,11.844,-0.815,81.581,,,,,,,,,,,,,,,,,,,,1,warp_um=-0.815,True,True,True
2026-01-29 00:56:00,UNIT02502,LOT017,WAFER2502,PKG02502,1,Wafer Inspection,ATMP,Wafer Metrology,WI-02,A,FAIL,ABNORMAL,ABNORMAL,757.876,5.805,52.618,20.983,102.191,,,,,,,,,,,,,,,,,,,,2,ttv_um=5.805; bow_um=52.618,True,True,True
2026-01-29 00:24:00,UNIT02500,LOT017,WAFER2500,PKG02500,1,Wafer Inspection,ATMP,Wafer Metrology,WI-01,B,FAIL,ABNORMAL,ABNORMAL,771.846,2.458,22.169,-4.735,91.745,,,,,,,,,,,,,,,,,,,,1,warp_um=-4.735,True,True,True
2026-01-29 00:17:00,UNIT02499,LOT017,WAFER2499,PKG02499,10,Package Inspection,OSAT/ATMP,Package Inspection,PI-01,A,FAIL,ABNORMAL,ABNORMAL,,,,,,,,,,,,,,,,,,10.262,,,,,,,1,package_dimension_mm=10.262,True,True,True
2026-01-29 00:07:00,UNIT02498,LOT017,WAFER2498,PKG02498,16,Packing / Dispatch,ATMP,Packaging,PK-02,A,FAIL,ABNORMAL,ABNORMAL,,,,,,,,,,,,,,,,,,,,,,,,-1.675,1,packaging_damage_score=-1.675,True,True,True
2026-01-28 23:42:00,UNIT02497,LOT017,WAFER2497,PKG02497,7,Encapsulation / Molding,OSAT/ATMP,Packaging,MO-01,A,FAIL,ABNORMAL,ABNORMAL,,,,,,,,,,,,,184.939,142.441,2.375,,,,,,,,,,1,mold_cure_time_s=142.441,True,True,True
2026-01-28 23:04:00,UNIT02495,LOT017,WAFER2495,PKG02495,1,Wafer Inspection,ATMP,Wafer Metrology,WI-02,C,FAIL,ABNORMAL,ABNORMAL,734.134,4.954,57.188,25.693,103.175,,,,,,,,,,,,,,,,,,,,1,bow_um=57.188,True,True,True
2026-01-28 22:54:00,UNIT02494,LOT017,WAFER2494,PKG02494,7,Encapsulation / Molding,OSAT/ATMP,Packaging,MO-01,C,FAIL,ABNORMAL,ABNORMAL,,,,,,,,,,,,,177.365,127.001,5.351,,,,,,,,,,1,void_percentage=5.351,True,True,True
2026-01-28 22:32:00,UNIT02493,LOT017,WAFER2493,PKG02493,1,Wafer Inspection,ATMP,Wafer Metrology,WI-02,A,FAIL,ABNORMAL,ABNORMAL,718.531,0.249,41.245,16.27,72.868,,,,,,,,,,,,,,,,,,,,1,tape_thickness_um=72.868,True,True,True
2026-01-28 22:22:00,UNIT02492,LOT017,WAFER2492,PKG02492,7,Encapsulation / Molding,OSAT/ATMP,Packaging,MO-02,B,FAIL,ABNORMAL,ABNORMAL,,,,,,,,,,,,,181.07,93.099,3.373,,,,,,,,,,1,mold_cure_time_s=93.099,True,True,True
2026-01-28 22:00:00,UNIT02491,LOT017,WAFER2491,PKG02491,1,Wafer Inspection,ATMP,Wafer Metrology,WI-01,C,FAIL,ABNORMAL,ABNORMAL,717.327,4.286,28.866,2.969,74.407,,,,,,,,,,,,,,,,,,,,1,tape_thickness_um=74.407,True,True,True
2026-01-28 21:38:00,UNIT02489,LOT017,WAFER2489,PKG02489,11,Burn-in,OSAT,Testing,BI-01,A,FAIL,ABNORMAL,ABNORMAL,,,,,,,,,,,,,,,,,,,122.721,8.216,,,,,1,burn_in_hours=8.216,True,True,True
2026-01-28 21:01:00,UNIT02487,LOT017,WAFER2487,PKG02487,6,Wire Bonding,OSAT/ATMP,Assembly,WB-01,B,FAIL,ABNORMAL,ABNORMAL,,,,,,,,,,,58.541,5.457,,,,,,,,,,,,,1,wire_bond_force_n=58.541,True,True,True
2026-01-28 20:52:00,UNIT02486,LOT017,WAFER2486,PKG02486,13,FCT,OSAT,Functional Testing,FCT-01,C,FAIL,ABNORMAL,ABNORMAL,,,,,,,,,,,,,,,,,,,,,,3.031,,,1,fct_voltage_v=3.031,True,True,True
2026-01-28 20:26:00,UNIT02485,LOT017,WAFER2485,PKG02485,3,Back Grinding,ATMP,Wafer Processing,BG-01,B,FAIL,ABNORMAL,ABNORMAL,696.415,,,,,,2.807,,,,,,,,,,,,,,,,,,1,wafer_thickness_um=696.415,True,True,True
2026-01-28 19:52:00,UNIT02483,LOT017,WAFER2483,PKG02483,1,Wafer Inspection,ATMP,Wafer Metrology,WI-01,C,FAIL,ABNORMAL,ABNORMAL,779.472,0.789,-8.217,22.808,89.364,,,,,,,,,,,,,,,,,,,,1,bow_um=-8.217,True,True,True
2026-01-28 19:25:00,UNIT02481,LOT017,WAFER2481,PKG02481,6,Wire Bonding,OSAT/ATMP,Assembly,WB-01,A,FAIL,ABNORMAL,ABNORMAL,,,,,,,,,,,70.978,5.35,,,,,,,,,,,,,1,wire_bond_force_n=70.978,True,True,True
2026-01-28 19:04:00,UNIT02480,LOT017,WAFER2480,PKG02480,1,Wafer Inspection,ATMP,Wafer Metrology,WI-02,B,FAIL,ABNORMAL,ABNORMAL,768.497,2.367,10.807,58.471,93.667,,,,,,,,,,,,,,,,,,,,1,warp_um=58.471,True,True,True
2026-01-28 18:53:00,UNIT02479,LOT017,WAFER2479,PKG02479,6,Wire Bonding,OSAT/ATMP,Assembly,WB-02,C,FAIL,ABNORMAL,ABNORMAL,,,,,,,,,,,71.547,9.15,,,,,,,,,,,,,1,wire_bond_force_n=71.547,True,True,True
2026-01-28 18:32:00,UNIT02478,LOT017,WAFER2478,PKG02478,1,Wafer Inspection,ATMP,Wafer Metrology,WI-01,C,FAIL,ABNORMAL,ABNORMAL,809.568,4.042,28.234,44.422,100.567,,,,,,,,,,,,,,,,,,,,1,wafer_thickness_um=809.568,True,True,True
2026-01-28 18:16:00,UNIT02477,LOT017,WAFER2477,PKG02477,1,Wafer Inspection,ATMP,Wafer Metrology,WI-02,A,FAIL,ABNORMAL,ABNORMAL,784.56,1.817,-8.252,22.774,99.934,,,,,,,,,,,,,,,,,,,,1,bow_um=-8.252,True,True,True
2026-01-28 18:00:00,UNIT02476,LOT017,WAFER2476,PKG02476,1,Wafer Inspection,ATMP,Wafer Metrology,WI-01,C,FAIL,ABNORMAL,ABNORMAL,771.463,5.54,27.076,58.58,98.816,,,,,,,,,,,,,,,,,,,,2,ttv_um=5.54; warp_um=58.58,True,True,True
2026-01-28 17:49:00,UNIT02475,LOT017,WAFER2475,PKG02475,6,Wire Bonding,OSAT/ATMP,Assembly,WB-01,C,FAIL,ABNORMAL,ABNORMAL,,,,,,,,,,,68.324,10.346,,,,,,,,,,,,,1,bond_pull_strength_gf=10.346,True,True,True
2026-01-28 17:12:00,UNIT02473,LOT017,WAFER2473,PKG02473,1,Wafer Inspection,ATMP,Wafer Metrology,WI-01,A,FAIL,ABNORMAL,ABNORMAL,808.299,4.579,30.561,14.72,102.579,,,,,,,,,,,,,,,,,,,,1,wafer_thickness_um=808.299,True,True,True
2026-01-28 16:47:00,UNIT02471,LOT017,WAFER2471,PKG02471,8,Marking,ATMP,Package Marking,MK-02,C,FAIL,ABNORMAL,ABNORMAL,,,,,,,,,,,,,,,,101.291,,,,,,,,,1,marking_quality_score=101.291,True,True,True
2026-01-28 16:28:00,UNIT02470,LOT017,WAFER2470,PKG02470,5,Die Attach,OSAT/ATMP,Assembly,DA-01,B,FAIL,ABNORMAL,ABNORMAL,,,,,,,,,12.735,0.531,,,,,,,,,,,,,,,1,attach_force_n=12.735,True,True,True
2026-01-28 16:08:00,UNIT02469,LOT017,WAFER2469,PKG02469,1,Wafer Inspection,ATMP,Wafer Metrology,WI-02,C,FAIL,ABNORMAL,ABNORMAL,792.07,0.701,36.783,47.972,73.179,,,,,,,,,,,,,,,,,,,,1,tape_thickness_um=73.179,True,True,True
2026-01-28 15:36:00,UNIT02467,LOT017,WAFER2467,PKG02467,1,Wafer Inspection,ATMP,Wafer Metrology,WI-02,A,FAIL,ABNORMAL,ABNORMAL,739.382,4.254,59.272,5.812,111.118,,,,,,,,,,,,,,,,,,,,1,bow_um=59.272,True,True,True
2026-01-28 15:20:00,UNIT02466,LOT017,WAFER2466,PKG02466,1,Wafer Inspection,ATMP,Wafer Metrology,WI-01,B,FAIL,ABNORMAL,ABNORMAL,811.941,0.033,45.445,24.483,90.311,,,,,,,,,,,,,,,,,,,,1,wafer_thickness_um=811.941,True,True,True
2026-01-28 14:16:00,UNIT02462,LOT017,WAFER2462,PKG02462,1,Wafer Inspection,ATMP,Wafer Metrology,WI-02,A,FAIL,ABNORMAL,ABNORMAL,817.03,1.447,33.934,25.446,88.893,,,,,,,,,,,,,,,,,,,,1,wafer_thickness_um=817.03,True,True,True
2026-01-28 14:13:00,UNIT02461,LOT017,WAFER2461,PKG02461,14,EOL,OSAT,Final Testing,EOL-02,C,FAIL,ABNORMAL,ABNORMAL,,,,,,,,,,,,,,,,,,,,,,,100.38,,1,eol_temperature_c=100.38,True,True,True
2026-01-28 13:50:00,UNIT02460,LOT017,WAFER2460,PKG02460,7,Encapsulation / Molding,OSAT/ATMP,Packaging,MO-02,A,FAIL,ABNORMAL,ABNORMAL,,,,,,,,,,,,,187.982,102.27,-0.584,,,,,,,,,,1,void_percentage=-0.584,True,True,True
2026-01-28 13:38:00,UNIT02459,LOT017,WAFER2459,PKG02459,11,Burn-in,OSAT,Testing,BI-02,B,FAIL,ABNORMAL,ABNORMAL,,,,,,,,,,,,,,,,,,,130.919,6.497,,,,,1,burn_in_temperature_c=130.919,True,True,True
2026-01-28 13:16:00,UNIT02458,LOT017,WAFER2458,PKG02458,5,Die Attach,OSAT/ATMP,Assembly,DA-02,A,FAIL,ABNORMAL,ABNORMAL,,,,,,,,,9.635,57.633,,,,,,,,,,,,,,,1,attach_offset_um=57.633,True,True,True
2026-01-28 12:59:00,UNIT02457,LOT017,WAFER2457,PKG02457,4,Wafer Dicing,ATMP,Wafer Processing,WD-01,B,FAIL,ABNORMAL,ABNORMAL,,,,,,,,44.518,,,,,,,,,,,,,,,,,1,kerf_width_um=44.518,True,True,True
2026-01-28 12:40:00,UNIT02456,LOT017,WAFER2456,PKG02456,1,Wafer Inspection,ATMP,Wafer Metrology,WI-02,C,FAIL,ABNORMAL,ABNORMAL,812.404,2.033,7.375,5.326,116.979,,,,,,,,,,,,,,,,,,,,1,wafer_thickness_um=812.404,True,True,True
2026-01-28 12:27:00,UNIT02455,LOT017,WAFER2455,PKG02455,4,Wafer Dicing,ATMP,Wafer Processing,WD-02,A,FAIL,ABNORMAL,ABNORMAL,,,,,,,,43.812,,,,,,,,,,,,,,,,,1,kerf_width_um=43.812,True,True,True
2026-01-28 12:18:00,UNIT02454,LOT017,WAFER2454,PKG02454,11,Burn-in,OSAT,Testing,BI-01,A,FAIL,ABNORMAL,ABNORMAL,,,,,,,,,,,,,,,,,,,121.993,3.476,,,,,1,burn_in_hours=3.476,True,True,True
2026-01-28 11:56:00,UNIT02453,LOT017,WAFER2453,PKG02453,5,Die Attach,OSAT/ATMP,Assembly,DA-01,A,FAIL,ABNORMAL,ABNORMAL,,,,,,,,,10.326,52.261,,,,,,,,,,,,,,,1,attach_offset_um=52.261,True,True,True
2026-01-28 11:24:00,UNIT02451,LOT017,WAFER2451,PKG02451,5,Die Attach,OSAT/ATMP,Assembly,DA-01,A,FAIL,ABNORMAL,ABNORMAL,,,,,,,,,12.036,29.239,,,,,,,,,,,,,,,1,attach_force_n=12.036,True,True,True
2026-01-28 11:10:00,UNIT02450,LOT017,WAFER2450,PKG02450,7,Encapsulation / Molding,OSAT/ATMP,Packaging,MO-02,A,FAIL,ABNORMAL,ABNORMAL,,,,,,,,,,,,,190.897,137.162,2.86,,,,,,,,,,1,mold_temperature_c=190.897,True,True,True
2026-01-28 10:50:00,UNIT02449,LOT017,WAFER2449,PKG02449,3,Back Grinding,ATMP,Wafer Processing,BG-02,A,FAIL,ABNORMAL,ABNORMAL,709.136,,,,,,-0.887,,,,,,,,,,,,,,,,,,1,thickness_variation_um=-0.887,True,True,True
2026-01-28 10:16:00,UNIT02447,LOT017,WAFER2447,PKG02447,1,Wafer Inspection,ATMP,Wafer Metrology,WI-02,C,FAIL,ABNORMAL,ABNORMAL,754.497,1.425,31.139,29.91,78.709,,,,,,,,,,,,,,,,,,,,1,tape_thickness_um=78.709,True,True,True
2026-01-28 10:00:00,UNIT02446,LOT017,WAFER2446,PKG02446,1,Wafer Inspection,ATMP,Wafer Metrology,WI-02,B,FAIL,ABNORMAL,ABNORMAL,798.49,4.125,31.72,3.038,120.599,,,,,,,,,,,,,,,,,,,,1,tape_thickness_um=120.599,True,True,True
2026-01-28 09:50:00,UNIT02445,LOT017,WAFER2445,PKG02445,7,Encapsulation / Molding,OSAT/ATMP,Packaging,MO-02,B,FAIL,ABNORMAL,ABNORMAL,,,,,,,,,,,,,176.613,121.254,5.033,,,,,,,,,,1,void_percentage=5.033,True,True,True
2026-01-28 09:28:00,UNIT02444,LOT017,WAFER2444,PKG02444,1,Wafer Inspection,ATMP,Wafer Metrology,WI-01,A,FAIL,ABNORMAL,ABNORMAL,701.209,2.31,26.14,31.08,120.803,,,,,,,,,,,,,,,,,,,,1,tape_thickness_um=120.803,True,True,True
2026-01-28 09:12:00,UNIT02443,LOT017,WAFER2443,PKG02443,1,Wafer Inspection,ATMP,Wafer Metrology,WI-01,B,FAIL,ABNORMAL,ABNORMAL,720.621,3.486,0.704,6.315,75.402,,,,,,,,,,,,,,,,,,,,1,tape_thickness_um=75.402,True,True,True
2026-01-28 09:00:00,UNIT02442,LOT017,WAFER2442,PKG02442,5,Die Attach,OSAT/ATMP,Assembly,DA-02,B,FAIL,ABNORMAL,ABNORMAL,,,,,,,,,9.63,-2.815,,,,,,,,,,,,,,,1,attach_offset_um=-2.815,True,True,True
2026-01-28 08:44:00,UNIT02441,LOT017,WAFER2441,PKG02441,5,Die Attach,OSAT/ATMP,Assembly,DA-02,C,FAIL,ABNORMAL,ABNORMAL,,,,,,,,,11.902,-6.531,,,,,,,,,,,,,,,1,attach_offset_um=-6.531,True,True,True
2026-01-28 08:24:00,UNIT02440,LOT017,WAFER2440,PKG02440,1,Wafer Inspection,ATMP,Wafer Metrology,WI-02,C,FAIL,ABNORMAL,ABNORMAL,738.21,2.902,57.323,30.268,107.135,,,,,,,,,,,,,,,,,,,,1,bow_um=57.323,True,True,True
2026-01-28 08:09:00,UNIT02439,LOT017,WAFER2439,PKG02439,2,Wafer Sort,OSAT,Wafer Test,WS-02,C,FAIL,ABNORMAL,ABNORMAL,,,,,,10.551,,,,,,,,,,,,,,,,,,,1,sort_current_a=10.551,True,True,True
2026-01-28 07:37:00,UNIT02437,LOT017,WAFER2437,PKG02437,2,Wafer Sort,OSAT,Wafer Test,WS-01,A,FAIL,ABNORMAL,ABNORMAL,,,,,,10.53,,,,,,,,,,,,,,,,,,,1,sort_current_a=10.53,True,True,True
2026-01-28 07:20:00,UNIT02436,LOT017,WAFER2436,PKG02436,1,Wafer Inspection,ATMP,Wafer Metrology,WI-02,A,FAIL,ABNORMAL,ABNORMAL,805.732,4.559,22.757,40.186,90.233,,,,,,,,,,,,,,,,,,,,1,wafer_thickness_um=805.732,True,True,True
2026-01-28 07:04:00,UNIT02435,LOT017,WAFER2435,PKG02435,1,Wafer Inspection,ATMP,Wafer Metrology,WI-02,A,FAIL,ABNORMAL,ABNORMAL,699.921,2.796,43.992,21.302,108.909,,,,,,,,,,,,,,,,,,,,1,wafer_thickness_um=699.921,True,True,True
2026-01-28 06:48:00,UNIT02434,LOT017,WAFER2434,PKG02434,1,Wafer Inspection,ATMP,Wafer Metrology,WI-01,A,FAIL,ABNORMAL,ABNORMAL,780.226,4.581,4.112,15.702,122.388,,,,,,,,,,,,,,,,,,,,1,tape_thickness_um=122.388,True,True,True
2026-01-28 06:41:00,UNIT02433,LOT017,WAFER2433,PKG02433,10,Package Inspection,OSAT/ATMP,Package Inspection,PI-01,A,FAIL,ABNORMAL,ABNORMAL,,,,,,,,,,,,,,,,,,9.757,,,,,,,1,package_dimension_mm=9.757,True,True,True
2026-01-28 06:00:00,UNIT02431,LOT017,WAFER2431,PKG02431,1,Wafer Inspection,ATMP,Wafer Metrology,WI-01,A,FAIL,ABNORMAL,ABNORMAL,814.732,0.095,-7.602,20.649,103.313,,,,,,,,,,,,,,,,,,,,2,wafer_thickness_um=814.732; bow_um=-7.602,True,True,True
2026-01-28 05:54:00,UNIT02430,LOT017,WAFER2430,PKG02430,11,Burn-in,OSAT,Testing,BI-01,C,FAIL,ABNORMAL,ABNORMAL,,,,,,,,,,,,,,,,,,,118.441,7.724,,,,,1,burn_in_temperature_c=118.441,True,True,True
2026-01-28 05:28:00,UNIT02429,LOT017,WAFER2429,PKG02429,1,Wafer Inspection,ATMP,Wafer Metrology,WI-01,C,FAIL,ABNORMAL,ABNORMAL,779.391,1.58,11.177,59.696,112.103,,,,,,,,,,,,,,,,,,,,1,warp_um=59.696,True,True,True
2026-01-28 05:18:00,UNIT02428,LOT017,WAFER2428,PKG02428,7,Encapsulation / Molding,OSAT/ATMP,Packaging,MO-02,A,FAIL,ABNORMAL,ABNORMAL,,,,,,,,,,,,,176.742,138.551,5.171,,,,,,,,,,1,void_percentage=5.171,True,True,True
2026-01-28 04:40:00,UNIT02426,LOT017,WAFER2426,PKG02426,1,Wafer Inspection,ATMP,Wafer Metrology,WI-02,A,FAIL,ABNORMAL,ABNORMAL,697.696,2.592,20.064,45.275,83.734,,,,,,,,,,,,,,,,,,,,1,wafer_thickness_um=697.696,True,True,True
2026-01-28 04:26:00,UNIT02425,LOT017,WAFER2425,PKG02425,3,Back Grinding,ATMP,Wafer Processing,BG-01,C,FAIL,ABNORMAL,ABNORMAL,713.285,,,,,,5.335,,,,,,,,,,,,,,,,,,1,thickness_variation_um=5.335,True,True,True
2026-01-28 04:23:00,UNIT02424,LOT017,WAFER2424,PKG02424,16,Packing / Dispatch,ATMP,Packaging,PK-02,A,FAIL,ABNORMAL,ABNORMAL,,,,,,,,,,,,,,,,,,,,,,,,10.171,1,packaging_damage_score=10.171,True,True,True
2026-01-28 03:54:00,UNIT02423,LOT017,WAFER2423,PKG02423,3,Back Grinding,ATMP,Wafer Processing,BG-02,C,FAIL,ABNORMAL,ABNORMAL,750.026,,,,,,5.273,,,,,,,,,,,,,,,,,,1,thickness_variation_um=5.273,True,True,True
2026-01-28 03:36:00,UNIT02422,LOT017,WAFER2422,PKG02422,1,Wafer Inspection,ATMP,Wafer Metrology,WI-02,B,FAIL,ABNORMAL,ABNORMAL,730.503,3.196,-4.207,43.439,111.649,,,,,,,,,,,,,,,,,,,,1,bow_um=-4.207,True,True,True
2026-01-28 03:20:00,UNIT02421,LOT017,WAFER2421,PKG02421,1,Wafer Inspection,ATMP,Wafer Metrology,WI-01,C,FAIL,ABNORMAL,ABNORMAL,805.903,0.353,20.63,30.809,87.14,,,,,,,,,,,,,,,,,,,,1,wafer_thickness_um=805.903,True,True,True
2026-01-28 03:09:00,UNIT02420,LOT017,WAFER2420,PKG02420,6,Wire Bonding,OSAT/ATMP,Assembly,WB-02,A,FAIL,ABNORMAL,ABNORMAL,,,,,,,,,,,58.134,7.064,,,,,,,,,,,,,1,wire_bond_force_n=58.134,True,True,True
2026-01-28 02:49:00,UNIT02419,LOT017,WAFER2419,PKG02419,2,Wafer Sort,OSAT,Wafer Test,WS-02,B,FAIL,ABNORMAL,ABNORMAL,,,,,,10.605,,,,,,,,,,,,,,,,,,,1,sort_current_a=10.605,True,True,True
2026-01-28 02:37:00,UNIT02418,LOT017,WAFER2418,PKG02418,6,Wire Bonding,OSAT/ATMP,Assembly,WB-02,B,FAIL,ABNORMAL,ABNORMAL,,,,,,,,,,,70.173,8.018,,,,,,,,,,,,,1,wire_bond_force_n=70.173,True,True,True
2026-01-28 02:00:00,UNIT02416,LOT017,WAFER2416,PKG02416,1,Wafer Inspection,ATMP,Wafer Metrology,WI-01,B,FAIL,ABNORMAL,ABNORMAL,699.332,3.062,2.822,27.969,91.088,,,,,,,,,,,,,,,,,,,,1,wafer_thickness_um=699.332,True,True,True
2026-01-28 01:44:00,UNIT02415,LOT017,WAFER2415,PKG02415,1,Wafer Inspection,ATMP,Wafer Metrology,WI-01,C,FAIL,ABNORMAL,ABNORMAL,815.709,0.154,49.625,41.423,106.836,,,,,,,,,,,,,,,,,,,,1,wafer_thickness_um=815.709,True,True,True
2026-01-28 01:23:00,UNIT02413,LOT017,WAFER2413,PKG02413,12,ICT,OSAT,Electrical Testing,ICT-01,C,FAIL,ABNORMAL,ABNORMAL,,,,,,,,,,,,,,,,,,,,,10.683,,,,1,ict_current_a=10.683,True,True,True
2026-01-28 01:08:00,UNIT02412,LOT017,WAFER2412,PKG02412,13,FCT,OSAT,Functional Testing,FCT-01,B,FAIL,ABNORMAL,ABNORMAL,,,,,,,,,,,,,,,,,,,,,,3.537,,,1,fct_voltage_v=3.537,True,True,True
2026-01-28 00:43:00,UNIT02411,LOT017,WAFER2411,PKG02411,4,Wafer Dicing,ATMP,Wafer Processing,WD-01,A,FAIL,ABNORMAL,ABNORMAL,,,,,,,,43.821,,,,,,,,,,,,,,,,,1,kerf_width_um=43.821,True,True,True
2026-01-28 00:10:00,UNIT02409,LOT017,WAFER2409,PKG02409,3,Back Grinding,ATMP,Wafer Processing,BG-02,A,FAIL,ABNORMAL,ABNORMAL,688.527,,,,,,1.409,,,,,,,,,,,,,,,,,,1,wafer_thickness_um=688.527,True,True,True
2026-01-27 23:56:00,UNIT02408,LOT017,WAFER2408,PKG02408,5,Die Attach,OSAT/ATMP,Assembly,DA-02,A,FAIL,ABNORMAL,ABNORMAL,,,,,,,,,7.739,58.959,,,,,,,,,,,,,,,2,attach_force_n=7.739; attach_offset_um=58.959,True,True,True
2026-01-27 23:36:00,UNIT02407,LOT017,WAFER2407,PKG02407,1,Wafer Inspection,ATMP,Wafer Metrology,WI-01,C,FAIL,ABNORMAL,ABNORMAL,691.944,2.385,15.567,0.168,78.116,,,,,,,,,,,,,,,,,,,,2,wafer_thickness_um=691.944; tape_thickness_um=78.116,True,True,True
2026-01-27 23:20:00,UNIT02406,LOT017,WAFER2406,PKG02406,1,Wafer Inspection,ATMP,Wafer Metrology,WI-01,C,FAIL,ABNORMAL,ABNORMAL,736.37,5.482,42.091,42.668,113.834,,,,,,,,,,,,,,,,,,,,1,ttv_um=5.482,True,True,True
2026-01-27 23:08:00,UNIT02405,LOT017,WAFER2405,PKG02405,5,Die Attach,OSAT/ATMP,Assembly,DA-01,B,FAIL,ABNORMAL,ABNORMAL,,,,,,,,,11.441,55.579,,,,,,,,,,,,,,,1,attach_offset_um=55.579,True,True,True
2026-01-27 22:17:00,UNIT02402,LOT017,WAFER2402,PKG02402,2,Wafer Sort,OSAT,Wafer Test,WS-02,B,FAIL,ABNORMAL,ABNORMAL,,,,,,10.634,,,,,,,,,,,,,,,,,,,1,sort_current_a=10.634,True,True,True
2026-01-27 22:00:00,UNIT02401,LOT017,WAFER2401,PKG02401,1,Wafer Inspection,ATMP,Wafer Metrology,WI-01,A,FAIL,ABNORMAL,ABNORMAL,686.956,5.348,46.826,1.292,103.212,,,,,,,,,,,,,,,,,,,,2,wafer_thickness_um=686.956; ttv_um=5.348,True,True,True
2026-01-27 21:45:00,UNIT02400,LOT016,WAFER2400,PKG02400,2,Wafer Sort,OSAT,Wafer Test,WS-01,A,FAIL,ABNORMAL,ABNORMAL,,,,,,9.469,,,,,,,,,,,,,,,,,,,1,sort_current_a=9.469,True,True,True
2026-01-27 21:33:00,UNIT02399,LOT016,WAFER2399,PKG02399,6,Wire Bonding,OSAT/ATMP,Assembly,WB-01,A,FAIL,ABNORMAL,ABNORMAL,,,,,,,,,,,59.321,5.585,,,,,,,,,,,,,1,wire_bond_force_n=59.321,True,True,True
2026-01-27 21:16:00,UNIT02398,LOT016,WAFER2398,PKG02398,5,Die Attach,OSAT/ATMP,Assembly,DA-01,C,FAIL,ABNORMAL,ABNORMAL,,,,,,,,,11.399,-1.591,,,,,,,,,,,,,,,1,attach_offset_um=-1.591,True,True,True
2026-01-27 20:56:00,UNIT02397,LOT016,WAFER2397,PKG02397,1,Wafer Inspection,ATMP,Wafer Metrology,WI-02,C,FAIL,ABNORMAL,ABNORMAL,685.579,4.579,6.269,47.61,109.814,,,,,,,,,,,,,,,,,,,,1,wafer_thickness_um=685.579,True,True,True
2026-01-27 20:41:00,UNIT02396,LOT016,WAFER2396,PKG02396,2,Wafer Sort,OSAT,Wafer Test,WS-02,C,FAIL,ABNORMAL,ABNORMAL,,,,,,10.698,,,,,,,,,,,,,,,,,,,1,sort_current_a=10.698,True,True,True
2026-01-27 20:26:00,UNIT02395,LOT016,WAFER2395,PKG02395,3,Back Grinding,ATMP,Wafer Processing,BG-01,A,FAIL,ABNORMAL,ABNORMAL,810.174,,,,,,1.563,,,,,,,,,,,,,,,,,,1,wafer_thickness_um=810.174,True,True,True
2026-01-27 19:52:00,UNIT02393,LOT016,WAFER2393,PKG02393,1,Wafer Inspection,ATMP,Wafer Metrology,WI-01,A,FAIL,ABNORMAL,ABNORMAL,807.112,-0.653,5.428,18.042,111.92,,,,,,,,,,,,,,,,,,,,2,wafer_thickness_um=807.112; ttv_um=-0.653,True,True,True
2026-01-27 19:43:00,UNIT02392,LOT016,WAFER2392,PKG02392,8,Marking,ATMP,Package Marking,MK-01,B,FAIL,ABNORMAL,ABNORMAL,,,,,,,,,,,,,,,,88.816,,,,,,,,,1,marking_quality_score=88.816,True,True,True
2026-01-27 19:32:00,UNIT02391,LOT016,WAFER2391,PKG02391,13,FCT,OSAT,Functional Testing,FCT-01,C,FAIL,ABNORMAL,ABNORMAL,,,,,,,,,,,,,,,,,,,,,,3.04,,,1,fct_voltage_v=3.04,True,True,True
2026-01-27 19:07:00,UNIT02390,LOT016,WAFER2390,PKG02390,4,Wafer Dicing,ATMP,Wafer Processing,WD-02,A,FAIL,ABNORMAL,ABNORMAL,,,,,,,,56.546,,,,,,,,,,,,,,,,,1,kerf_width_um=56.546,True,True,True
2026-01-27 18:54:00,UNIT02389,LOT016,WAFER2389,PKG02389,7,Encapsulation / Molding,OSAT/ATMP,Packaging,MO-02,A,FAIL,ABNORMAL,ABNORMAL,,,,,,,,,,,,,182.281,118.779,-0.103,,,,,,,,,,1,void_percentage=-0.103,True,True,True
2026-01-27 18:32:00,UNIT02388,LOT016,WAFER2388,PKG02388,1,Wafer Inspection,ATMP,Wafer Metrology,WI-02,C,FAIL,ABNORMAL,ABNORMAL,754.091,-0.607,17.942,42.345,108.953,,,,,,,,,,,,,,,,,,,,1,ttv_um=-0.607,True,True,True
2026-01-27 18:21:00,UNIT02387,LOT016,WAFER2387,PKG02387,6,Wire Bonding,OSAT/ATMP,Assembly,WB-02,B,FAIL,ABNORMAL,ABNORMAL,,,,,,,,,,,71.421,9.406,,,,,,,,,,,,,1,wire_bond_force_n=71.421,True,True,True
2026-01-27 18:05:00,UNIT02386,LOT016,WAFER2386,PKG02386,6,Wire Bonding,OSAT/ATMP,Assembly,WB-01,B,FAIL,ABNORMAL,ABNORMAL,,,,,,,,,,,69.146,10.217,,,,,,,,,,,,,1,bond_pull_strength_gf=10.217,True,True,True
2026-01-27 17:53:00,UNIT02385,LOT016,WAFER2385,PKG02385,10,Package Inspection,OSAT/ATMP,Package Inspection,PI-01,B,FAIL,ABNORMAL,ABNORMAL,,,,,,,,,,,,,,,,,,9.772,,,,,,,1,package_dimension_mm=9.772,True,True,True
2026-01-27 17:01:00,UNIT02382,LOT016,WAFER2382,PKG02382,6,Wire Bonding,OSAT/ATMP,Assembly,WB-01,C,FAIL,ABNORMAL,ABNORMAL,,,,,,,,,,,58.734,8.021,,,,,,,,,,,,,1,wire_bond_force_n=58.734,True,True,True
2026-01-27 16:46:00,UNIT02381,LOT016,WAFER2381,PKG02381,7,Encapsulation / Molding,OSAT/ATMP,Packaging,MO-01,C,FAIL,ABNORMAL,ABNORMAL,,,,,,,,,,,,,168.071,115.168,3.987,,,,,,,,,,1,mold_temperature_c=168.071,True,True,True
2026-01-27 16:24:00,UNIT02380,LOT016,WAFER2380,PKG02380,1,Wafer Inspection,ATMP,Wafer Metrology,WI-01,A,FAIL,ABNORMAL,ABNORMAL,814.425,1.488,43.98,8.284,90.58,,,,,,,,,,,,,,,,,,,,1,wafer_thickness_um=814.425,True,True,True
2026-01-27 15:52:00,UNIT02378,LOT016,WAFER2378,PKG02378,1,Wafer Inspection,ATMP,Wafer Metrology,WI-02,A,FAIL,ABNORMAL,ABNORMAL,725.336,3.751,28.308,55.85,88.4,,,,,,,,,,,,,,,,,,,,1,warp_um=55.85,True,True,True
2026-01-27 15:45:00,UNIT02377,LOT016,WAFER2377,PKG02377,10,Package Inspection,OSAT/ATMP,Package Inspection,PI-01,A,FAIL,ABNORMAL,ABNORMAL,,,,,,,,,,,,,,,,,,9.733,,,,,,,1,package_dimension_mm=9.733,True,True,True
2026-01-27 15:14:00,UNIT02375,LOT016,WAFER2375,PKG02375,11,Burn-in,OSAT,Testing,BI-02,C,FAIL,ABNORMAL,ABNORMAL,,,,,,,,,,,,,,,,,,,125.448,3.944,,,,,1,burn_in_hours=3.944,True,True,True
2026-01-27 14:55:00,UNIT02374,LOT016,WAFER2374,PKG02374,8,Marking,ATMP,Package Marking,MK-02,B,FAIL,ABNORMAL,ABNORMAL,,,,,,,,,,,,,,,,89.93,,,,,,,,,1,marking_quality_score=89.93,True,True,True
2026-01-27 14:20:00,UNIT02372,LOT016,WAFER2372,PKG02372,5,Die Attach,OSAT/ATMP,Assembly,DA-01,A,FAIL,ABNORMAL,ABNORMAL,,,,,,,,,7.614,15.913,,,,,,,,,,,,,,,1,attach_force_n=7.614,True,True,True
2026-01-27 14:00:00,UNIT02371,LOT016,WAFER2371,PKG02371,1,Wafer Inspection,ATMP,Wafer Metrology,WI-02,C,FAIL,ABNORMAL,ABNORMAL,722.651,0.815,57.842,47.812,110.703,,,,,,,,,,,,,,,,,,,,1,bow_um=57.842,True,True,True
2026-01-27 13:50:00,UNIT02370,LOT016,WAFER2370,PKG02370,7,Encapsulation / Molding,OSAT/ATMP,Packaging,MO-01,C,FAIL,ABNORMAL,ABNORMAL,,,,,,,,,,,,,178.314,129.177,5.668,,,,,,,,,,1,void_percentage=5.668,True,True,True
2026-01-27 12:40:00,UNIT02366,LOT016,WAFER2366,PKG02366,1,Wafer Inspection,ATMP,Wafer Metrology,WI-02,A,FAIL,ABNORMAL,ABNORMAL,781.035,5.992,4.388,24.657,100.855,,,,,,,,,,,,,,,,,,,,1,ttv_um=5.992,True,True,True
2026-01-27 12:31:00,UNIT02365,LOT016,WAFER2365,PKG02365,8,Marking,ATMP,Package Marking,MK-01,A,FAIL,ABNORMAL,ABNORMAL,,,,,,,,,,,,,,,,101.578,,,,,,,,,1,marking_quality_score=101.578,True,True,True
2026-01-27 12:14:00,UNIT02364,LOT016,WAFER2364,PKG02364,7,Encapsulation / Molding,OSAT/ATMP,Packaging,MO-01,B,FAIL,ABNORMAL,ABNORMAL,,,,,,,,,,,,,177.337,146.091,3.72,,,,,,,,,,1,mold_cure_time_s=146.091,True,True,True
2026-01-27 11:59:00,UNIT02363,LOT016,WAFER2363,PKG02363,8,Marking,ATMP,Package Marking,MK-02,B,FAIL,ABNORMAL,ABNORMAL,,,,,,,,,,,,,,,,88.244,,,,,,,,,1,marking_quality_score=88.244,True,True,True
2026-01-27 11:36:00,UNIT02362,LOT016,WAFER2362,PKG02362,1,Wafer Inspection,ATMP,Wafer Metrology,WI-02,C,FAIL,ABNORMAL,ABNORMAL,695.112,1.366,0.305,39.972,96.964,,,,,,,,,,,,,,,,,,,,1,wafer_thickness_um=695.112,True,True,True
2026-01-27 11:17:00,UNIT02360,LOT016,WAFER2360,PKG02360,14,EOL,OSAT,Final Testing,EOL-02,B,FAIL,ABNORMAL,ABNORMAL,,,,,,,,,,,,,,,,,,,,,,,100.76,,1,eol_temperature_c=100.76,True,True,True
2026-01-27 10:48:00,UNIT02359,LOT016,WAFER2359,PKG02359,1,Wafer Inspection,ATMP,Wafer Metrology,WI-01,A,FAIL,ABNORMAL,ABNORMAL,693.561,1.308,13.095,44.112,103.414,,,,,,,,,,,,,,,,,,,,1,wafer_thickness_um=693.561,True,True,True
2026-01-27 10:21:00,UNIT02357,LOT016,WAFER2357,PKG02357,6,Wire Bonding,OSAT/ATMP,Assembly,WB-01,A,FAIL,ABNORMAL,ABNORMAL,,,,,,,,,,,58.351,7.222,,,,,,,,,,,,,1,wire_bond_force_n=58.351,True,True,True
2026-01-27 10:06:00,UNIT02356,LOT016,WAFER2356,PKG02356,7,Encapsulation / Molding,OSAT/ATMP,Packaging,MO-02,A,FAIL,ABNORMAL,ABNORMAL,,,,,,,,,,,,,179.316,142.522,1.784,,,,,,,,,,1,mold_cure_time_s=142.522,True,True,True
2026-01-27 09:52:00,UNIT02355,LOT016,WAFER2355,PKG02355,9,Singulation,ATMP,Package Processing,SG-01,C,FAIL,ABNORMAL,ABNORMAL,,,,,,,,,,,,,,,,,-1.663,,,,,,,,1,singulation_damage_score=-1.663,True,True,True
2026-01-27 09:22:00,UNIT02353,LOT016,WAFER2353,PKG02353,11,Burn-in,OSAT,Testing,BI-02,B,FAIL,ABNORMAL,ABNORMAL,,,,,,,,,,,,,,,,,,,123.872,3.952,,,,,1,burn_in_hours=3.952,True,True,True
2026-01-27 08:54:00,UNIT02351,LOT016,WAFER2351,PKG02351,15,Final Inspection,ATMP,Final Inspection,FI-01,A,FAIL,ABNORMAL,ABNORMAL,,,,,,,,,,,,,,,,100.422,,10.094,,,,,,,1,marking_quality_score=100.422,True,True,True
2026-01-27 08:13:00,UNIT02349,LOT016,WAFER2349,PKG02349,6,Wire Bonding,OSAT/ATMP,Assembly,WB-02,A,FAIL,ABNORMAL,ABNORMAL,,,,,,,,,,,70.729,4.349,,,,,,,,,,,,,2,wire_bond_force_n=70.729; bond_pull_strength_gf=4.349,True,True,True
2026-01-27 07:40:00,UNIT02347,LOT016,WAFER2347,PKG02347,5,Die Attach,OSAT/ATMP,Assembly,DA-01,C,FAIL,ABNORMAL,ABNORMAL,,,,,,,,,10.532,58.611,,,,,,,,,,,,,,,1,attach_offset_um=58.611,True,True,True
2026-01-27 07:30:00,UNIT02346,LOT016,WAFER2346,PKG02346,11,Burn-in,OSAT,Testing,BI-01,C,FAIL,ABNORMAL,ABNORMAL,,,,,,,,,,,,,,,,,,,118.513,5.299,,,,,1,burn_in_temperature_c=118.513,True,True,True
2026-01-27 07:09:00,UNIT02345,LOT016,WAFER2345,PKG02345,6,Wire Bonding,OSAT/ATMP,Assembly,WB-01,A,FAIL,ABNORMAL,ABNORMAL,,,,,,,,,,,60.23,4.589,,,,,,,,,,,,,1,bond_pull_strength_gf=4.589,True,True,True
2026-01-27 06:48:00,UNIT02344,LOT016,WAFER2344,PKG02344,1,Wafer Inspection,ATMP,Wafer Metrology,WI-01,B,FAIL,ABNORMAL,ABNORMAL,711.003,4.95,32.78,49.11,123.869,,,,,,,,,,,,,,,,,,,,1,tape_thickness_um=123.869,True,True,True
2026-01-27 06:31:00,UNIT02342,LOT016,WAFER2342,PKG02342,16,Packing / Dispatch,ATMP,Packaging,PK-01,B,FAIL,ABNORMAL,ABNORMAL,,,,,,,,,,,,,,,,,,,,,,,,11.177,1,packaging_damage_score=11.177,True,True,True
2026-01-27 05:34:00,UNIT02339,LOT016,WAFER2339,PKG02339,7,Encapsulation / Molding,OSAT/ATMP,Packaging,MO-02,A,FAIL,ABNORMAL,ABNORMAL,,,,,,,,,,,,,189.638,135.988,-0.805,,,,,,,,,,1,void_percentage=-0.805,True,True,True
2026-01-27 04:59:00,UNIT02337,LOT016,WAFER2337,PKG02337,4,Wafer Dicing,ATMP,Wafer Processing,WD-01,B,FAIL,ABNORMAL,ABNORMAL,,,,,,,,43.599,,,,,,,,,,,,,,,,,1,kerf_width_um=43.599,True,True,True
2026-01-27 04:44:00,UNIT02336,LOT016,WAFER2336,PKG02336,5,Die Attach,OSAT/ATMP,Assembly,DA-02,B,FAIL,ABNORMAL,ABNORMAL,,,,,,,,,8.64,-4.319,,,,,,,,,,,,,,,1,attach_offset_um=-4.319,True,True,True
2026-01-27 04:08:00,UNIT02334,LOT016,WAFER2334,PKG02334,1,Wafer Inspection,ATMP,Wafer Metrology,WI-01,A,FAIL,ABNORMAL,ABNORMAL,774.625,5.415,46.796,4.556,83.506,,,,,,,,,,,,,,,,,,,,1,ttv_um=5.415,True,True,True
2026-01-27 03:52:00,UNIT02333,LOT016,WAFER2333,PKG02333,1,Wafer Inspection,ATMP,Wafer Metrology,WI-02,B,FAIL,ABNORMAL,ABNORMAL,726.791,4.734,53.217,7.612,119.488,,,,,,,,,,,,,,,,,,,,1,bow_um=53.217,True,True,True
2026-01-27 03:43:00,UNIT02332,LOT016,WAFER2332,PKG02332,8,Marking,ATMP,Package Marking,MK-02,B,FAIL,ABNORMAL,ABNORMAL,,,,,,,,,,,,,,,,89.28,,,,,,,,,1,marking_quality_score=89.28,True,True,True
2026-01-27 03:34:00,UNIT02331,LOT016,WAFER2331,PKG02331,15,Final Inspection,ATMP,Final Inspection,FI-02,A,FAIL,ABNORMAL,ABNORMAL,,,,,,,,,,,,,,,,97.305,,9.745,,,,,,,1,package_dimension_mm=9.745,True,True,True
2026-01-27 03:04:00,UNIT02330,LOT016,WAFER2330,PKG02330,1,Wafer Inspection,ATMP,Wafer Metrology,WI-01,C,FAIL,ABNORMAL,ABNORMAL,755.595,0.778,28.99,30.119,123.347,,,,,,,,,,,,,,,,,,,,1,tape_thickness_um=123.347,True,True,True
2026-01-27 02:48:00,UNIT02329,LOT016,WAFER2329,PKG02329,1,Wafer Inspection,ATMP,Wafer Metrology,WI-01,B,FAIL,ABNORMAL,ABNORMAL,795.943,1.808,-7.051,30.06,88.845,,,,,,,,,,,,,,,,,,,,1,bow_um=-7.051,True,True,True
2026-01-27 02:22:00,UNIT02327,LOT016,WAFER2327,PKG02327,7,Encapsulation / Molding,OSAT/ATMP,Packaging,MO-01,C,FAIL,ABNORMAL,ABNORMAL,,,,,,,,,,,,,183.771,96.121,1.627,,,,,,,,,,1,mold_cure_time_s=96.121,True,True,True
2026-01-27 02:04:00,UNIT02326,LOT016,WAFER2326,PKG02326,5,Die Attach,OSAT/ATMP,Assembly,DA-01,A,FAIL,ABNORMAL,ABNORMAL,,,,,,,,,12.201,16.051,,,,,,,,,,,,,,,1,attach_force_n=12.201,True,True,True
2026-01-27 01:44:00,UNIT02325,LOT016,WAFER2325,PKG02325,1,Wafer Inspection,ATMP,Wafer Metrology,WI-02,C,FAIL,ABNORMAL,ABNORMAL,780.751,4.267,54.426,17.949,98.217,,,,,,,,,,,,,,,,,,,,1,bow_um=54.426,True,True,True
2026-01-27 01:38:00,UNIT02324,LOT016,WAFER2324,PKG02324,11,Burn-in,OSAT,Testing,BI-01,C,FAIL,ABNORMAL,ABNORMAL,,,,,,,,,,,,,,,,,,,119.675,6.146,,,,,1,burn_in_temperature_c=119.675,True,True,True
2026-01-27 01:18:00,UNIT02323,LOT016,WAFER2323,PKG02323,7,Encapsulation / Molding,OSAT/ATMP,Packaging,MO-02,A,FAIL,ABNORMAL,ABNORMAL,,,,,,,,,,,,,168.995,113.667,3.809,,,,,,,,,,1,mold_temperature_c=168.995,True,True,True
2026-01-27 00:58:00,UNIT02322,LOT016,WAFER2322,PKG02322,3,Back Grinding,ATMP,Wafer Processing,BG-02,B,FAIL,ABNORMAL,ABNORMAL,794.155,,,,,,-0.111,,,,,,,,,,,,,,,,,,1,thickness_variation_um=-0.111,True,True,True
2026-01-27 00:46:00,UNIT02321,LOT016,WAFER2321,PKG02321,7,Encapsulation / Molding,OSAT/ATMP,Packaging,MO-01,A,FAIL,ABNORMAL,ABNORMAL,,,,,,,,,,,,,189.557,126.429,-0.626,,,,,,,,,,1,void_percentage=-0.626,True,True,True
2026-01-27 00:29:00,UNIT02320,LOT016,WAFER2320,PKG02320,6,Wire Bonding,OSAT/ATMP,Assembly,WB-02,A,FAIL,ABNORMAL,ABNORMAL,,,,,,,,,,,70.478,7.862,,,,,,,,,,,,,1,wire_bond_force_n=70.478,True,True,True
2026-01-27 00:08:00,UNIT02319,LOT016,WAFER2319,PKG02319,1,Wafer Inspection,ATMP,Wafer Metrology,WI-02,A,FAIL,ABNORMAL,ABNORMAL,763.098,5.836,15.623,6.576,81.734,,,,,,,,,,,,,,,,,,,,1,ttv_um=5.836,True,True,True
2026-01-26 23:41:00,UNIT02317,LOT016,WAFER2317,PKG02317,6,Wire Bonding,OSAT/ATMP,Assembly,WB-02,B,FAIL,ABNORMAL,ABNORMAL,,,,,,,,,,,62.316,10.749,,,,,,,,,,,,,1,bond_pull_strength_gf=10.749,True,True,True
2026-01-26 23:22:00,UNIT02316,LOT016,WAFER2316,PKG02316,3,Back Grinding,ATMP,Wafer Processing,BG-02,B,FAIL,ABNORMAL,ABNORMAL,772.568,,,,,,-0.521,,,,,,,,,,,,,,,,,,1,thickness_variation_um=-0.521,True,True,True
2026-01-26 23:06:00,UNIT02315,LOT016,WAFER2315,PKG02315,3,Back Grinding,ATMP,Wafer Processing,BG-02,A,FAIL,ABNORMAL,ABNORMAL,799.476,,,,,,-0.4,,,,,,,,,,,,,,,,,,1,thickness_variation_um=-0.4,True,True,True
2026-01-26 22:52:00,UNIT02314,LOT016,WAFER2314,PKG02314,5,Die Attach,OSAT/ATMP,Assembly,DA-01,B,FAIL,ABNORMAL,ABNORMAL,,,,,,,,,7.835,48.629,,,,,,,,,,,,,,,1,attach_force_n=7.835,True,True,True
2026-01-26 22:25:00,UNIT02312,LOT016,WAFER2312,PKG02312,10,Package Inspection,OSAT/ATMP,Package Inspection,PI-02,C,FAIL,ABNORMAL,ABNORMAL,,,,,,,,,,,,,,,,,,10.265,,,,,,,1,package_dimension_mm=10.265,True,True,True
2026-01-26 22:11:00,UNIT02311,LOT016,WAFER2311,PKG02311,12,ICT,OSAT,Electrical Testing,ICT-01,A,FAIL,ABNORMAL,ABNORMAL,,,,,,,,,,,,,,,,,,,,,10.672,,,,1,ict_current_a=10.672,True,True,True
2026-01-26 21:28:00,UNIT02309,LOT016,WAFER2309,PKG02309,1,Wafer Inspection,ATMP,Wafer Metrology,WI-01,C,FAIL,ABNORMAL,ABNORMAL,740.75,-0.567,17.442,34.954,85.017,,,,,,,,,,,,,,,,,,,,1,ttv_um=-0.567,True,True,True
2026-01-26 21:12:00,UNIT02308,LOT016,WAFER2308,PKG02308,1,Wafer Inspection,ATMP,Wafer Metrology,WI-02,B,FAIL,ABNORMAL,ABNORMAL,756.834,3.888,35.756,26.992,123.067,,,,,,,,,,,,,,,,,,,,1,tape_thickness_um=123.067,True,True,True
2026-01-26 20:56:00,UNIT02307,LOT016,WAFER2307,PKG02307,1,Wafer Inspection,ATMP,Wafer Metrology,WI-02,A,FAIL,ABNORMAL,ABNORMAL,768.665,2.148,31.357,-1.764,122.727,,,,,,,,,,,,,,,,,,,,2,warp_um=-1.764; tape_thickness_um=122.727,True,True,True
2026-01-26 20:40:00,UNIT02306,LOT016,WAFER2306,PKG02306,1,Wafer Inspection,ATMP,Wafer Metrology,WI-01,A,FAIL,ABNORMAL,ABNORMAL,787.062,1.424,25.088,10.244,74.376,,,,,,,,,,,,,,,,,,,,1,tape_thickness_um=74.376,True,True,True
2026-01-26 20:24:00,UNIT02305,LOT016,WAFER2305,PKG02305,1,Wafer Inspection,ATMP,Wafer Metrology,WI-02,C,FAIL,ABNORMAL,ABNORMAL,754.763,3.012,46.875,-4.408,80.223,,,,,,,,,,,,,,,,,,,,1,warp_um=-4.408,True,True,True
2026-01-26 20:10:00,UNIT02304,LOT016,WAFER2304,PKG02304,3,Back Grinding,ATMP,Wafer Processing,BG-01,B,FAIL,ABNORMAL,ABNORMAL,802.023,,,,,,4.232,,,,,,,,,,,,,,,,,,1,wafer_thickness_um=802.023,True,True,True
2026-01-26 19:52:00,UNIT02303,LOT016,WAFER2303,PKG02303,1,Wafer Inspection,ATMP,Wafer Metrology,WI-02,C,FAIL,ABNORMAL,ABNORMAL,738.179,0.154,41.331,-6.593,89.927,,,,,,,,,,,,,,,,,,,,1,warp_um=-6.593,True,True,True
2026-01-26 19:48:00,UNIT02302,LOT016,WAFER2302,PKG02302,13,FCT,OSAT,Functional Testing,FCT-02,B,FAIL,ABNORMAL,ABNORMAL,,,,,,,,,,,,,,,,,,,,,,3.034,,,1,fct_voltage_v=3.034,True,True,True
2026-01-26 19:04:00,UNIT02300,LOT016,WAFER2300,PKG02300,1,Wafer Inspection,ATMP,Wafer Metrology,WI-02,A,FAIL,ABNORMAL,ABNORMAL,776.686,3.729,-8.147,15.046,93.929,,,,,,,,,,,,,,,,,,,,1,bow_um=-8.147,True,True,True
2026-01-26 18:37:00,UNIT02298,LOT016,WAFER2298,PKG02298,6,Wire Bonding,OSAT/ATMP,Assembly,WB-02,A,FAIL,ABNORMAL,ABNORMAL,,,,,,,,,,,66.265,4.666,,,,,,,,,,,,,1,bond_pull_strength_gf=4.666,True,True,True
2026-01-26 18:02:00,UNIT02296,LOT016,WAFER2296,PKG02296,3,Back Grinding,ATMP,Wafer Processing,BG-01,A,FAIL,ABNORMAL,ABNORMAL,795.063,,,,,,5.372,,,,,,,,,,,,,,,,,,1,thickness_variation_um=5.372,True,True,True
2026-01-26 17:44:00,UNIT02295,LOT016,WAFER2295,PKG02295,1,Wafer Inspection,ATMP,Wafer Metrology,WI-02,C,FAIL,ABNORMAL,ABNORMAL,715.866,1.954,52.974,29.958,94.462,,,,,,,,,,,,,,,,,,,,1,bow_um=52.974,True,True,True
2026-01-26 17:28:00,UNIT02294,LOT016,WAFER2294,PKG02294,1,Wafer Inspection,ATMP,Wafer Metrology,WI-01,B,FAIL,ABNORMAL,ABNORMAL,745.944,3.644,53.872,5.035,95.735,,,,,,,,,,,,,,,,,,,,1,bow_um=53.872,True,True,True
2026-01-26 16:29:00,UNIT02290,LOT016,WAFER2290,PKG02290,6,Wire Bonding,OSAT/ATMP,Assembly,WB-01,B,FAIL,ABNORMAL,ABNORMAL,,,,,,,,,,,70.282,8.497,,,,,,,,,,,,,1,wire_bond_force_n=70.282,True,True,True
2026-01-26 15:36:00,UNIT02287,LOT016,WAFER2287,PKG02287,1,Wafer Inspection,ATMP,Wafer Metrology,WI-01,B,FAIL,ABNORMAL,ABNORMAL,742.536,4.803,-9.089,29.699,116.767,,,,,,,,,,,,,,,,,,,,1,bow_um=-9.089,True,True,True
2026-01-26 15:04:00,UNIT02285,LOT016,WAFER2285,PKG02285,1,Wafer Inspection,ATMP,Wafer Metrology,WI-01,C,FAIL,ABNORMAL,ABNORMAL,713.683,0.883,23.868,19.779,75.889,,,,,,,,,,,,,,,,,,,,1,tape_thickness_um=75.889,True,True,True
2026-01-26 14:19:00,UNIT02282,LOT016,WAFER2282,PKG02282,4,Wafer Dicing,ATMP,Wafer Processing,WD-01,C,FAIL,ABNORMAL,ABNORMAL,,,,,,,,43.944,,,,,,,,,,,,,,,,,1,kerf_width_um=43.944,True,True,True
2026-01-26 14:00:00,UNIT02281,LOT016,WAFER2281,PKG02281,1,Wafer Inspection,ATMP,Wafer Metrology,WI-01,B,FAIL,ABNORMAL,ABNORMAL,720.997,3.216,25.808,55.444,73.563,,,,,,,,,,,,,,,,,,,,2,warp_um=55.444; tape_thickness_um=73.563,True,True,True
2026-01-26 13:46:00,UNIT02280,LOT016,WAFER2280,PKG02280,3,Back Grinding,ATMP,Wafer Processing,BG-01,B,FAIL,ABNORMAL,ABNORMAL,802.245,,,,,,4.286,,,,,,,,,,,,,,,,,,1,wafer_thickness_um=802.245,True,True,True
2026-01-26 12:58:00,UNIT02277,LOT016,WAFER2277,PKG02277,3,Back Grinding,ATMP,Wafer Processing,BG-01,B,FAIL,ABNORMAL,ABNORMAL,690.086,,,,,,1.287,,,,,,,,,,,,,,,,,,1,wafer_thickness_um=690.086,True,True,True
2026-01-26 12:45:00,UNIT02276,LOT016,WAFER2276,PKG02276,6,Wire Bonding,OSAT/ATMP,Assembly,WB-02,C,FAIL,ABNORMAL,ABNORMAL,,,,,,,,,,,65.854,10.322,,,,,,,,,,,,,1,bond_pull_strength_gf=10.322,True,True,True
2026-01-26 12:30:00,UNIT02275,LOT016,WAFER2275,PKG02275,7,Encapsulation / Molding,OSAT/ATMP,Packaging,MO-02,B,FAIL,ABNORMAL,ABNORMAL,,,,,,,,,,,,,180.18,122.281,5.883,,,,,,,,,,1,void_percentage=5.883,True,True,True
2026-01-26 12:13:00,UNIT02274,LOT016,WAFER2274,PKG02274,6,Wire Bonding,OSAT/ATMP,Assembly,WB-01,C,FAIL,ABNORMAL,ABNORMAL,,,,,,,,,,,65.579,10.018,,,,,,,,,,,,,1,bond_pull_strength_gf=10.018,True,True,True
2026-01-26 11:52:00,UNIT02273,LOT016,WAFER2273,PKG02273,1,Wafer Inspection,ATMP,Wafer Metrology,WI-01,A,FAIL,ABNORMAL,ABNORMAL,750.171,-0.23,31.821,42.071,99.457,,,,,,,,,,,,,,,,,,,,1,ttv_um=-0.23,True,True,True
2026-01-26 11:36:00,UNIT02272,LOT016,WAFER2272,PKG02272,1,Wafer Inspection,ATMP,Wafer Metrology,WI-02,A,FAIL,ABNORMAL,ABNORMAL,708.289,5.189,-7.23,49.764,96.674,,,,,,,,,,,,,,,,,,,,2,ttv_um=5.189; bow_um=-7.23,True,True,True
2026-01-26 11:23:00,UNIT02271,LOT016,WAFER2271,PKG02271,4,Wafer Dicing,ATMP,Wafer Processing,WD-01,A,FAIL,ABNORMAL,ABNORMAL,,,,,,,,56.744,,,,,,,,,,,,,,,,,1,kerf_width_um=56.744,True,True,True
2026-01-26 11:04:00,UNIT02270,LOT016,WAFER2270,PKG02270,1,Wafer Inspection,ATMP,Wafer Metrology,WI-01,B,FAIL,ABNORMAL,ABNORMAL,758.617,3.209,40.739,45.678,73.843,,,,,,,,,,,,,,,,,,,,1,tape_thickness_um=73.843,True,True,True
2026-01-26 10:52:00,UNIT02269,LOT016,WAFER2269,PKG02269,5,Die Attach,OSAT/ATMP,Assembly,DA-01,B,FAIL,ABNORMAL,ABNORMAL,,,,,,,,,7.694,29.939,,,,,,,,,,,,,,,1,attach_force_n=7.694,True,True,True
2026-01-26 10:32:00,UNIT02268,LOT016,WAFER2268,PKG02268,1,Wafer Inspection,ATMP,Wafer Metrology,WI-02,A,FAIL,ABNORMAL,ABNORMAL,736.167,5.79,36.947,28.829,85.791,,,,,,,,,,,,,,,,,,,,1,ttv_um=5.79,True,True,True
2026-01-26 10:29:00,UNIT02267,LOT016,WAFER2267,PKG02267,14,EOL,OSAT,Final Testing,EOL-02,A,FAIL,ABNORMAL,ABNORMAL,,,,,,,,,,,,,,,,,,,,,,,76.876,,1,eol_temperature_c=76.876,True,True,True
2026-01-26 10:13:00,UNIT02266,LOT016,WAFER2266,PKG02266,14,EOL,OSAT,Final Testing,EOL-02,B,FAIL,ABNORMAL,ABNORMAL,,,,,,,,,,,,,,,,,,,,,,,102.069,,1,eol_temperature_c=102.069,True,True,True
2026-01-26 09:47:00,UNIT02265,LOT016,WAFER2265,PKG02265,4,Wafer Dicing,ATMP,Wafer Processing,WD-01,B,FAIL,ABNORMAL,ABNORMAL,,,,,,,,56.837,,,,,,,,,,,,,,,,,1,kerf_width_um=56.837,True,True,True
2026-01-26 09:29:00,UNIT02264,LOT016,WAFER2264,PKG02264,2,Wafer Sort,OSAT,Wafer Test,WS-02,B,FAIL,ABNORMAL,ABNORMAL,,,,,,10.556,,,,,,,,,,,,,,,,,,,1,sort_current_a=10.556,True,True,True
2026-01-26 09:03:00,UNIT02262,LOT016,WAFER2262,PKG02262,8,Marking,ATMP,Package Marking,MK-02,A,FAIL,ABNORMAL,ABNORMAL,,,,,,,,,,,,,,,,100.104,,,,,,,,,1,marking_quality_score=100.104,True,True,True
2026-01-26 08:40:00,UNIT02261,LOT016,WAFER2261,PKG02261,1,Wafer Inspection,ATMP,Wafer Metrology,WI-01,A,FAIL,ABNORMAL,ABNORMAL,763.535,2.369,24.274,36.794,124.91,,,,,,,,,,,,,,,,,,,,1,tape_thickness_um=124.91,True,True,True
2026-01-26 08:35:00,UNIT02260,LOT016,WAFER2260,PKG02260,12,ICT,OSAT,Electrical Testing,ICT-01,B,FAIL,ABNORMAL,ABNORMAL,,,,,,,,,,,,,,,,,,,,,10.581,,,,1,ict_current_a=10.581,True,True,True
2026-01-26 08:08:00,UNIT02259,LOT016,WAFER2259,PKG02259,1,Wafer Inspection,ATMP,Wafer Metrology,WI-01,C,FAIL,ABNORMAL,ABNORMAL,787.839,0.688,13.017,-5.105,82.454,,,,,,,,,,,,,,,,,,,,1,warp_um=-5.105,True,True,True
2026-01-26 07:42:00,UNIT02257,LOT016,WAFER2257,PKG02257,7,Encapsulation / Molding,OSAT/ATMP,Packaging,MO-02,C,FAIL,ABNORMAL,ABNORMAL,,,,,,,,,,,,,178.66,106.673,-0.237,,,,,,,,,,1,void_percentage=-0.237,True,True,True
2026-01-26 07:09:00,UNIT02255,LOT016,WAFER2255,PKG02255,6,Wire Bonding,OSAT/ATMP,Assembly,WB-01,C,FAIL,ABNORMAL,ABNORMAL,,,,,,,,,,,58.891,7.083,,,,,,,,,,,,,1,wire_bond_force_n=58.891,True,True,True
2026-01-26 06:48:00,UNIT02254,LOT016,WAFER2254,PKG02254,1,Wafer Inspection,ATMP,Wafer Metrology,WI-02,C,FAIL,ABNORMAL,ABNORMAL,809.811,0.585,14.645,12.735,111.241,,,,,,,,,,,,,,,,,,,,1,wafer_thickness_um=809.811,True,True,True
2026-01-26 06:34:00,UNIT02253,LOT016,WAFER2253,PKG02253,3,Back Grinding,ATMP,Wafer Processing,BG-02,A,FAIL,ABNORMAL,ABNORMAL,814.735,,,,,,3.718,,,,,,,,,,,,,,,,,,1,wafer_thickness_um=814.735,True,True,True
2026-01-26 06:24:00,UNIT02252,LOT016,WAFER2252,PKG02252,9,Singulation,ATMP,Package Processing,SG-02,B,FAIL,ABNORMAL,ABNORMAL,,,,,,,,,,,,,,,,,10.816,,,,,,,,1,singulation_damage_score=10.816,True,True,True
2026-01-26 06:00:00,UNIT02251,LOT016,WAFER2251,PKG02251,1,Wafer Inspection,ATMP,Wafer Metrology,WI-02,A,FAIL,ABNORMAL,ABNORMAL,735.424,4.008,-7.632,24.665,105.225,,,,,,,,,,,,,,,,,,,,1,bow_um=-7.632,True,True,True
2026-01-26 05:46:00,UNIT02250,LOT015,WAFER2250,PKG02250,3,Back Grinding,ATMP,Wafer Processing,BG-02,C,FAIL,ABNORMAL,ABNORMAL,813.646,,,,,,-0.875,,,,,,,,,,,,,,,,,,2,wafer_thickness_um=813.646; thickness_variation_um=-0.875,True,True,True
2026-01-26 05:36:00,UNIT02249,LOT015,WAFER2249,PKG02249,9,Singulation,ATMP,Package Processing,SG-01,A,FAIL,ABNORMAL,ABNORMAL,,,,,,,,,,,,,,,,,10.588,,,,,,,,1,singulation_damage_score=10.588,True,True,True
2026-01-26 05:18:00,UNIT02248,LOT015,WAFER2248,PKG02248,7,Encapsulation / Molding,OSAT/ATMP,Packaging,MO-02,C,FAIL,ABNORMAL,ABNORMAL,,,,,,,,,,,,,170.116,143.991,2.156,,,,,,,,,,1,mold_cure_time_s=143.991,True,True,True
2026-01-26 04:39:00,UNIT02245,LOT015,WAFER2245,PKG02245,16,Packing / Dispatch,ATMP,Packaging,PK-01,A,FAIL,ABNORMAL,ABNORMAL,,,,,,,,,,,,,,,,,,,,,,,,-0.73,1,packaging_damage_score=-0.73,True,True,True
2026-01-26 04:08:00,UNIT02244,LOT015,WAFER2244,PKG02244,1,Wafer Inspection,ATMP,Wafer Metrology,WI-01,A,FAIL,ABNORMAL,ABNORMAL,805.304,2.498,45.564,6.329,86.772,,,,,,,,,,,,,,,,,,,,1,wafer_thickness_um=805.304,True,True,True
2026-01-26 04:06:00,UNIT02243,LOT015,WAFER2243,PKG02243,15,Final Inspection,ATMP,Final Inspection,FI-01,B,FAIL,ABNORMAL,ABNORMAL,,,,,,,,,,,,,,,,101.171,,9.801,,,,,,,1,marking_quality_score=101.171,True,True,True
2026-01-26 03:40:00,UNIT02242,LOT015,WAFER2242,PKG02242,5,Die Attach,OSAT/ATMP,Assembly,DA-01,B,FAIL,ABNORMAL,ABNORMAL,,,,,,,,,9.266,-2.636,,,,,,,,,,,,,,,1,attach_offset_um=-2.636,True,True,True
2026-01-26 03:28:00,UNIT02241,LOT015,WAFER2241,PKG02241,9,Singulation,ATMP,Package Processing,SG-01,B,FAIL,ABNORMAL,ABNORMAL,,,,,,,,,,,,,,,,,10.784,,,,,,,,1,singulation_damage_score=10.784,True,True,True
2026-01-26 03:04:00,UNIT02240,LOT015,WAFER2240,PKG02240,1,Wafer Inspection,ATMP,Wafer Metrology,WI-02,A,FAIL,ABNORMAL,ABNORMAL,680.136,0.667,28.933,24.691,94.553,,,,,,,,,,,,,,,,,,,,1,wafer_thickness_um=680.136,True,True,True
2026-01-26 02:52:00,UNIT02239,LOT015,WAFER2239,PKG02239,5,Die Attach,OSAT/ATMP,Assembly,DA-01,A,FAIL,ABNORMAL,ABNORMAL,,,,,,,,,7.657,21.203,,,,,,,,,,,,,,,1,attach_force_n=7.657,True,True,True
2026-01-26 02:32:00,UNIT02238,LOT015,WAFER2238,PKG02238,1,Wafer Inspection,ATMP,Wafer Metrology,WI-02,C,FAIL,ABNORMAL,ABNORMAL,752.426,0.825,31.152,54.393,112.317,,,,,,,,,,,,,,,,,,,,1,warp_um=54.393,True,True,True
2026-01-26 02:00:00,UNIT02236,LOT015,WAFER2236,PKG02236,1,Wafer Inspection,ATMP,Wafer Metrology,WI-01,C,FAIL,ABNORMAL,ABNORMAL,735.71,0.177,7.084,16.192,74.484,,,,,,,,,,,,,,,,,,,,1,tape_thickness_um=74.484,True,True,True
2026-01-26 01:54:00,UNIT02235,LOT015,WAFER2235,PKG02235,11,Burn-in,OSAT,Testing,BI-02,B,FAIL,ABNORMAL,ABNORMAL,,,,,,,,,,,,,,,,,,,120.979,8.188,,,,,1,burn_in_hours=8.188,True,True,True
2026-01-26 01:33:00,UNIT02234,LOT015,WAFER2234,PKG02234,6,Wire Bonding,OSAT/ATMP,Assembly,WB-01,B,FAIL,ABNORMAL,ABNORMAL,,,,,,,,,,,70.779,6.775,,,,,,,,,,,,,1,wire_bond_force_n=70.779,True,True,True
2026-01-26 01:12:00,UNIT02233,LOT015,WAFER2233,PKG02233,1,Wafer Inspection,ATMP,Wafer Metrology,WI-02,C,FAIL,ABNORMAL,ABNORMAL,709.835,0.891,36.031,51.748,86.322,,,,,,,,,,,,,,,,,,,,1,warp_um=51.748,True,True,True
2026-01-26 01:02:00,UNIT02232,LOT015,WAFER2232,PKG02232,7,Encapsulation / Molding,OSAT/ATMP,Packaging,MO-01,C,FAIL,ABNORMAL,ABNORMAL,,,,,,,,,,,,,169.173,110.794,4.385,,,,,,,,,,1,mold_temperature_c=169.173,True,True,True
2026-01-26 00:45:00,UNIT02231,LOT015,WAFER2231,PKG02231,6,Wire Bonding,OSAT/ATMP,Assembly,WB-02,A,FAIL,ABNORMAL,ABNORMAL,,,,,,,,,,,66.874,10.993,,,,,,,,,,,,,1,bond_pull_strength_gf=10.993,True,True,True
2026-01-26 00:35:00,UNIT02230,LOT015,WAFER2230,PKG02230,12,ICT,OSAT,Electrical Testing,ICT-02,C,FAIL,ABNORMAL,ABNORMAL,,,,,,,,,,,,,,,,,,,,,9.491,,,,1,ict_current_a=9.491,True,True,True
2026-01-26 00:08:00,UNIT02229,LOT015,WAFER2229,PKG02229,1,Wafer Inspection,ATMP,Wafer Metrology,WI-02,B,FAIL,ABNORMAL,ABNORMAL,770.294,2.662,-0.471,44.027,118.305,,,,,,,,,,,,,,,,,,,,1,bow_um=-0.471,True,True,True
2026-01-25 23:21:00,UNIT02226,LOT015,WAFER2226,PKG02226,2,Wafer Sort,OSAT,Wafer Test,WS-01,A,FAIL,ABNORMAL,ABNORMAL,,,,,,9.368,,,,,,,,,,,,,,,,,,,1,sort_current_a=9.368,True,True,True
2026-01-25 23:04:00,UNIT02225,LOT015,WAFER2225,PKG02225,1,Wafer Inspection,ATMP,Wafer Metrology,WI-01,B,FAIL,ABNORMAL,ABNORMAL,718.433,1.424,45.8,9.171,73.389,,,,,,,,,,,,,,,,,,,,1,tape_thickness_um=73.389,True,True,True
2026-01-25 22:50:00,UNIT02224,LOT015,WAFER2224,PKG02224,3,Back Grinding,ATMP,Wafer Processing,BG-01,A,FAIL,ABNORMAL,ABNORMAL,692.677,,,,,,3.172,,,,,,,,,,,,,,,,,,1,wafer_thickness_um=692.677,True,True,True
2026-01-25 22:37:00,UNIT02223,LOT015,WAFER2223,PKG02223,6,Wire Bonding,OSAT/ATMP,Assembly,WB-01,B,FAIL,ABNORMAL,ABNORMAL,,,,,,,,,,,68.429,10.024,,,,,,,,,,,,,1,bond_pull_strength_gf=10.024,True,True,True
2026-01-25 22:16:00,UNIT02222,LOT015,WAFER2222,PKG02222,1,Wafer Inspection,ATMP,Wafer Metrology,WI-02,A,FAIL,ABNORMAL,ABNORMAL,759.577,-0.42,46.175,39.502,114.274,,,,,,,,,,,,,,,,,,,,1,ttv_um=-0.42,True,True,True
2026-01-25 21:49:00,UNIT02220,LOT015,WAFER2220,PKG02220,6,Wire Bonding,OSAT/ATMP,Assembly,WB-01,A,FAIL,ABNORMAL,ABNORMAL,,,,,,,,,,,65.242,4.686,,,,,,,,,,,,,1,bond_pull_strength_gf=4.686,True,True,True
2026-01-25 21:32:00,UNIT02219,LOT015,WAFER2219,PKG02219,5,Die Attach,OSAT/ATMP,Assembly,DA-01,A,FAIL,ABNORMAL,ABNORMAL,,,,,,,,,8.421,58.645,,,,,,,,,,,,,,,1,attach_offset_um=58.645,True,True,True
2026-01-25 21:12:00,UNIT02218,LOT015,WAFER2218,PKG02218,1,Wafer Inspection,ATMP,Wafer Metrology,WI-01,C,FAIL,ABNORMAL,ABNORMAL,697.745,2.041,6.872,31.514,114.95,,,,,,,,,,,,,,,,,,,,1,wafer_thickness_um=697.745,True,True,True
2026-01-25 21:01:00,UNIT02217,LOT015,WAFER2217,PKG02217,6,Wire Bonding,OSAT/ATMP,Assembly,WB-02,A,FAIL,ABNORMAL,ABNORMAL,,,,,,,,,,,71.354,9.401,,,,,,,,,,,,,1,wire_bond_force_n=71.354,True,True,True
2026-01-25 20:52:00,UNIT02216,LOT015,WAFER2216,PKG02216,13,FCT,OSAT,Functional Testing,FCT-01,B,FAIL,ABNORMAL,ABNORMAL,,,,,,,,,,,,,,,,,,,,,,3.571,,,1,fct_voltage_v=3.571,True,True,True
2026-01-25 20:24:00,UNIT02215,LOT015,WAFER2215,PKG02215,1,Wafer Inspection,ATMP,Wafer Metrology,WI-02,B,FAIL,ABNORMAL,ABNORMAL,740.045,2.025,57.714,7.07,86.31,,,,,,,,,,,,,,,,,,,,1,bow_um=57.714,True,True,True
2026-01-25 20:10:00,UNIT02214,LOT015,WAFER2214,PKG02214,3,Back Grinding,ATMP,Wafer Processing,BG-01,A,FAIL,ABNORMAL,ABNORMAL,727.633,,,,,,-0.696,,,,,,,,,,,,,,,,,,1,thickness_variation_um=-0.696,True,True,True
2026-01-25 19:36:00,UNIT02212,LOT015,WAFER2212,PKG02212,1,Wafer Inspection,ATMP,Wafer Metrology,WI-02,C,FAIL,ABNORMAL,ABNORMAL,741.724,1.298,-8.82,42.562,115.1,,,,,,,,,,,,,,,,,,,,1,bow_um=-8.82,True,True,True
2026-01-25 19:10:00,UNIT02210,LOT015,WAFER2210,PKG02210,7,Encapsulation / Molding,OSAT/ATMP,Packaging,MO-02,B,FAIL,ABNORMAL,ABNORMAL,,,,,,,,,,,,,192.5,106.808,4.332,,,,,,,,,,1,mold_temperature_c=192.5,True,True,True
2026-01-25 18:36:00,UNIT02208,LOT015,WAFER2208,PKG02208,5,Die Attach,OSAT/ATMP,Assembly,DA-01,A,FAIL,ABNORMAL,ABNORMAL,,,,,,,,,10.711,53.487,,,,,,,,,,,,,,,1,attach_offset_um=53.487,True,True,True
2026-01-25 18:16:00,UNIT02207,LOT015,WAFER2207,PKG02207,1,Wafer Inspection,ATMP,Wafer Metrology,WI-02,C,FAIL,ABNORMAL,ABNORMAL,758.301,-0.735,3.444,37.751,103.419,,,,,,,,,,,,,,,,,,,,1,ttv_um=-0.735,True,True,True
2026-01-25 18:00:00,UNIT02206,LOT015,WAFER2206,PKG02206,1,Wafer Inspection,ATMP,Wafer Metrology,WI-02,B,FAIL,ABNORMAL,ABNORMAL,807.081,0.084,24.247,10.323,105.91,,,,,,,,,,,,,,,,,,,,1,wafer_thickness_um=807.081,True,True,True
2026-01-25 17:44:00,UNIT02205,LOT015,WAFER2205,PKG02205,1,Wafer Inspection,ATMP,Wafer Metrology,WI-02,A,FAIL,ABNORMAL,ABNORMAL,803.466,0.101,22.378,49.308,105.355,,,,,,,,,,,,,,,,,,,,1,wafer_thickness_um=803.466,True,True,True
2026-01-25 17:12:00,UNIT02203,LOT015,WAFER2203,PKG02203,1,Wafer Inspection,ATMP,Wafer Metrology,WI-01,C,FAIL,ABNORMAL,ABNORMAL,729.241,1.942,25.028,8.668,75.148,,,,,,,,,,,,,,,,,,,,1,tape_thickness_um=75.148,True,True,True
2026-01-25 16:26:00,UNIT02200,LOT015,WAFER2200,PKG02200,3,Back Grinding,ATMP,Wafer Processing,BG-02,C,FAIL,ABNORMAL,ABNORMAL,811.755,,,,,,3.767,,,,,,,,,,,,,,,,,,1,wafer_thickness_um=811.755,True,True,True
2026-01-25 16:15:00,UNIT02199,LOT015,WAFER2199,PKG02199,8,Marking,ATMP,Package Marking,MK-01,B,FAIL,ABNORMAL,ABNORMAL,,,,,,,,,,,,,,,,88.333,,,,,,,,,1,marking_quality_score=88.333,True,True,True
2026-01-25 16:01:00,UNIT02198,LOT015,WAFER2198,PKG02198,10,Package Inspection,OSAT/ATMP,Package Inspection,PI-02,B,FAIL,ABNORMAL,ABNORMAL,,,,,,,,,,,,,,,,,,10.245,,,,,,,1,package_dimension_mm=10.245,True,True,True
2026-01-25 15:41:00,UNIT02197,LOT015,WAFER2197,PKG02197,6,Wire Bonding,OSAT/ATMP,Assembly,WB-02,C,FAIL,ABNORMAL,ABNORMAL,,,,,,,,,,,58.433,5.501,,,,,,,,,,,,,1,wire_bond_force_n=58.433,True,True,True
2026-01-25 15:22:00,UNIT02196,LOT015,WAFER2196,PKG02196,3,Back Grinding,ATMP,Wafer Processing,BG-02,B,FAIL,ABNORMAL,ABNORMAL,761.622,,,,,,5.417,,,,,,,,,,,,,,,,,,1,thickness_variation_um=5.417,True,True,True
2026-01-25 15:11:00,UNIT02195,LOT015,WAFER2195,PKG02195,8,Marking,ATMP,Package Marking,MK-02,C,FAIL,ABNORMAL,ABNORMAL,,,,,,,,,,,,,,,,100.593,,,,,,,,,1,marking_quality_score=100.593,True,True,True
2026-01-25 14:48:00,UNIT02194,LOT015,WAFER2194,PKG02194,1,Wafer Inspection,ATMP,Wafer Metrology,WI-01,A,FAIL,ABNORMAL,ABNORMAL,793.944,3.972,40.435,19.488,123.885,,,,,,,,,,,,,,,,,,,,1,tape_thickness_um=123.885,True,True,True
2026-01-25 14:20:00,UNIT02192,LOT015,WAFER2192,PKG02192,5,Die Attach,OSAT/ATMP,Assembly,DA-02,A,FAIL,ABNORMAL,ABNORMAL,,,,,,,,,7.831,1.445,,,,,,,,,,,,,,,1,attach_force_n=7.831,True,True,True
2026-01-25 14:00:00,UNIT02191,LOT015,WAFER2191,PKG02191,1,Wafer Inspection,ATMP,Wafer Metrology,WI-01,A,FAIL,ABNORMAL,ABNORMAL,799.286,4.269,47.68,16.383,121.195,,,,,,,,,,,,,,,,,,,,1,tape_thickness_um=121.195,True,True,True
2026-01-25 13:58:00,UNIT02190,LOT015,WAFER2190,PKG02190,15,Final Inspection,ATMP,Final Inspection,FI-01,B,FAIL,ABNORMAL,ABNORMAL,,,,,,,,,,,,,,,,89.875,,10.038,,,,,,,1,marking_quality_score=89.875,True,True,True
2026-01-25 13:31:00,UNIT02189,LOT015,WAFER2189,PKG02189,4,Wafer Dicing,ATMP,Wafer Processing,WD-01,A,FAIL,ABNORMAL,ABNORMAL,,,,,,,,55.364,,,,,,,,,,,,,,,,,1,kerf_width_um=55.364,True,True,True
2026-01-25 13:17:00,UNIT02188,LOT015,WAFER2188,PKG02188,6,Wire Bonding,OSAT/ATMP,Assembly,WB-01,C,FAIL,ABNORMAL,ABNORMAL,,,,,,,,,,,71.722,9.217,,,,,,,,,,,,,1,wire_bond_force_n=71.722,True,True,True
2026-01-25 12:56:00,UNIT02187,LOT015,WAFER2187,PKG02187,1,Wafer Inspection,ATMP,Wafer Metrology,WI-01,C,FAIL,ABNORMAL,ABNORMAL,753.34,2.684,37.986,-1.83,93.488,,,,,,,,,,,,,,,,,,,,1,warp_um=-1.83,True,True,True
2026-01-25 12:24:00,UNIT02185,LOT015,WAFER2185,PKG02185,1,Wafer Inspection,ATMP,Wafer Metrology,WI-02,A,FAIL,ABNORMAL,ABNORMAL,739.909,2.61,25.779,6.705,72.999,,,,,,,,,,,,,,,,,,,,1,tape_thickness_um=72.999,True,True,True
2026-01-25 12:12:00,UNIT02184,LOT015,WAFER2184,PKG02184,5,Die Attach,OSAT/ATMP,Assembly,DA-01,B,FAIL,ABNORMAL,ABNORMAL,,,,,,,,,7.321,2.128,,,,,,,,,,,,,,,1,attach_force_n=7.321,True,True,True
2026-01-25 11:58:00,UNIT02183,LOT015,WAFER2183,PKG02183,7,Encapsulation / Molding,OSAT/ATMP,Packaging,MO-01,C,FAIL,ABNORMAL,ABNORMAL,,,,,,,,,,,,,177.542,143.701,0.821,,,,,,,,,,1,mold_cure_time_s=143.701,True,True,True
2026-01-25 11:36:00,UNIT02182,LOT015,WAFER2182,PKG02182,1,Wafer Inspection,ATMP,Wafer Metrology,WI-01,C,FAIL,ABNORMAL,ABNORMAL,738.651,5.918,18.402,45.849,96.934,,,,,,,,,,,,,,,,,,,,1,ttv_um=5.918,True,True,True
2026-01-25 11:22:00,UNIT02181,LOT015,WAFER2181,PKG02181,3,Back Grinding,ATMP,Wafer Processing,BG-01,B,FAIL,ABNORMAL,ABNORMAL,735.862,,,,,,-0.702,,,,,,,,,,,,,,,,,,1,thickness_variation_um=-0.702,True,True,True
2026-01-25 11:09:00,UNIT02180,LOT015,WAFER2180,PKG02180,6,Wire Bonding,OSAT/ATMP,Assembly,WB-02,B,FAIL,ABNORMAL,ABNORMAL,,,,,,,,,,,69.232,10.734,,,,,,,,,,,,,1,bond_pull_strength_gf=10.734,True,True,True
2026-01-25 11:01:00,UNIT02179,LOT015,WAFER2179,PKG02179,14,EOL,OSAT,Final Testing,EOL-02,C,FAIL,ABNORMAL,ABNORMAL,,,,,,,,,,,,,,,,,,,,,,,76.642,,1,eol_temperature_c=76.642,True,True,True
2026-01-25 10:46:00,UNIT02178,LOT015,WAFER2178,PKG02178,15,Final Inspection,ATMP,Final Inspection,FI-02,C,FAIL,ABNORMAL,ABNORMAL,,,,,,,,,,,,,,,,101.64,,9.878,,,,,,,1,marking_quality_score=101.64,True,True,True
2026-01-25 10:06:00,UNIT02176,LOT015,WAFER2176,PKG02176,7,Encapsulation / Molding,OSAT/ATMP,Packaging,MO-01,B,FAIL,ABNORMAL,ABNORMAL,,,,,,,,,,,,,170.7,101.482,-0.905,,,,,,,,,,1,void_percentage=-0.905,True,True,True
2026-01-25 09:55:00,UNIT02175,LOT015,WAFER2175,PKG02175,12,ICT,OSAT,Electrical Testing,ICT-01,C,FAIL,ABNORMAL,ABNORMAL,,,,,,,,,,,,,,,,,,,,,9.429,,,,1,ict_current_a=9.429,True,True,True
2026-01-25 09:32:00,UNIT02174,LOT015,WAFER2174,PKG02174,5,Die Attach,OSAT/ATMP,Assembly,DA-02,C,FAIL,ABNORMAL,ABNORMAL,,,,,,,,,12.157,18.063,,,,,,,,,,,,,,,1,attach_force_n=12.157,True,True,True
2026-01-25 08:57:00,UNIT02172,LOT015,WAFER2172,PKG02172,2,Wafer Sort,OSAT,Wafer Test,WS-02,B,FAIL,ABNORMAL,ABNORMAL,,,,,,10.547,,,,,,,,,,,,,,,,,,,1,sort_current_a=10.547,True,True,True
2026-01-25 08:41:00,UNIT02171,LOT015,WAFER2171,PKG02171,2,Wafer Sort,OSAT,Wafer Test,WS-02,C,FAIL,ABNORMAL,ABNORMAL,,,,,,9.385,,,,,,,,,,,,,,,,,,,1,sort_current_a=9.385,True,True,True
2026-01-25 08:14:00,UNIT02169,LOT015,WAFER2169,PKG02169,7,Encapsulation / Molding,OSAT/ATMP,Packaging,MO-02,B,FAIL,ABNORMAL,ABNORMAL,,,,,,,,,,,,,173.157,127.749,-0.424,,,,,,,,,,1,void_percentage=-0.424,True,True,True
2026-01-25 07:58:00,UNIT02168,LOT015,WAFER2168,PKG02168,7,Encapsulation / Molding,OSAT/ATMP,Packaging,MO-01,C,FAIL,ABNORMAL,ABNORMAL,,,,,,,,,,,,,171.73,120.71,5.159,,,,,,,,,,1,void_percentage=5.159,True,True,True
2026-01-25 07:41:00,UNIT02167,LOT015,WAFER2167,PKG02167,6,Wire Bonding,OSAT/ATMP,Assembly,WB-02,A,FAIL,ABNORMAL,ABNORMAL,,,,,,,,,,,67.211,10.806,,,,,,,,,,,,,1,bond_pull_strength_gf=10.806,True,True,True
2026-01-25 07:06:00,UNIT02165,LOT015,WAFER2165,PKG02165,3,Back Grinding,ATMP,Wafer Processing,BG-02,C,FAIL,ABNORMAL,ABNORMAL,723.941,,,,,,-0.571,,,,,,,,,,,,,,,,,,1,thickness_variation_um=-0.571,True,True,True
2026-01-25 06:48:00,UNIT02164,LOT015,WAFER2164,PKG02164,1,Wafer Inspection,ATMP,Wafer Metrology,WI-01,A,FAIL,ABNORMAL,ABNORMAL,705.642,4.066,8.53,53.916,87.678,,,,,,,,,,,,,,,,,,,,1,warp_um=53.916,True,True,True
2026-01-25 06:46:00,UNIT02163,LOT015,WAFER2163,PKG02163,15,Final Inspection,ATMP,Final Inspection,FI-02,B,FAIL,ABNORMAL,ABNORMAL,,,,,,,,,,,,,,,,101.014,,10.162,,,,,,,1,marking_quality_score=101.014,True,True,True
2026-01-25 06:16:00,UNIT02162,LOT015,WAFER2162,PKG02162,1,Wafer Inspection,ATMP,Wafer Metrology,WI-02,C,FAIL,ABNORMAL,ABNORMAL,785.068,1.16,23.982,32.372,123.565,,,,,,,,,,,,,,,,,,,,1,tape_thickness_um=123.565,True,True,True
2026-01-25 06:09:00,UNIT02161,LOT015,WAFER2161,PKG02161,10,Package Inspection,OSAT/ATMP,Package Inspection,PI-02,B,FAIL,ABNORMAL,ABNORMAL,,,,,,,,,,,,,,,,,,10.25,,,,,,,1,package_dimension_mm=10.25,True,True,True
2026-01-25 05:18:00,UNIT02158,LOT015,WAFER2158,PKG02158,7,Encapsulation / Molding,OSAT/ATMP,Packaging,MO-02,B,FAIL,ABNORMAL,ABNORMAL,,,,,,,,,,,,,177.799,98.328,1.231,,,,,,,,,,1,mold_cure_time_s=98.328,True,True,True
2026-01-25 04:56:00,UNIT02157,LOT015,WAFER2157,PKG02157,1,Wafer Inspection,ATMP,Wafer Metrology,WI-01,A,FAIL,ABNORMAL,ABNORMAL,760.939,0.593,31.529,-1.071,93.509,,,,,,,,,,,,,,,,,,,,1,warp_um=-1.071,True,True,True
2026-01-25 04:47:00,UNIT02156,LOT015,WAFER2156,PKG02156,8,Marking,ATMP,Package Marking,MK-02,A,FAIL,ABNORMAL,ABNORMAL,,,,,,,,,,,,,,,,88.865,,,,,,,,,1,marking_quality_score=88.865,True,True,True
2026-01-25 04:24:00,UNIT02155,LOT015,WAFER2155,PKG02155,1,Wafer Inspection,ATMP,Wafer Metrology,WI-01,A,FAIL,ABNORMAL,ABNORMAL,795.52,0.695,14.383,51.293,99.622,,,,,,,,,,,,,,,,,,,,1,warp_um=51.293,True,True,True
2026-01-25 03:26:00,UNIT02151,LOT015,WAFER2151,PKG02151,7,Encapsulation / Molding,OSAT/ATMP,Packaging,MO-02,B,FAIL,ABNORMAL,ABNORMAL,,,,,,,,,,,,,189.431,147.492,4.672,,,,,,,,,,1,mold_cure_time_s=147.492,True,True,True
2026-01-25 03:11:00,UNIT02150,LOT015,WAFER2150,PKG02150,8,Marking,ATMP,Package Marking,MK-01,C,FAIL,ABNORMAL,ABNORMAL,,,,,,,,,,,,,,,,88.339,,,,,,,,,1,marking_quality_score=88.339,True,True,True
2026-01-25 02:48:00,UNIT02149,LOT015,WAFER2149,PKG02149,1,Wafer Inspection,ATMP,Wafer Metrology,WI-01,B,FAIL,ABNORMAL,ABNORMAL,815.06,1.231,12.91,48.392,115.496,,,,,,,,,,,,,,,,,,,,1,wafer_thickness_um=815.06,True,True,True
2026-01-25 02:36:00,UNIT02148,LOT015,WAFER2148,PKG02148,5,Die Attach,OSAT/ATMP,Assembly,DA-01,B,FAIL,ABNORMAL,ABNORMAL,,,,,,,,,10.456,-1.897,,,,,,,,,,,,,,,1,attach_offset_um=-1.897,True,True,True
2026-01-25 02:22:00,UNIT02147,LOT015,WAFER2147,PKG02147,7,Encapsulation / Molding,OSAT/ATMP,Packaging,MO-02,C,FAIL,ABNORMAL,ABNORMAL,,,,,,,,,,,,,181.88,140.1,1.712,,,,,,,,,,1,mold_cure_time_s=140.1,True,True,True
2026-01-25 02:05:00,UNIT02146,LOT015,WAFER2146,PKG02146,6,Wire Bonding,OSAT/ATMP,Assembly,WB-02,C,FAIL,ABNORMAL,ABNORMAL,,,,,,,,,,,58.847,6.645,,,,,,,,,,,,,1,wire_bond_force_n=58.847,True,True,True
2026-01-25 01:44:00,UNIT02145,LOT015,WAFER2145,PKG02145,1,Wafer Inspection,ATMP,Wafer Metrology,WI-01,C,FAIL,ABNORMAL,ABNORMAL,734.021,2.715,27.635,56.854,107.511,,,,,,,,,,,,,,,,,,,,1,warp_um=56.854,True,True,True
2026-01-25 01:28:00,UNIT02144,LOT015,WAFER2144,PKG02144,1,Wafer Inspection,ATMP,Wafer Metrology,WI-01,C,FAIL,ABNORMAL,ABNORMAL,704.031,0.696,25.661,-0.148,115.064,,,,,,,,,,,,,,,,,,,,1,warp_um=-0.148,True,True,True
2026-01-25 01:12:00,UNIT02143,LOT015,WAFER2143,PKG02143,1,Wafer Inspection,ATMP,Wafer Metrology,WI-01,A,FAIL,ABNORMAL,ABNORMAL,709.449,5.585,-0.063,27.979,101.81,,,,,,,,,,,,,,,,,,,,2,ttv_um=5.585; bow_um=-0.063,True,True,True
2026-01-25 00:17:00,UNIT02139,LOT015,WAFER2139,PKG02139,10,Package Inspection,OSAT/ATMP,Package Inspection,PI-02,B,FAIL,ABNORMAL,ABNORMAL,,,,,,,,,,,,,,,,,,10.228,,,,,,,1,package_dimension_mm=10.228,True,True,True
2026-01-24 23:55:00,UNIT02138,LOT015,WAFER2138,PKG02138,4,Wafer Dicing,ATMP,Wafer Processing,WD-01,A,FAIL,ABNORMAL,ABNORMAL,,,,,,,,55.723,,,,,,,,,,,,,,,,,1,kerf_width_um=55.723,True,True,True
2026-01-24 23:37:00,UNIT02137,LOT015,WAFER2137,PKG02137,2,Wafer Sort,OSAT,Wafer Test,WS-01,A,FAIL,ABNORMAL,ABNORMAL,,,,,,9.479,,,,,,,,,,,,,,,,,,,1,sort_current_a=9.479,True,True,True
2026-01-24 23:07:00,UNIT02135,LOT015,WAFER2135,PKG02135,4,Wafer Dicing,ATMP,Wafer Processing,WD-01,B,FAIL,ABNORMAL,ABNORMAL,,,,,,,,44.562,,,,,,,,,,,,,,,,,1,kerf_width_um=44.562,True,True,True
2026-01-24 22:33:00,UNIT02133,LOT015,WAFER2133,PKG02133,2,Wafer Sort,OSAT,Wafer Test,WS-01,A,FAIL,ABNORMAL,ABNORMAL,,,,,,9.446,,,,,,,,,,,,,,,,,,,1,sort_current_a=9.446,True,True,True
2026-01-24 22:16:00,UNIT02132,LOT015,WAFER2132,PKG02132,1,Wafer Inspection,ATMP,Wafer Metrology,WI-02,B,FAIL,ABNORMAL,ABNORMAL,817.441,4.008,13.827,31.505,80.296,,,,,,,,,,,,,,,,,,,,1,wafer_thickness_um=817.441,True,True,True
2026-01-24 21:52:00,UNIT02130,LOT015,WAFER2130,PKG02130,9,Singulation,ATMP,Package Processing,SG-01,B,FAIL,ABNORMAL,ABNORMAL,,,,,,,,,,,,,,,,,10.305,,,,,,,,1,singulation_damage_score=10.305,True,True,True
2026-01-24 21:30:00,UNIT02129,LOT015,WAFER2129,PKG02129,3,Back Grinding,ATMP,Wafer Processing,BG-02,A,FAIL,ABNORMAL,ABNORMAL,698.824,,,,,,0.435,,,,,,,,,,,,,,,,,,1,wafer_thickness_um=698.824,True,True,True
2026-01-24 21:18:00,UNIT02128,LOT015,WAFER2128,PKG02128,7,Encapsulation / Molding,OSAT/ATMP,Packaging,MO-02,B,FAIL,ABNORMAL,ABNORMAL,,,,,,,,,,,,,179.546,143.093,0.892,,,,,,,,,,1,mold_cure_time_s=143.093,True,True,True
2026-01-24 20:46:00,UNIT02126,LOT015,WAFER2126,PKG02126,7,Encapsulation / Molding,OSAT/ATMP,Packaging,MO-02,B,FAIL,ABNORMAL,ABNORMAL,,,,,,,,,,,,,188.205,105.432,5.721,,,,,,,,,,1,void_percentage=5.721,True,True,True
2026-01-24 20:28:00,UNIT02125,LOT015,WAFER2125,PKG02125,5,Die Attach,OSAT/ATMP,Assembly,DA-01,C,FAIL,ABNORMAL,ABNORMAL,,,,,,,,,7.687,20.754,,,,,,,,,,,,,,,1,attach_force_n=7.687,True,True,True
2026-01-24 20:08:00,UNIT02124,LOT015,WAFER2124,PKG02124,1,Wafer Inspection,ATMP,Wafer Metrology,WI-02,B,FAIL,ABNORMAL,ABNORMAL,750.902,5.306,46.585,11.414,75.359,,,,,,,,,,,,,,,,,,,,2,ttv_um=5.306; tape_thickness_um=75.359,True,True,True
2026-01-24 19:56:00,UNIT02123,LOT015,WAFER2123,PKG02123,5,Die Attach,OSAT/ATMP,Assembly,DA-01,A,FAIL,ABNORMAL,ABNORMAL,,,,,,,,,10.698,52.076,,,,,,,,,,,,,,,1,attach_offset_um=52.076,True,True,True
2026-01-24 19:08:00,UNIT02120,LOT015,WAFER2120,PKG02120,5,Die Attach,OSAT/ATMP,Assembly,DA-02,A,FAIL,ABNORMAL,ABNORMAL,,,,,,,,,12.66,29.526,,,,,,,,,,,,,,,1,attach_force_n=12.66,True,True,True
2026-01-24 18:53:00,UNIT02119,LOT015,WAFER2119,PKG02119,6,Wire Bonding,OSAT/ATMP,Assembly,WB-01,B,FAIL,ABNORMAL,ABNORMAL,,,,,,,,,,,70.904,6.237,,,,,,,,,,,,,1,wire_bond_force_n=70.904,True,True,True
2026-01-24 18:16:00,UNIT02117,LOT015,WAFER2117,PKG02117,1,Wafer Inspection,ATMP,Wafer Metrology,WI-01,C,FAIL,ABNORMAL,ABNORMAL,730.398,0.809,5.532,56.783,88.553,,,,,,,,,,,,,,,,,,,,1,warp_um=56.783,True,True,True
2026-01-24 18:06:00,UNIT02116,LOT015,WAFER2116,PKG02116,7,Encapsulation / Molding,OSAT/ATMP,Packaging,MO-02,B,FAIL,ABNORMAL,ABNORMAL,,,,,,,,,,,,,187.639,105.579,-0.873,,,,,,,,,,1,void_percentage=-0.873,True,True,True
2026-01-24 17:45:00,UNIT02115,LOT015,WAFER2115,PKG02115,2,Wafer Sort,OSAT,Wafer Test,WS-02,A,FAIL,ABNORMAL,ABNORMAL,,,,,,9.401,,,,,,,,,,,,,,,,,,,1,sort_current_a=9.401,True,True,True
2026-01-24 17:32:00,UNIT02114,LOT015,WAFER2114,PKG02114,5,Die Attach,OSAT/ATMP,Assembly,DA-02,A,FAIL,ABNORMAL,ABNORMAL,,,,,,,,,12.749,49.93,,,,,,,,,,,,,,,1,attach_force_n=12.749,True,True,True
2026-01-24 17:16:00,UNIT02113,LOT015,WAFER2113,PKG02113,5,Die Attach,OSAT/ATMP,Assembly,DA-01,B,FAIL,ABNORMAL,ABNORMAL,,,,,,,,,11.58,55.197,,,,,,,,,,,,,,,1,attach_offset_um=55.197,True,True,True
2026-01-24 17:10:00,UNIT02112,LOT015,WAFER2112,PKG02112,15,Final Inspection,ATMP,Final Inspection,FI-01,C,FAIL,ABNORMAL,ABNORMAL,,,,,,,,,,,,,,,,101.679,,9.859,,,,,,,1,marking_quality_score=101.679,True,True,True
2026-01-24 16:25:00,UNIT02110,LOT015,WAFER2110,PKG02110,2,Wafer Sort,OSAT,Wafer Test,WS-01,B,FAIL,ABNORMAL,ABNORMAL,,,,,,10.628,,,,,,,,,,,,,,,,,,,1,sort_current_a=10.628,True,True,True
2026-01-24 15:36:00,UNIT02107,LOT015,WAFER2107,PKG02107,1,Wafer Inspection,ATMP,Wafer Metrology,WI-01,B,FAIL,ABNORMAL,ABNORMAL,692.584,0.495,30.321,25.35,99.747,,,,,,,,,,,,,,,,,,,,1,wafer_thickness_um=692.584,True,True,True
2026-01-24 15:20:00,UNIT02106,LOT015,WAFER2106,PKG02106,1,Wafer Inspection,ATMP,Wafer Metrology,WI-01,A,FAIL,ABNORMAL,ABNORMAL,725.395,-0.738,28.547,20.537,83.195,,,,,,,,,,,,,,,,,,,,1,ttv_um=-0.738,True,True,True
2026-01-24 15:04:00,UNIT02105,LOT015,WAFER2105,PKG02105,1,Wafer Inspection,ATMP,Wafer Metrology,WI-02,A,FAIL,ABNORMAL,ABNORMAL,780.152,5.206,19.565,46.39,84.948,,,,,,,,,,,,,,,,,,,,1,ttv_um=5.206,True,True,True
2026-01-24 14:53:00,UNIT02104,LOT015,WAFER2104,PKG02104,6,Wire Bonding,OSAT/ATMP,Assembly,WB-01,B,FAIL,ABNORMAL,ABNORMAL,,,,,,,,,,,64.613,4.951,,,,,,,,,,,,,1,bond_pull_strength_gf=4.951,True,True,True
2026-01-24 14:38:00,UNIT02103,LOT015,WAFER2103,PKG02103,7,Encapsulation / Molding,OSAT/ATMP,Packaging,MO-01,C,FAIL,ABNORMAL,ABNORMAL,,,,,,,,,,,,,193.704,139.864,3.904,,,,,,,,,,1,mold_temperature_c=193.704,True,True,True
2026-01-24 14:00:00,UNIT02101,LOT015,WAFER2101,PKG02101,1,Wafer Inspection,ATMP,Wafer Metrology,WI-01,C,FAIL,ABNORMAL,ABNORMAL,732.358,0.744,33.228,12.259,75.651,,,,,,,,,,,,,,,,,,,,1,tape_thickness_um=75.651,True,True,True
2026-01-24 13:46:00,UNIT02100,LOT014,WAFER2100,PKG02100,3,Back Grinding,ATMP,Wafer Processing,BG-01,A,FAIL,ABNORMAL,ABNORMAL,690.43,,,,,,3.447,,,,,,,,,,,,,,,,,,1,wafer_thickness_um=690.43,True,True,True
2026-01-24 13:33:00,UNIT02099,LOT014,WAFER2099,PKG02099,6,Wire Bonding,OSAT/ATMP,Assembly,WB-02,C,FAIL,ABNORMAL,ABNORMAL,,,,,,,,,,,71.035,8.448,,,,,,,,,,,,,1,wire_bond_force_n=71.035,True,True,True
2026-01-24 13:15:00,UNIT02098,LOT014,WAFER2098,PKG02098,4,Wafer Dicing,ATMP,Wafer Processing,WD-02,C,FAIL,ABNORMAL,ABNORMAL,,,,,,,,56.829,,,,,,,,,,,,,,,,,1,kerf_width_um=56.829,True,True,True
2026-01-24 12:56:00,UNIT02097,LOT014,WAFER2097,PKG02097,1,Wafer Inspection,ATMP,Wafer Metrology,WI-02,C,FAIL,ABNORMAL,ABNORMAL,767.479,0.863,6.087,57.836,113.764,,,,,,,,,,,,,,,,,,,,1,warp_um=57.836,True,True,True
2026-01-24 12:40:00,UNIT02096,LOT014,WAFER2096,PKG02096,1,Wafer Inspection,ATMP,Wafer Metrology,WI-01,C,FAIL,ABNORMAL,ABNORMAL,770.584,1.865,26.624,48.855,122.638,,,,,,,,,,,,,,,,,,,,1,tape_thickness_um=122.638,True,True,True
2026-01-24 12:18:00,UNIT02094,LOT014,WAFER2094,PKG02094,11,Burn-in,OSAT,Testing,BI-02,B,FAIL,ABNORMAL,ABNORMAL,,,,,,,,,,,,,,,,,,,124.939,3.566,,,,,1,burn_in_hours=3.566,True,True,True
2026-01-24 11:54:00,UNIT02093,LOT014,WAFER2093,PKG02093,3,Back Grinding,ATMP,Wafer Processing,BG-02,C,FAIL,ABNORMAL,ABNORMAL,761.2,,,,,,5.423,,,,,,,,,,,,,,,,,,1,thickness_variation_um=5.423,True,True,True
2026-01-24 11:42:00,UNIT02092,LOT014,WAFER2092,PKG02092,7,Encapsulation / Molding,OSAT/ATMP,Packaging,MO-02,C,FAIL,ABNORMAL,ABNORMAL,,,,,,,,,,,,,180.905,140.141,3.72,,,,,,,,,,1,mold_cure_time_s=140.141,True,True,True
2026-01-24 11:20:00,UNIT02091,LOT014,WAFER2091,PKG02091,1,Wafer Inspection,ATMP,Wafer Metrology,WI-01,B,FAIL,ABNORMAL,ABNORMAL,738.274,3.203,-9.103,22.978,119.737,,,,,,,,,,,,,,,,,,,,1,bow_um=-9.103,True,True,True
2026-01-24 11:07:00,UNIT02090,LOT014,WAFER2090,PKG02090,4,Wafer Dicing,ATMP,Wafer Processing,WD-02,C,FAIL,ABNORMAL,ABNORMAL,,,,,,,,43.035,,,,,,,,,,,,,,,,,1,kerf_width_um=43.035,True,True,True
2026-01-24 10:48:00,UNIT02089,LOT014,WAFER2089,PKG02089,1,Wafer Inspection,ATMP,Wafer Metrology,WI-01,A,FAIL,ABNORMAL,ABNORMAL,762.817,-0.349,39.645,31.558,96.749,,,,,,,,,,,,,,,,,,,,1,ttv_um=-0.349,True,True,True
2026-01-24 10:32:00,UNIT02088,LOT014,WAFER2088,PKG02088,1,Wafer Inspection,ATMP,Wafer Metrology,WI-01,B,FAIL,ABNORMAL,ABNORMAL,740.61,0.107,56.627,18.289,108.562,,,,,,,,,,,,,,,,,,,,1,bow_um=56.627,True,True,True
2026-01-24 10:16:00,UNIT02087,LOT014,WAFER2087,PKG02087,1,Wafer Inspection,ATMP,Wafer Metrology,WI-02,A,FAIL,ABNORMAL,ABNORMAL,731.133,5.089,37.988,26.221,92.266,,,,,,,,,,,,,,,,,,,,1,ttv_um=5.089,True,True,True
2026-01-24 09:21:00,UNIT02083,LOT014,WAFER2083,PKG02083,10,Package Inspection,OSAT/ATMP,Package Inspection,PI-01,C,FAIL,ABNORMAL,ABNORMAL,,,,,,,,,,,,,,,,,,10.279,,,,,,,1,package_dimension_mm=10.279,True,True,True
2026-01-24 09:04:00,UNIT02082,LOT014,WAFER2082,PKG02082,9,Singulation,ATMP,Package Processing,SG-01,B,FAIL,ABNORMAL,ABNORMAL,,,,,,,,,,,,,,,,,11.292,,,,,,,,1,singulation_damage_score=11.292,True,True,True
2026-01-24 08:40:00,UNIT02081,LOT014,WAFER2081,PKG02081,1,Wafer Inspection,ATMP,Wafer Metrology,WI-01,C,FAIL,ABNORMAL,ABNORMAL,769.063,2.286,56.89,23.854,119.093,,,,,,,,,,,,,,,,,,,,1,bow_um=56.89,True,True,True
2026-01-24 08:24:00,UNIT02080,LOT014,WAFER2080,PKG02080,1,Wafer Inspection,ATMP,Wafer Metrology,WI-02,B,FAIL,ABNORMAL,ABNORMAL,751.652,2.543,11.324,-3.003,81.185,,,,,,,,,,,,,,,,,,,,1,warp_um=-3.003,True,True,True
2026-01-24 08:08:00,UNIT02079,LOT014,WAFER2079,PKG02079,1,Wafer Inspection,ATMP,Wafer Metrology,WI-01,C,FAIL,ABNORMAL,ABNORMAL,798.728,5.628,46.448,14.313,89.605,,,,,,,,,,,,,,,,,,,,1,ttv_um=5.628,True,True,True
2026-01-24 08:02:00,UNIT02078,LOT014,WAFER2078,PKG02078,11,Burn-in,OSAT,Testing,BI-02,C,FAIL,ABNORMAL,ABNORMAL,,,,,,,,,,,,,,,,,,,119.24,6.389,,,,,1,burn_in_temperature_c=119.24,True,True,True
2026-01-24 07:36:00,UNIT02077,LOT014,WAFER2077,PKG02077,1,Wafer Inspection,ATMP,Wafer Metrology,WI-02,C,FAIL,ABNORMAL,ABNORMAL,708.148,0.707,37.282,16.428,124.061,,,,,,,,,,,,,,,,,,,,1,tape_thickness_um=124.061,True,True,True
2026-01-24 07:27:00,UNIT02076,LOT014,WAFER2076,PKG02076,8,Marking,ATMP,Package Marking,MK-02,B,FAIL,ABNORMAL,ABNORMAL,,,,,,,,,,,,,,,,100.956,,,,,,,,,1,marking_quality_score=100.956,True,True,True
2026-01-24 07:12:00,UNIT02075,LOT014,WAFER2075,PKG02075,9,Singulation,ATMP,Package Processing,SG-02,B,FAIL,ABNORMAL,ABNORMAL,,,,,,,,,,,,,,,,,11.693,,,,,,,,1,singulation_damage_score=11.693,True,True,True
2026-01-24 06:52:00,UNIT02074,LOT014,WAFER2074,PKG02074,5,Die Attach,OSAT/ATMP,Assembly,DA-02,A,FAIL,ABNORMAL,ABNORMAL,,,,,,,,,10.85,-6.405,,,,,,,,,,,,,,,1,attach_offset_um=-6.405,True,True,True
2026-01-24 06:46:00,UNIT02073,LOT014,WAFER2073,PKG02073,15,Final Inspection,ATMP,Final Inspection,FI-02,A,FAIL,ABNORMAL,ABNORMAL,,,,,,,,,,,,,,,,91.792,,10.218,,,,,,,1,package_dimension_mm=10.218,True,True,True
2026-01-24 06:06:00,UNIT02071,LOT014,WAFER2071,PKG02071,7,Encapsulation / Molding,OSAT/ATMP,Packaging,MO-02,C,FAIL,ABNORMAL,ABNORMAL,,,,,,,,,,,,,173.362,97.347,4.564,,,,,,,,,,1,mold_cure_time_s=97.347,True,True,True
2026-01-24 05:44:00,UNIT02070,LOT014,WAFER2070,PKG02070,1,Wafer Inspection,ATMP,Wafer Metrology,WI-01,C,FAIL,ABNORMAL,ABNORMAL,752.794,1.16,33.75,13.321,75.115,,,,,,,,,,,,,,,,,,,,1,tape_thickness_um=75.115,True,True,True
2026-01-24 05:12:00,UNIT02068,LOT014,WAFER2068,PKG02068,1,Wafer Inspection,ATMP,Wafer Metrology,WI-02,B,FAIL,ABNORMAL,ABNORMAL,688.15,1.953,41.019,1.484,91.823,,,,,,,,,,,,,,,,,,,,1,wafer_thickness_um=688.15,True,True,True
2026-01-24 05:06:00,UNIT02067,LOT014,WAFER2067,PKG02067,11,Burn-in,OSAT,Testing,BI-02,B,FAIL,ABNORMAL,ABNORMAL,,,,,,,,,,,,,,,,,,,130.907,6.388,,,,,1,burn_in_temperature_c=130.907,True,True,True
2026-01-24 04:45:00,UNIT02066,LOT014,WAFER2066,PKG02066,6,Wire Bonding,OSAT/ATMP,Assembly,WB-01,A,FAIL,ABNORMAL,ABNORMAL,,,,,,,,,,,63.322,10.094,,,,,,,,,,,,,1,bond_pull_strength_gf=10.094,True,True,True
2026-01-24 04:30:00,UNIT02065,LOT014,WAFER2065,PKG02065,7,Encapsulation / Molding,OSAT/ATMP,Packaging,MO-01,C,FAIL,ABNORMAL,ABNORMAL,,,,,,,,,,,,,174.363,96.111,3.249,,,,,,,,,,1,mold_cure_time_s=96.111,True,True,True
2026-01-24 04:08:00,UNIT02064,LOT014,WAFER2064,PKG02064,1,Wafer Inspection,ATMP,Wafer Metrology,WI-02,C,FAIL,ABNORMAL,ABNORMAL,734.133,3.476,40.518,13.955,77.99,,,,,,,,,,,,,,,,,,,,1,tape_thickness_um=77.99,True,True,True
2026-01-24 03:54:00,UNIT02063,LOT014,WAFER2063,PKG02063,3,Back Grinding,ATMP,Wafer Processing,BG-01,B,FAIL,ABNORMAL,ABNORMAL,702.702,,,,,,-0.034,,,,,,,,,,,,,,,,,,1,thickness_variation_um=-0.034,True,True,True
2026-01-24 03:08:00,UNIT02060,LOT014,WAFER2060,PKG02060,5,Die Attach,OSAT/ATMP,Assembly,DA-01,B,FAIL,ABNORMAL,ABNORMAL,,,,,,,,,9.95,53.999,,,,,,,,,,,,,,,1,attach_offset_um=53.999,True,True,True
2026-01-24 02:53:00,UNIT02059,LOT014,WAFER2059,PKG02059,6,Wire Bonding,OSAT/ATMP,Assembly,WB-01,C,FAIL,ABNORMAL,ABNORMAL,,,,,,,,,,,70.113,7.595,,,,,,,,,,,,,1,wire_bond_force_n=70.113,True,True,True
2026-01-24 02:37:00,UNIT02058,LOT014,WAFER2058,PKG02058,6,Wire Bonding,OSAT/ATMP,Assembly,WB-01,C,FAIL,ABNORMAL,ABNORMAL,,,,,,,,,,,70.827,8.236,,,,,,,,,,,,,1,wire_bond_force_n=70.827,True,True,True
2026-01-24 02:16:00,UNIT02057,LOT014,WAFER2057,PKG02057,1,Wafer Inspection,ATMP,Wafer Metrology,WI-02,B,FAIL,ABNORMAL,ABNORMAL,729.533,1.329,-3.435,19.524,85.437,,,,,,,,,,,,,,,,,,,,1,bow_um=-3.435,True,True,True
2026-01-24 02:00:00,UNIT02056,LOT014,WAFER2056,PKG02056,1,Wafer Inspection,ATMP,Wafer Metrology,WI-01,A,FAIL,ABNORMAL,ABNORMAL,741.453,4.85,-3.731,20.792,112.112,,,,,,,,,,,,,,,,,,,,1,bow_um=-3.731,True,True,True
2026-01-24 01:46:00,UNIT02055,LOT014,WAFER2055,PKG02055,3,Back Grinding,ATMP,Wafer Processing,BG-01,B,FAIL,ABNORMAL,ABNORMAL,784.128,,,,,,5.951,,,,,,,,,,,,,,,,,,1,thickness_variation_um=5.951,True,True,True
2026-01-24 01:37:00,UNIT02054,LOT014,WAFER2054,PKG02054,10,Package Inspection,OSAT/ATMP,Package Inspection,PI-01,C,FAIL,ABNORMAL,ABNORMAL,,,,,,,,,,,,,,,,,,9.744,,,,,,,1,package_dimension_mm=9.744,True,True,True
2026-01-24 00:50:00,UNIT02051,LOT014,WAFER2051,PKG02051,11,Burn-in,OSAT,Testing,BI-01,C,FAIL,ABNORMAL,ABNORMAL,,,,,,,,,,,,,,,,,,,123.533,8.467,,,,,1,burn_in_hours=8.467,True,True,True
2026-01-24 00:29:00,UNIT02050,LOT014,WAFER2050,PKG02050,6,Wire Bonding,OSAT/ATMP,Assembly,WB-01,A,FAIL,ABNORMAL,ABNORMAL,,,,,,,,,,,59.546,9.75,,,,,,,,,,,,,1,wire_bond_force_n=59.546,True,True,True
2026-01-23 23:57:00,UNIT02048,LOT014,WAFER2048,PKG02048,6,Wire Bonding,OSAT/ATMP,Assembly,WB-02,A,FAIL,ABNORMAL,ABNORMAL,,,,,,,,,,,58.127,6.624,,,,,,,,,,,,,1,wire_bond_force_n=58.127,True,True,True
2026-01-23 23:30:00,UNIT02046,LOT014,WAFER2046,PKG02046,11,Burn-in,OSAT,Testing,BI-01,A,FAIL,ABNORMAL,ABNORMAL,,,,,,,,,,,,,,,,,,,118.559,6.744,,,,,1,burn_in_temperature_c=118.559,True,True,True
2026-01-23 22:53:00,UNIT02044,LOT014,WAFER2044,PKG02044,6,Wire Bonding,OSAT/ATMP,Assembly,WB-01,C,FAIL,ABNORMAL,ABNORMAL,,,,,,,,,,,61.036,4.884,,,,,,,,,,,,,1,bond_pull_strength_gf=4.884,True,True,True
2026-01-23 22:37:00,UNIT02043,LOT014,WAFER2043,PKG02043,6,Wire Bonding,OSAT/ATMP,Assembly,WB-02,A,FAIL,ABNORMAL,ABNORMAL,,,,,,,,,,,69.578,10.628,,,,,,,,,,,,,1,bond_pull_strength_gf=10.628,True,True,True
2026-01-23 22:20:00,UNIT02042,LOT014,WAFER2042,PKG02042,5,Die Attach,OSAT/ATMP,Assembly,DA-02,C,FAIL,ABNORMAL,ABNORMAL,,,,,,,,,7.703,51.789,,,,,,,,,,,,,,,2,attach_force_n=7.703; attach_offset_um=51.789,True,True,True
2026-01-23 22:00:00,UNIT02041,LOT014,WAFER2041,PKG02041,1,Wafer Inspection,ATMP,Wafer Metrology,WI-01,B,FAIL,ABNORMAL,ABNORMAL,733.03,4.361,59.173,47.399,90.902,,,,,,,,,,,,,,,,,,,,1,bow_um=59.173,True,True,True
2026-01-23 21:44:00,UNIT02040,LOT014,WAFER2040,PKG02040,1,Wafer Inspection,ATMP,Wafer Metrology,WI-01,B,FAIL,ABNORMAL,ABNORMAL,781.413,0.052,-7.76,35.295,96.226,,,,,,,,,,,,,,,,,,,,1,bow_um=-7.76,True,True,True
2026-01-23 20:56:00,UNIT02037,LOT014,WAFER2037,PKG02037,1,Wafer Inspection,ATMP,Wafer Metrology,WI-01,C,FAIL,ABNORMAL,ABNORMAL,710.116,2.39,16.723,-1.159,82.936,,,,,,,,,,,,,,,,,,,,1,warp_um=-1.159,True,True,True
2026-01-23 20:46:00,UNIT02036,LOT014,WAFER2036,PKG02036,7,Encapsulation / Molding,OSAT/ATMP,Packaging,MO-01,B,FAIL,ABNORMAL,ABNORMAL,,,,,,,,,,,,,177.861,94.384,3.22,,,,,,,,,,1,mold_cure_time_s=94.384,True,True,True
2026-01-23 20:28:00,UNIT02035,LOT014,WAFER2035,PKG02035,5,Die Attach,OSAT/ATMP,Assembly,DA-02,A,FAIL,ABNORMAL,ABNORMAL,,,,,,,,,9.533,-0.459,,,,,,,,,,,,,,,1,attach_offset_um=-0.459,True,True,True
2026-01-23 19:52:00,UNIT02033,LOT014,WAFER2033,PKG02033,1,Wafer Inspection,ATMP,Wafer Metrology,WI-01,B,FAIL,ABNORMAL,ABNORMAL,699.802,4.048,7.093,35.308,88.133,,,,,,,,,,,,,,,,,,,,1,wafer_thickness_um=699.802,True,True,True
2026-01-23 19:04:00,UNIT02030,LOT014,WAFER2030,PKG02030,1,Wafer Inspection,ATMP,Wafer Metrology,WI-02,C,FAIL,ABNORMAL,ABNORMAL,819.059,2.293,26.504,40.239,108.905,,,,,,,,,,,,,,,,,,,,1,wafer_thickness_um=819.059,True,True,True
2026-01-23 17:53:00,UNIT02025,LOT014,WAFER2025,PKG02025,10,Package Inspection,OSAT/ATMP,Package Inspection,PI-01,B,FAIL,ABNORMAL,ABNORMAL,,,,,,,,,,,,,,,,,,9.793,,,,,,,1,package_dimension_mm=9.793,True,True,True
2026-01-23 17:35:00,UNIT02024,LOT014,WAFER2024,PKG02024,8,Marking,ATMP,Package Marking,MK-01,B,FAIL,ABNORMAL,ABNORMAL,,,,,,,,,,,,,,,,100.937,,,,,,,,,1,marking_quality_score=100.937,True,True,True
2026-01-23 17:18:00,UNIT02023,LOT014,WAFER2023,PKG02023,7,Encapsulation / Molding,OSAT/ATMP,Packaging,MO-01,C,FAIL,ABNORMAL,ABNORMAL,,,,,,,,,,,,,175.008,93.342,2.467,,,,,,,,,,1,mold_cure_time_s=93.342,True,True,True
2026-01-23 17:02:00,UNIT02022,LOT014,WAFER2022,PKG02022,7,Encapsulation / Molding,OSAT/ATMP,Packaging,MO-02,A,FAIL,ABNORMAL,ABNORMAL,,,,,,,,,,,,,191.491,135.952,2.522,,,,,,,,,,1,mold_temperature_c=191.491,True,True,True
2026-01-23 16:51:00,UNIT02021,LOT014,WAFER2021,PKG02021,12,ICT,OSAT,Electrical Testing,ICT-01,B,FAIL,ABNORMAL,ABNORMAL,,,,,,,,,,,,,,,,,,,,,10.697,,,,1,ict_current_a=10.697,True,True,True
2026-01-23 16:08:00,UNIT02019,LOT014,WAFER2019,PKG02019,1,Wafer Inspection,ATMP,Wafer Metrology,WI-01,A,FAIL,ABNORMAL,ABNORMAL,713.637,1.661,14.023,-2.637,108.081,,,,,,,,,,,,,,,,,,,,1,warp_um=-2.637,True,True,True
2026-01-23 15:36:00,UNIT02017,LOT014,WAFER2017,PKG02017,1,Wafer Inspection,ATMP,Wafer Metrology,WI-02,C,FAIL,ABNORMAL,ABNORMAL,794.519,3.675,32.006,-2.546,83.039,,,,,,,,,,,,,,,,,,,,1,warp_um=-2.546,True,True,True
2026-01-23 14:47:00,UNIT02013,LOT014,WAFER2013,PKG02013,16,Packing / Dispatch,ATMP,Packaging,PK-02,C,FAIL,ABNORMAL,ABNORMAL,,,,,,,,,,,,,,,,,,,,,,,,10.282,1,packaging_damage_score=10.282,True,True,True
2026-01-23 14:16:00,UNIT02012,LOT014,WAFER2012,PKG02012,1,Wafer Inspection,ATMP,Wafer Metrology,WI-01,C,FAIL,ABNORMAL,ABNORMAL,728.973,4.936,47.509,55.744,113.728,,,,,,,,,,,,,,,,,,,,1,warp_um=55.744,True,True,True
2026-01-23 13:51:00,UNIT02010,LOT014,WAFER2010,PKG02010,8,Marking,ATMP,Package Marking,MK-01,C,FAIL,ABNORMAL,ABNORMAL,,,,,,,,,,,,,,,,100.746,,,,,,,,,1,marking_quality_score=100.746,True,True,True
2026-01-23 13:32:00,UNIT02009,LOT014,WAFER2009,PKG02009,5,Die Attach,OSAT/ATMP,Assembly,DA-02,B,FAIL,ABNORMAL,ABNORMAL,,,,,,,,,12.015,2.581,,,,,,,,,,,,,,,1,attach_force_n=12.015,True,True,True
2026-01-23 13:26:00,UNIT02008,LOT014,WAFER2008,PKG02008,15,Final Inspection,ATMP,Final Inspection,FI-02,C,FAIL,ABNORMAL,ABNORMAL,,,,,,,,,,,,,,,,89.475,,9.81,,,,,,,1,marking_quality_score=89.475,True,True,True
2026-01-23 13:02:00,UNIT02007,LOT014,WAFER2007,PKG02007,7,Encapsulation / Molding,OSAT/ATMP,Packaging,MO-02,B,FAIL,ABNORMAL,ABNORMAL,,,,,,,,,,,,,193.221,120.366,1.373,,,,,,,,,,1,mold_temperature_c=193.221,True,True,True
2026-01-23 12:45:00,UNIT02006,LOT014,WAFER2006,PKG02006,6,Wire Bonding,OSAT/ATMP,Assembly,WB-02,C,FAIL,ABNORMAL,ABNORMAL,,,,,,,,,,,58.954,9.523,,,,,,,,,,,,,1,wire_bond_force_n=58.954,True,True,True
2026-01-23 12:18:00,UNIT02004,LOT014,WAFER2004,PKG02004,11,Burn-in,OSAT,Testing,BI-02,A,FAIL,ABNORMAL,ABNORMAL,,,,,,,,,,,,,,,,,,,118.866,6.337,,,,,1,burn_in_temperature_c=118.866,True,True,True
2026-01-23 11:41:00,UNIT02002,LOT014,WAFER2002,PKG02002,6,Wire Bonding,OSAT/ATMP,Assembly,WB-01,C,FAIL,ABNORMAL,ABNORMAL,,,,,,,,,,,63.33,10.627,,,,,,,,,,,,,1,bond_pull_strength_gf=10.627,True,True,True
2026-01-23 11:22:00,UNIT02001,LOT014,WAFER2001,PKG02001,3,Back Grinding,ATMP,Wafer Processing,BG-02,B,FAIL,ABNORMAL,ABNORMAL,704.195,,,,,,-0.237,,,,,,,,,,,,,,,,,,1,thickness_variation_um=-0.237,True,True,True
2026-01-23 11:09:00,UNIT02000,LOT014,WAFER2000,PKG02000,6,Wire Bonding,OSAT/ATMP,Assembly,WB-02,B,FAIL,ABNORMAL,ABNORMAL,,,,,,,,,,,59.763,9.647,,,,,,,,,,,,,1,wire_bond_force_n=59.763,True,True,True
2026-01-23 10:32:00,UNIT01998,LOT014,WAFER1998,PKG01998,1,Wafer Inspection,ATMP,Wafer Metrology,WI-02,A,FAIL,ABNORMAL,ABNORMAL,750.043,1.974,-4.43,14.939,99.43,,,,,,,,,,,,,,,,,,,,1,bow_um=-4.43,True,True,True
2026-01-23 10:29:00,UNIT01997,LOT014,WAFER1997,PKG01997,14,EOL,OSAT,Final Testing,EOL-01,C,FAIL,ABNORMAL,ABNORMAL,,,,,,,,,,,,,,,,,,,,,,,100.144,,1,eol_temperature_c=100.144,True,True,True
2026-01-23 09:28:00,UNIT01994,LOT014,WAFER1994,PKG01994,1,Wafer Inspection,ATMP,Wafer Metrology,WI-02,B,FAIL,ABNORMAL,ABNORMAL,731.622,1.714,6.595,28.774,122.737,,,,,,,,,,,,,,,,,,,,1,tape_thickness_um=122.737,True,True,True
2026-01-23 09:12:00,UNIT01993,LOT014,WAFER1993,PKG01993,1,Wafer Inspection,ATMP,Wafer Metrology,WI-01,B,FAIL,ABNORMAL,ABNORMAL,706.69,0.331,0.689,-7.795,107.186,,,,,,,,,,,,,,,,,,,,1,warp_um=-7.795,True,True,True
2026-01-23 08:56:00,UNIT01992,LOT014,WAFER1992,PKG01992,1,Wafer Inspection,ATMP,Wafer Metrology,WI-02,C,FAIL,ABNORMAL,ABNORMAL,720.827,3.037,55.372,8.212,89.525,,,,,,,,,,,,,,,,,,,,1,bow_um=55.372,True,True,True
2026-01-23 08:42:00,UNIT01991,LOT014,WAFER1991,PKG01991,3,Back Grinding,ATMP,Wafer Processing,BG-02,A,FAIL,ABNORMAL,ABNORMAL,747.058,,,,,,5.524,,,,,,,,,,,,,,,,,,1,thickness_variation_um=5.524,True,True,True
2026-01-23 08:29:00,UNIT01990,LOT014,WAFER1990,PKG01990,6,Wire Bonding,OSAT/ATMP,Assembly,WB-01,B,FAIL,ABNORMAL,ABNORMAL,,,,,,,,,,,70.234,6.347,,,,,,,,,,,,,1,wire_bond_force_n=70.234,True,True,True
2026-01-23 07:52:00,UNIT01988,LOT014,WAFER1988,PKG01988,1,Wafer Inspection,ATMP,Wafer Metrology,WI-01,A,FAIL,ABNORMAL,ABNORMAL,698.672,1.71,31.444,-9.879,108.445,,,,,,,,,,,,,,,,,,,,2,wafer_thickness_um=698.672; warp_um=-9.879,True,True,True
2026-01-23 07:41:00,UNIT01987,LOT014,WAFER1987,PKG01987,6,Wire Bonding,OSAT/ATMP,Assembly,WB-02,B,FAIL,ABNORMAL,ABNORMAL,,,,,,,,,,,58.357,7.355,,,,,,,,,,,,,1,wire_bond_force_n=58.357,True,True,True
2026-01-23 06:48:00,UNIT01984,LOT014,WAFER1984,PKG01984,1,Wafer Inspection,ATMP,Wafer Metrology,WI-01,C,FAIL,ABNORMAL,ABNORMAL,772.983,2.49,39.814,56.639,109.192,,,,,,,,,,,,,,,,,,,,1,warp_um=56.639,True,True,True
2026-01-23 06:34:00,UNIT01983,LOT014,WAFER1983,PKG01983,3,Back Grinding,ATMP,Wafer Processing,BG-01,A,FAIL,ABNORMAL,ABNORMAL,722.438,,,,,,5.079,,,,,,,,,,,,,,,,,,1,thickness_variation_um=5.079,True,True,True
2026-01-23 06:20:00,UNIT01982,LOT014,WAFER1982,PKG01982,5,Die Attach,OSAT/ATMP,Assembly,DA-02,A,FAIL,ABNORMAL,ABNORMAL,,,,,,,,,9.701,57.741,,,,,,,,,,,,,,,1,attach_offset_um=57.741,True,True,True
2026-01-23 06:00:00,UNIT01981,LOT014,WAFER1981,PKG01981,1,Wafer Inspection,ATMP,Wafer Metrology,WI-02,C,FAIL,ABNORMAL,ABNORMAL,691.11,2.213,49.214,2.981,105.088,,,,,,,,,,,,,,,,,,,,1,wafer_thickness_um=691.11,True,True,True
2026-01-23 05:52:00,UNIT01980,LOT014,WAFER1980,PKG01980,9,Singulation,ATMP,Package Processing,SG-02,B,FAIL,ABNORMAL,ABNORMAL,,,,,,,,,,,,,,,,,-0.882,,,,,,,,1,singulation_damage_score=-0.882,True,True,True
2026-01-23 05:27:00,UNIT01978,LOT014,WAFER1978,PKG01978,16,Packing / Dispatch,ATMP,Packaging,PK-02,C,FAIL,ABNORMAL,ABNORMAL,,,,,,,,,,,,,,,,,,,,,,,,-0.113,1,packaging_damage_score=-0.113,True,True,True
2026-01-23 04:57:00,UNIT01977,LOT014,WAFER1977,PKG01977,2,Wafer Sort,OSAT,Wafer Test,WS-02,A,FAIL,ABNORMAL,ABNORMAL,,,,,,9.48,,,,,,,,,,,,,,,,,,,1,sort_current_a=9.48,True,True,True
2026-01-23 04:30:00,UNIT01975,LOT014,WAFER1975,PKG01975,7,Encapsulation / Molding,OSAT/ATMP,Packaging,MO-01,B,FAIL,ABNORMAL,ABNORMAL,,,,,,,,,,,,,167.93,136.549,3.952,,,,,,,,,,1,mold_temperature_c=167.93,True,True,True
2026-01-23 04:14:00,UNIT01974,LOT014,WAFER1974,PKG01974,7,Encapsulation / Molding,OSAT/ATMP,Packaging,MO-02,A,FAIL,ABNORMAL,ABNORMAL,,,,,,,,,,,,,188.586,143.85,5.755,,,,,,,,,,2,mold_cure_time_s=143.85; void_percentage=5.755,True,True,True
2026-01-23 04:00:00,UNIT01973,LOT014,WAFER1973,PKG01973,9,Singulation,ATMP,Package Processing,SG-02,B,FAIL,ABNORMAL,ABNORMAL,,,,,,,,,,,,,,,,,-0.478,,,,,,,,1,singulation_damage_score=-0.478,True,True,True
2026-01-23 03:08:00,UNIT01970,LOT014,WAFER1970,PKG01970,5,Die Attach,OSAT/ATMP,Assembly,DA-02,C,FAIL,ABNORMAL,ABNORMAL,,,,,,,,,9.769,-6.228,,,,,,,,,,,,,,,1,attach_offset_um=-6.228,True,True,True
2026-01-23 02:52:00,UNIT01969,LOT014,WAFER1969,PKG01969,5,Die Attach,OSAT/ATMP,Assembly,DA-02,C,FAIL,ABNORMAL,ABNORMAL,,,,,,,,,10.854,-3.233,,,,,,,,,,,,,,,1,attach_offset_um=-3.233,True,True,True
2026-01-23 02:37:00,UNIT01968,LOT014,WAFER1968,PKG01968,6,Wire Bonding,OSAT/ATMP,Assembly,WB-01,A,FAIL,ABNORMAL,ABNORMAL,,,,,,,,,,,67.914,4.969,,,,,,,,,,,,,1,bond_pull_strength_gf=4.969,True,True,True
2026-01-23 02:21:00,UNIT01967,LOT014,WAFER1967,PKG01967,6,Wire Bonding,OSAT/ATMP,Assembly,WB-02,C,FAIL,ABNORMAL,ABNORMAL,,,,,,,,,,,58.299,7.511,,,,,,,,,,,,,1,wire_bond_force_n=58.299,True,True,True
2026-01-23 02:08:00,UNIT01966,LOT014,WAFER1966,PKG01966,9,Singulation,ATMP,Package Processing,SG-01,C,FAIL,ABNORMAL,ABNORMAL,,,,,,,,,,,,,,,,,11.283,,,,,,,,1,singulation_damage_score=11.283,True,True,True
2026-01-23 01:50:00,UNIT01965,LOT014,WAFER1965,PKG01965,7,Encapsulation / Molding,OSAT/ATMP,Packaging,MO-01,B,FAIL,ABNORMAL,ABNORMAL,,,,,,,,,,,,,190.431,131.394,-0.802,,,,,,,,,,2,mold_temperature_c=190.431; void_percentage=-0.802,True,True,True
2026-01-23 01:28:00,UNIT01964,LOT014,WAFER1964,PKG01964,1,Wafer Inspection,ATMP,Wafer Metrology,WI-01,B,FAIL,ABNORMAL,ABNORMAL,776.453,4.677,2.64,6.659,125.137,,,,,,,,,,,,,,,,,,,,1,tape_thickness_um=125.137,True,True,True
2026-01-23 01:10:00,UNIT01962,LOT014,WAFER1962,PKG01962,15,Final Inspection,ATMP,Final Inspection,FI-02,B,FAIL,ABNORMAL,ABNORMAL,,,,,,,,,,,,,,,,99.909,,9.749,,,,,,,1,package_dimension_mm=9.749,True,True,True
2026-01-23 00:40:00,UNIT01961,LOT014,WAFER1961,PKG01961,1,Wafer Inspection,ATMP,Wafer Metrology,WI-02,B,FAIL,ABNORMAL,ABNORMAL,748.183,4.958,20.241,51.066,112.86,,,,,,,,,,,,,,,,,,,,1,warp_um=51.066,True,True,True
2026-01-23 00:28:00,UNIT01960,LOT014,WAFER1960,PKG01960,5,Die Attach,OSAT/ATMP,Assembly,DA-01,A,FAIL,ABNORMAL,ABNORMAL,,,,,,,,,7.823,33.83,,,,,,,,,,,,,,,1,attach_force_n=7.823,True,True,True
2026-01-23 00:08:00,UNIT01959,LOT014,WAFER1959,PKG01959,1,Wafer Inspection,ATMP,Wafer Metrology,WI-01,C,FAIL,ABNORMAL,ABNORMAL,745.902,2.782,22.77,58.904,102.35,,,,,,,,,,,,,,,,,,,,1,warp_um=58.904,True,True,True
2026-01-22 23:58:00,UNIT01958,LOT014,WAFER1958,PKG01958,7,Encapsulation / Molding,OSAT/ATMP,Packaging,MO-02,A,FAIL,ABNORMAL,ABNORMAL,,,,,,,,,,,,,176.225,140.638,3.543,,,,,,,,,,1,mold_cure_time_s=140.638,True,True,True
2026-01-22 23:05:00,UNIT01955,LOT014,WAFER1955,PKG01955,2,Wafer Sort,OSAT,Wafer Test,WS-02,A,FAIL,ABNORMAL,ABNORMAL,,,,,,9.369,,,,,,,,,,,,,,,,,,,1,sort_current_a=9.369,True,True,True
2026-01-22 22:53:00,UNIT01954,LOT014,WAFER1954,PKG01954,6,Wire Bonding,OSAT/ATMP,Assembly,WB-01,A,FAIL,ABNORMAL,ABNORMAL,,,,,,,,,,,61.384,4.446,,,,,,,,,,,,,1,bond_pull_strength_gf=4.446,True,True,True
2026-01-22 22:34:00,UNIT01953,LOT014,WAFER1953,PKG01953,3,Back Grinding,ATMP,Wafer Processing,BG-02,A,FAIL,ABNORMAL,ABNORMAL,728.901,,,,,,5.151,,,,,,,,,,,,,,,,,,1,thickness_variation_um=5.151,True,True,True
2026-01-22 22:20:00,UNIT01952,LOT014,WAFER1952,PKG01952,5,Die Attach,OSAT/ATMP,Assembly,DA-02,A,FAIL,ABNORMAL,ABNORMAL,,,,,,,,,7.253,47.864,,,,,,,,,,,,,,,1,attach_force_n=7.253,True,True,True
2026-01-22 22:00:00,UNIT01951,LOT014,WAFER1951,PKG01951,1,Wafer Inspection,ATMP,Wafer Metrology,WI-01,C,FAIL,ABNORMAL,ABNORMAL,686.476,4.25,35.389,43.463,81.857,,,,,,,,,,,,,,,,,,,,1,wafer_thickness_um=686.476,True,True,True
2026-01-22 21:54:00,UNIT01950,LOT013,WAFER1950,PKG01950,11,Burn-in,OSAT,Testing,BI-01,C,FAIL,ABNORMAL,ABNORMAL,,,,,,,,,,,,,,,,,,,120.699,8.388,,,,,1,burn_in_hours=8.388,True,True,True
2026-01-22 21:29:00,UNIT01949,LOT013,WAFER1949,PKG01949,2,Wafer Sort,OSAT,Wafer Test,WS-02,A,FAIL,ABNORMAL,ABNORMAL,,,,,,9.424,,,,,,,,,,,,,,,,,,,1,sort_current_a=9.424,True,True,True
2026-01-22 21:12:00,UNIT01948,LOT013,WAFER1948,PKG01948,1,Wafer Inspection,ATMP,Wafer Metrology,WI-01,B,FAIL,ABNORMAL,ABNORMAL,788.756,3.231,40.645,-4.785,108.719,,,,,,,,,,,,,,,,,,,,1,warp_um=-4.785,True,True,True
2026-01-22 20:58:00,UNIT01947,LOT013,WAFER1947,PKG01947,3,Back Grinding,ATMP,Wafer Processing,BG-01,A,FAIL,ABNORMAL,ABNORMAL,719.18,,,,,,-0.368,,,,,,,,,,,,,,,,,,1,thickness_variation_um=-0.368,True,True,True
2026-01-22 20:43:00,UNIT01946,LOT013,WAFER1946,PKG01946,4,Wafer Dicing,ATMP,Wafer Processing,WD-02,A,FAIL,ABNORMAL,ABNORMAL,,,,,,,,44.246,,,,,,,,,,,,,,,,,1,kerf_width_um=44.246,True,True,True
2026-01-22 20:35:00,UNIT01945,LOT013,WAFER1945,PKG01945,12,ICT,OSAT,Electrical Testing,ICT-02,A,FAIL,ABNORMAL,ABNORMAL,,,,,,,,,,,,,,,,,,,,,9.367,,,,1,ict_current_a=9.367,True,True,True
2026-01-22 20:16:00,UNIT01944,LOT013,WAFER1944,PKG01944,9,Singulation,ATMP,Package Processing,SG-02,B,FAIL,ABNORMAL,ABNORMAL,,,,,,,,,,,,,,,,,-1.613,,,,,,,,1,singulation_damage_score=-1.613,True,True,True
2026-01-22 19:54:00,UNIT01943,LOT013,WAFER1943,PKG01943,3,Back Grinding,ATMP,Wafer Processing,BG-01,C,FAIL,ABNORMAL,ABNORMAL,698.352,,,,,,1.363,,,,,,,,,,,,,,,,,,1,wafer_thickness_um=698.352,True,True,True
2026-01-22 19:27:00,UNIT01941,LOT013,WAFER1941,PKG01941,8,Marking,ATMP,Package Marking,MK-02,B,FAIL,ABNORMAL,ABNORMAL,,,,,,,,,,,,,,,,100.621,,,,,,,,,1,marking_quality_score=100.621,True,True,True
2026-01-22 19:05:00,UNIT01940,LOT013,WAFER1940,PKG01940,2,Wafer Sort,OSAT,Wafer Test,WS-01,B,FAIL,ABNORMAL,ABNORMAL,,,,,,9.388,,,,,,,,,,,,,,,,,,,1,sort_current_a=9.388,True,True,True
2026-01-22 18:33:00,UNIT01938,LOT013,WAFER1938,PKG01938,2,Wafer Sort,OSAT,Wafer Test,WS-02,A,FAIL,ABNORMAL,ABNORMAL,,,,,,10.573,,,,,,,,,,,,,,,,,,,1,sort_current_a=10.573,True,True,True
2026-01-22 18:04:00,UNIT01936,LOT013,WAFER1936,PKG01936,5,Die Attach,OSAT/ATMP,Assembly,DA-02,C,FAIL,ABNORMAL,ABNORMAL,,,,,,,,,8.103,51.027,,,,,,,,,,,,,,,1,attach_offset_um=51.027,True,True,True
2026-01-22 17:54:00,UNIT01935,LOT013,WAFER1935,PKG01935,11,Burn-in,OSAT,Testing,BI-01,A,FAIL,ABNORMAL,ABNORMAL,,,,,,,,,,,,,,,,,,,131.4,7.302,,,,,1,burn_in_temperature_c=131.4,True,True,True
2026-01-22 17:32:00,UNIT01934,LOT013,WAFER1934,PKG01934,5,Die Attach,OSAT/ATMP,Assembly,DA-02,C,FAIL,ABNORMAL,ABNORMAL,,,,,,,,,7.324,30.385,,,,,,,,,,,,,,,1,attach_force_n=7.324,True,True,True
2026-01-22 17:10:00,UNIT01932,LOT013,WAFER1932,PKG01932,15,Final Inspection,ATMP,Final Inspection,FI-02,C,FAIL,ABNORMAL,ABNORMAL,,,,,,,,,,,,,,,,91.452,,10.207,,,,,,,1,package_dimension_mm=10.207,True,True,True
2026-01-22 16:45:00,UNIT01931,LOT013,WAFER1931,PKG01931,6,Wire Bonding,OSAT/ATMP,Assembly,WB-01,B,FAIL,ABNORMAL,ABNORMAL,,,,,,,,,,,71.055,6.618,,,,,,,,,,,,,1,wire_bond_force_n=71.055,True,True,True
2026-01-22 16:27:00,UNIT01930,LOT013,WAFER1930,PKG01930,4,Wafer Dicing,ATMP,Wafer Processing,WD-01,B,FAIL,ABNORMAL,ABNORMAL,,,,,,,,55.492,,,,,,,,,,,,,,,,,1,kerf_width_um=55.492,True,True,True
2026-01-22 15:54:00,UNIT01928,LOT013,WAFER1928,PKG01928,3,Back Grinding,ATMP,Wafer Processing,BG-01,B,FAIL,ABNORMAL,ABNORMAL,802.632,,,,,,2.219,,,,,,,,,,,,,,,,,,1,wafer_thickness_um=802.632,True,True,True
2026-01-22 15:23:00,UNIT01926,LOT013,WAFER1926,PKG01926,4,Wafer Dicing,ATMP,Wafer Processing,WD-01,C,FAIL,ABNORMAL,ABNORMAL,,,,,,,,55.605,,,,,,,,,,,,,,,,,1,kerf_width_um=55.605,True,True,True
2026-01-22 14:32:00,UNIT01923,LOT013,WAFER1923,PKG01923,1,Wafer Inspection,ATMP,Wafer Metrology,WI-01,C,FAIL,ABNORMAL,ABNORMAL,710.967,0.374,-6.259,24.9,104.626,,,,,,,,,,,,,,,,,,,,1,bow_um=-6.259,True,True,True
2026-01-22 14:22:00,UNIT01922,LOT013,WAFER1922,PKG01922,7,Encapsulation / Molding,OSAT/ATMP,Packaging,MO-01,A,FAIL,ABNORMAL,ABNORMAL,,,,,,,,,,,,,184.206,130.039,5.186,,,,,,,,,,1,void_percentage=5.186,True,True,True
2026-01-22 14:07:00,UNIT01921,LOT013,WAFER1921,PKG01921,8,Marking,ATMP,Package Marking,MK-02,A,FAIL,ABNORMAL,ABNORMAL,,,,,,,,,,,,,,,,89.178,,,,,,,,,1,marking_quality_score=89.178,True,True,True
2026-01-22 13:44:00,UNIT01920,LOT013,WAFER1920,PKG01920,1,Wafer Inspection,ATMP,Wafer Metrology,WI-02,A,FAIL,ABNORMAL,ABNORMAL,806.887,0.671,33.717,32.334,84.053,,,,,,,,,,,,,,,,,,,,1,wafer_thickness_um=806.887,True,True,True
2026-01-22 13:43:00,UNIT01919,LOT013,WAFER1919,PKG01919,16,Packing / Dispatch,ATMP,Packaging,PK-01,B,FAIL,ABNORMAL,ABNORMAL,,,,,,,,,,,,,,,,,,,,,,,,-1.315,1,packaging_damage_score=-1.315,True,True,True
2026-01-22 13:12:00,UNIT01918,LOT013,WAFER1918,PKG01918,1,Wafer Inspection,ATMP,Wafer Metrology,WI-02,B,FAIL,ABNORMAL,ABNORMAL,688.463,3.116,20.093,41.902,99.293,,,,,,,,,,,,,,,,,,,,1,wafer_thickness_um=688.463,True,True,True
2026-01-22 12:56:00,UNIT01917,LOT013,WAFER1917,PKG01917,1,Wafer Inspection,ATMP,Wafer Metrology,WI-01,B,FAIL,ABNORMAL,ABNORMAL,758.268,4.211,14.808,44.859,124.963,,,,,,,,,,,,,,,,,,,,1,tape_thickness_um=124.963,True,True,True
2026-01-22 12:24:00,UNIT01915,LOT013,WAFER1915,PKG01915,1,Wafer Inspection,ATMP,Wafer Metrology,WI-01,A,FAIL,ABNORMAL,ABNORMAL,696.435,1.421,13.187,26.07,118.711,,,,,,,,,,,,,,,,,,,,1,wafer_thickness_um=696.435,True,True,True
2026-01-22 12:08:00,UNIT01914,LOT013,WAFER1914,PKG01914,1,Wafer Inspection,ATMP,Wafer Metrology,WI-02,A,FAIL,ABNORMAL,ABNORMAL,737.865,5.64,5.601,35.128,112.909,,,,,,,,,,,,,,,,,,,,1,ttv_um=5.64,True,True,True
2026-01-22 11:54:00,UNIT01913,LOT013,WAFER1913,PKG01913,3,Back Grinding,ATMP,Wafer Processing,BG-01,A,FAIL,ABNORMAL,ABNORMAL,788.37,,,,,,5.753,,,,,,,,,,,,,,,,,,1,thickness_variation_um=5.753,True,True,True
2026-01-22 11:38:00,UNIT01912,LOT013,WAFER1912,PKG01912,3,Back Grinding,ATMP,Wafer Processing,BG-02,C,FAIL,ABNORMAL,ABNORMAL,749.031,,,,,,-0.054,,,,,,,,,,,,,,,,,,1,thickness_variation_um=-0.054,True,True,True
2026-01-22 11:24:00,UNIT01911,LOT013,WAFER1911,PKG01911,5,Die Attach,OSAT/ATMP,Assembly,DA-01,A,FAIL,ABNORMAL,ABNORMAL,,,,,,,,,8.741,-0.912,,,,,,,,,,,,,,,1,attach_offset_um=-0.912,True,True,True
2026-01-22 11:18:00,UNIT01910,LOT013,WAFER1910,PKG01910,15,Final Inspection,ATMP,Final Inspection,FI-02,C,FAIL,ABNORMAL,ABNORMAL,,,,,,,,,,,,,,,,98.714,,9.792,,,,,,,1,package_dimension_mm=9.792,True,True,True
2026-01-22 10:42:00,UNIT01908,LOT013,WAFER1908,PKG01908,11,Burn-in,OSAT,Testing,BI-01,B,FAIL,ABNORMAL,ABNORMAL,,,,,,,,,,,,,,,,,,,129.567,8.471,,,,,1,burn_in_hours=8.471,True,True,True
2026-01-22 10:17:00,UNIT01907,LOT013,WAFER1907,PKG01907,2,Wafer Sort,OSAT,Wafer Test,WS-02,B,FAIL,ABNORMAL,ABNORMAL,,,,,,9.454,,,,,,,,,,,,,,,,,,,1,sort_current_a=9.454,True,True,True
2026-01-22 09:46:00,UNIT01905,LOT013,WAFER1905,PKG01905,3,Back Grinding,ATMP,Wafer Processing,BG-01,C,FAIL,ABNORMAL,ABNORMAL,817.12,,,,,,3.66,,,,,,,,,,,,,,,,,,1,wafer_thickness_um=817.12,True,True,True
2026-01-22 09:29:00,UNIT01904,LOT013,WAFER1904,PKG01904,2,Wafer Sort,OSAT,Wafer Test,WS-02,A,FAIL,ABNORMAL,ABNORMAL,,,,,,10.651,,,,,,,,,,,,,,,,,,,1,sort_current_a=10.651,True,True,True
2026-01-22 09:26:00,UNIT01903,LOT013,WAFER1903,PKG01903,15,Final Inspection,ATMP,Final Inspection,FI-02,C,FAIL,ABNORMAL,ABNORMAL,,,,,,,,,,,,,,,,89.981,,10.052,,,,,,,1,marking_quality_score=89.981,True,True,True
2026-01-22 08:14:00,UNIT01899,LOT013,WAFER1899,PKG01899,7,Encapsulation / Molding,OSAT/ATMP,Packaging,MO-01,C,FAIL,ABNORMAL,ABNORMAL,,,,,,,,,,,,,166.26,120.394,4.796,,,,,,,,,,1,mold_temperature_c=166.26,True,True,True
2026-01-22 07:37:00,UNIT01897,LOT013,WAFER1897,PKG01897,2,Wafer Sort,OSAT,Wafer Test,WS-01,C,FAIL,ABNORMAL,ABNORMAL,,,,,,9.448,,,,,,,,,,,,,,,,,,,1,sort_current_a=9.448,True,True,True
2026-01-22 07:08:00,UNIT01895,LOT013,WAFER1895,PKG01895,5,Die Attach,OSAT/ATMP,Assembly,DA-02,A,FAIL,ABNORMAL,ABNORMAL,,,,,,,,,9.453,52.491,,,,,,,,,,,,,,,1,attach_offset_um=52.491,True,True,True
2026-01-22 06:58:00,UNIT01894,LOT013,WAFER1894,PKG01894,11,Burn-in,OSAT,Testing,BI-01,B,FAIL,ABNORMAL,ABNORMAL,,,,,,,,,,,,,,,,,,,119.284,4.113,,,,,1,burn_in_temperature_c=119.284,True,True,True
2026-01-22 06:45:00,UNIT01893,LOT013,WAFER1893,PKG01893,14,EOL,OSAT,Final Testing,EOL-01,B,FAIL,ABNORMAL,ABNORMAL,,,,,,,,,,,,,,,,,,,,,,,100.119,,1,eol_temperature_c=100.119,True,True,True
2026-01-22 06:06:00,UNIT01891,LOT013,WAFER1891,PKG01891,7,Encapsulation / Molding,OSAT/ATMP,Packaging,MO-01,A,FAIL,ABNORMAL,ABNORMAL,,,,,,,,,,,,,190.6,129.762,2.97,,,,,,,,,,1,mold_temperature_c=190.6,True,True,True
2026-01-22 05:44:00,UNIT01890,LOT013,WAFER1890,PKG01890,1,Wafer Inspection,ATMP,Wafer Metrology,WI-01,C,FAIL,ABNORMAL,ABNORMAL,709.125,-0.589,17.561,26.876,109.962,,,,,,,,,,,,,,,,,,,,1,ttv_um=-0.589,True,True,True
2026-01-22 05:15:00,UNIT01888,LOT013,WAFER1888,PKG01888,4,Wafer Dicing,ATMP,Wafer Processing,WD-02,A,FAIL,ABNORMAL,ABNORMAL,,,,,,,,43.294,,,,,,,,,,,,,,,,,1,kerf_width_um=43.294,True,True,True
2026-01-22 04:47:00,UNIT01886,LOT013,WAFER1886,PKG01886,8,Marking,ATMP,Package Marking,MK-01,C,FAIL,ABNORMAL,ABNORMAL,,,,,,,,,,,,,,,,88.919,,,,,,,,,1,marking_quality_score=88.919,True,True,True
2026-01-22 04:29:00,UNIT01885,LOT013,WAFER1885,PKG01885,6,Wire Bonding,OSAT/ATMP,Assembly,WB-02,A,FAIL,ABNORMAL,ABNORMAL,,,,,,,,,,,71.321,9.195,,,,,,,,,,,,,1,wire_bond_force_n=71.321,True,True,True
2026-01-22 04:13:00,UNIT01884,LOT013,WAFER1884,PKG01884,6,Wire Bonding,OSAT/ATMP,Assembly,WB-01,B,FAIL,ABNORMAL,ABNORMAL,,,,,,,,,,,58.428,5.426,,,,,,,,,,,,,1,wire_bond_force_n=58.428,True,True,True
2026-01-22 03:52:00,UNIT01883,LOT013,WAFER1883,PKG01883,1,Wafer Inspection,ATMP,Wafer Metrology,WI-02,C,FAIL,ABNORMAL,ABNORMAL,719.233,0.742,14.654,-9.679,77.947,,,,,,,,,,,,,,,,,,,,2,warp_um=-9.679; tape_thickness_um=77.947,True,True,True
2026-01-22 03:50:00,UNIT01882,LOT013,WAFER1882,PKG01882,15,Final Inspection,ATMP,Final Inspection,FI-02,A,FAIL,ABNORMAL,ABNORMAL,,,,,,,,,,,,,,,,93.502,,9.77,,,,,,,1,package_dimension_mm=9.77,True,True,True
2026-01-22 03:34:00,UNIT01881,LOT013,WAFER1881,PKG01881,15,Final Inspection,ATMP,Final Inspection,FI-01,A,FAIL,ABNORMAL,ABNORMAL,,,,,,,,,,,,,,,,91.423,,10.223,,,,,,,1,package_dimension_mm=10.223,True,True,True
2026-01-22 03:04:00,UNIT01880,LOT013,WAFER1880,PKG01880,1,Wafer Inspection,ATMP,Wafer Metrology,WI-01,A,FAIL,ABNORMAL,ABNORMAL,718.208,-0.435,1.501,15.527,112.239,,,,,,,,,,,,,,,,,,,,1,ttv_um=-0.435,True,True,True
2026-01-22 03:03:00,UNIT01879,LOT013,WAFER1879,PKG01879,16,Packing / Dispatch,ATMP,Packaging,PK-01,C,FAIL,ABNORMAL,ABNORMAL,,,,,,,,,,,,,,,,,,,,,,,,-0.403,1,packaging_damage_score=-0.403,True,True,True
2026-01-22 02:22:00,UNIT01877,LOT013,WAFER1877,PKG01877,7,Encapsulation / Molding,OSAT/ATMP,Packaging,MO-02,C,FAIL,ABNORMAL,ABNORMAL,,,,,,,,,,,,,172.576,147.406,1.005,,,,,,,,,,1,mold_cure_time_s=147.406,True,True,True
2026-01-22 02:00:00,UNIT01876,LOT013,WAFER1876,PKG01876,1,Wafer Inspection,ATMP,Wafer Metrology,WI-02,A,FAIL,ABNORMAL,ABNORMAL,746.76,-0.932,10.476,0.404,111.069,,,,,,,,,,,,,,,,,,,,1,ttv_um=-0.932,True,True,True
2026-01-22 01:56:00,UNIT01875,LOT013,WAFER1875,PKG01875,13,FCT,OSAT,Functional Testing,FCT-02,C,FAIL,ABNORMAL,ABNORMAL,,,,,,,,,,,,,,,,,,,,,,3.572,,,1,fct_voltage_v=3.572,True,True,True
2026-01-22 01:30:00,UNIT01874,LOT013,WAFER1874,PKG01874,3,Back Grinding,ATMP,Wafer Processing,BG-02,C,FAIL,ABNORMAL,ABNORMAL,705.38,,,,,,-0.11,,,,,,,,,,,,,,,,,,1,thickness_variation_um=-0.11,True,True,True
2026-01-22 01:18:00,UNIT01873,LOT013,WAFER1873,PKG01873,7,Encapsulation / Molding,OSAT/ATMP,Packaging,MO-02,A,FAIL,ABNORMAL,ABNORMAL,,,,,,,,,,,,,192.237,112.282,0.487,,,,,,,,,,1,mold_temperature_c=192.237,True,True,True
2026-01-22 01:03:00,UNIT01872,LOT013,WAFER1872,PKG01872,8,Marking,ATMP,Package Marking,MK-02,A,FAIL,ABNORMAL,ABNORMAL,,,,,,,,,,,,,,,,89.228,,,,,,,,,1,marking_quality_score=89.228,True,True,True
2026-01-22 00:41:00,UNIT01871,LOT013,WAFER1871,PKG01871,2,Wafer Sort,OSAT,Wafer Test,WS-01,A,FAIL,ABNORMAL,ABNORMAL,,,,,,10.592,,,,,,,,,,,,,,,,,,,1,sort_current_a=10.592,True,True,True
2026-01-22 00:33:00,UNIT01870,LOT013,WAFER1870,PKG01870,10,Package Inspection,OSAT/ATMP,Package Inspection,PI-02,A,FAIL,ABNORMAL,ABNORMAL,,,,,,,,,,,,,,,,,,9.758,,,,,,,1,package_dimension_mm=9.758,True,True,True
2026-01-21 23:52:00,UNIT01868,LOT013,WAFER1868,PKG01868,1,Wafer Inspection,ATMP,Wafer Metrology,WI-02,B,FAIL,ABNORMAL,ABNORMAL,807.301,-0.717,4.285,13.41,92.848,,,,,,,,,,,,,,,,,,,,2,wafer_thickness_um=807.301; ttv_um=-0.717,True,True,True
2026-01-21 23:43:00,UNIT01867,LOT013,WAFER1867,PKG01867,8,Marking,ATMP,Package Marking,MK-01,C,FAIL,ABNORMAL,ABNORMAL,,,,,,,,,,,,,,,,88.796,,,,,,,,,1,marking_quality_score=88.796,True,True,True
2026-01-21 22:56:00,UNIT01864,LOT013,WAFER1864,PKG01864,9,Singulation,ATMP,Package Processing,SG-01,A,FAIL,ABNORMAL,ABNORMAL,,,,,,,,,,,,,,,,,11.779,,,,,,,,1,singulation_damage_score=11.779,True,True,True
2026-01-21 22:39:00,UNIT01863,LOT013,WAFER1863,PKG01863,8,Marking,ATMP,Package Marking,MK-02,C,FAIL,ABNORMAL,ABNORMAL,,,,,,,,,,,,,,,,88.093,,,,,,,,,1,marking_quality_score=88.093,True,True,True
2026-01-21 22:00:00,UNIT01861,LOT013,WAFER1861,PKG01861,1,Wafer Inspection,ATMP,Wafer Metrology,WI-02,B,FAIL,ABNORMAL,ABNORMAL,743.056,1.454,40.346,-5.262,99.381,,,,,,,,,,,,,,,,,,,,1,warp_um=-5.262,True,True,True
2026-01-21 21:46:00,UNIT01860,LOT013,WAFER1860,PKG01860,3,Back Grinding,ATMP,Wafer Processing,BG-02,C,FAIL,ABNORMAL,ABNORMAL,709.383,,,,,,5.124,,,,,,,,,,,,,,,,,,1,thickness_variation_um=5.124,True,True,True
2026-01-21 21:34:00,UNIT01859,LOT013,WAFER1859,PKG01859,7,Encapsulation / Molding,OSAT/ATMP,Packaging,MO-01,A,FAIL,ABNORMAL,ABNORMAL,,,,,,,,,,,,,193.265,108.788,3.644,,,,,,,,,,1,mold_temperature_c=193.265,True,True,True
2026-01-21 21:15:00,UNIT01858,LOT013,WAFER1858,PKG01858,4,Wafer Dicing,ATMP,Wafer Processing,WD-01,A,FAIL,ABNORMAL,ABNORMAL,,,,,,,,44.208,,,,,,,,,,,,,,,,,1,kerf_width_um=44.208,True,True,True
2026-01-21 21:08:00,UNIT01857,LOT013,WAFER1857,PKG01857,13,FCT,OSAT,Functional Testing,FCT-01,A,FAIL,ABNORMAL,ABNORMAL,,,,,,,,,,,,,,,,,,,,,,3.083,,,1,fct_voltage_v=3.083,True,True,True
2026-01-21 20:10:00,UNIT01854,LOT013,WAFER1854,PKG01854,3,Back Grinding,ATMP,Wafer Processing,BG-02,C,FAIL,ABNORMAL,ABNORMAL,703.181,,,,,,-0.457,,,,,,,,,,,,,,,,,,1,thickness_variation_um=-0.457,True,True,True
2026-01-21 19:52:00,UNIT01853,LOT013,WAFER1853,PKG01853,1,Wafer Inspection,ATMP,Wafer Metrology,WI-02,A,FAIL,ABNORMAL,ABNORMAL,786.512,4.037,32.783,51.414,83.762,,,,,,,,,,,,,,,,,,,,1,warp_um=51.414,True,True,True
2026-01-21 19:44:00,UNIT01852,LOT013,WAFER1852,PKG01852,9,Singulation,ATMP,Package Processing,SG-02,C,FAIL,ABNORMAL,ABNORMAL,,,,,,,,,,,,,,,,,-0.601,,,,,,,,1,singulation_damage_score=-0.601,True,True,True
2026-01-21 19:23:00,UNIT01851,LOT013,WAFER1851,PKG01851,4,Wafer Dicing,ATMP,Wafer Processing,WD-01,C,FAIL,ABNORMAL,ABNORMAL,,,,,,,,55.745,,,,,,,,,,,,,,,,,1,kerf_width_um=55.745,True,True,True
2026-01-21 18:34:00,UNIT01848,LOT013,WAFER1848,PKG01848,3,Back Grinding,ATMP,Wafer Processing,BG-02,B,FAIL,ABNORMAL,ABNORMAL,805.481,,,,,,1.195,,,,,,,,,,,,,,,,,,1,wafer_thickness_um=805.481,True,True,True
2026-01-21 18:17:00,UNIT01847,LOT013,WAFER1847,PKG01847,2,Wafer Sort,OSAT,Wafer Test,WS-01,C,FAIL,ABNORMAL,ABNORMAL,,,,,,9.318,,,,,,,,,,,,,,,,,,,1,sort_current_a=9.318,True,True,True
2026-01-21 18:02:00,UNIT01846,LOT013,WAFER1846,PKG01846,3,Back Grinding,ATMP,Wafer Processing,BG-02,C,FAIL,ABNORMAL,ABNORMAL,813.5,,,,,,0.567,,,,,,,,,,,,,,,,,,1,wafer_thickness_um=813.5,True,True,True
2026-01-21 17:54:00,UNIT01845,LOT013,WAFER1845,PKG01845,11,Burn-in,OSAT,Testing,BI-01,C,FAIL,ABNORMAL,ABNORMAL,,,,,,,,,,,,,,,,,,,130.225,5.569,,,,,1,burn_in_temperature_c=130.225,True,True,True
2026-01-21 17:29:00,UNIT01844,LOT013,WAFER1844,PKG01844,2,Wafer Sort,OSAT,Wafer Test,WS-02,A,FAIL,ABNORMAL,ABNORMAL,,,,,,10.652,,,,,,,,,,,,,,,,,,,1,sort_current_a=10.652,True,True,True
2026-01-21 16:56:00,UNIT01842,LOT013,WAFER1842,PKG01842,1,Wafer Inspection,ATMP,Wafer Metrology,WI-01,A,FAIL,ABNORMAL,ABNORMAL,802.066,2.301,20.954,30.01,112.479,,,,,,,,,,,,,,,,,,,,1,wafer_thickness_um=802.066,True,True,True
2026-01-21 16:48:00,UNIT01841,LOT013,WAFER1841,PKG01841,9,Singulation,ATMP,Package Processing,SG-02,C,FAIL,ABNORMAL,ABNORMAL,,,,,,,,,,,,,,,,,-0.069,,,,,,,,1,singulation_damage_score=-0.069,True,True,True
2026-01-21 16:09:00,UNIT01839,LOT013,WAFER1839,PKG01839,2,Wafer Sort,OSAT,Wafer Test,WS-01,A,FAIL,ABNORMAL,ABNORMAL,,,,,,9.349,,,,,,,,,,,,,,,,,,,1,sort_current_a=9.349,True,True,True
2026-01-21 15:57:00,UNIT01838,LOT013,WAFER1838,PKG01838,6,Wire Bonding,OSAT/ATMP,Assembly,WB-02,B,FAIL,ABNORMAL,ABNORMAL,,,,,,,,,,,69.591,10.609,,,,,,,,,,,,,1,bond_pull_strength_gf=10.609,True,True,True
2026-01-21 15:36:00,UNIT01837,LOT013,WAFER1837,PKG01837,1,Wafer Inspection,ATMP,Wafer Metrology,WI-02,B,FAIL,ABNORMAL,ABNORMAL,747.765,5.062,22.722,14.378,90.983,,,,,,,,,,,,,,,,,,,,1,ttv_um=5.062,True,True,True
2026-01-21 15:04:00,UNIT01835,LOT013,WAFER1835,PKG01835,1,Wafer Inspection,ATMP,Wafer Metrology,WI-02,B,FAIL,ABNORMAL,ABNORMAL,758.816,5.506,56.948,15.26,96.095,,,,,,,,,,,,,,,,,,,,2,ttv_um=5.506; bow_um=56.948,True,True,True
2026-01-21 15:02:00,UNIT01834,LOT013,WAFER1834,PKG01834,15,Final Inspection,ATMP,Final Inspection,FI-01,B,FAIL,ABNORMAL,ABNORMAL,,,,,,,,,,,,,,,,88.373,,9.851,,,,,,,1,marking_quality_score=88.373,True,True,True
2026-01-21 14:32:00,UNIT01833,LOT013,WAFER1833,PKG01833,1,Wafer Inspection,ATMP,Wafer Metrology,WI-02,B,FAIL,ABNORMAL,ABNORMAL,783.264,4.454,54.1,-9.731,107.798,,,,,,,,,,,,,,,,,,,,2,bow_um=54.1; warp_um=-9.731,True,True,True
2026-01-21 14:16:00,UNIT01832,LOT013,WAFER1832,PKG01832,1,Wafer Inspection,ATMP,Wafer Metrology,WI-02,C,FAIL,ABNORMAL,ABNORMAL,686.753,3.422,41.542,16.629,89.344,,,,,,,,,,,,,,,,,,,,1,wafer_thickness_um=686.753,True,True,True
2026-01-21 13:30:00,UNIT01829,LOT013,WAFER1829,PKG01829,3,Back Grinding,ATMP,Wafer Processing,BG-01,A,FAIL,ABNORMAL,ABNORMAL,806.709,,,,,,4.966,,,,,,,,,,,,,,,,,,1,wafer_thickness_um=806.709,True,True,True
2026-01-21 12:56:00,UNIT01827,LOT013,WAFER1827,PKG01827,1,Wafer Inspection,ATMP,Wafer Metrology,WI-01,B,FAIL,ABNORMAL,ABNORMAL,781.656,1.328,-9.892,7.742,119.427,,,,,,,,,,,,,,,,,,,,1,bow_um=-9.892,True,True,True
2026-01-21 12:40:00,UNIT01826,LOT013,WAFER1826,PKG01826,1,Wafer Inspection,ATMP,Wafer Metrology,WI-02,A,FAIL,ABNORMAL,ABNORMAL,738.975,2.582,0.546,39.478,74.076,,,,,,,,,,,,,,,,,,,,1,tape_thickness_um=74.076,True,True,True
2026-01-21 12:32:00,UNIT01825,LOT013,WAFER1825,PKG01825,9,Singulation,ATMP,Package Processing,SG-02,B,FAIL,ABNORMAL,ABNORMAL,,,,,,,,,,,,,,,,,-0.296,,,,,,,,1,singulation_damage_score=-0.296,True,True,True
2026-01-21 12:08:00,UNIT01824,LOT013,WAFER1824,PKG01824,1,Wafer Inspection,ATMP,Wafer Metrology,WI-02,A,FAIL,ABNORMAL,ABNORMAL,723.368,0.938,0.561,20.598,79.195,,,,,,,,,,,,,,,,,,,,1,tape_thickness_um=79.195,True,True,True
2026-01-21 11:56:00,UNIT01823,LOT013,WAFER1823,PKG01823,5,Die Attach,OSAT/ATMP,Assembly,DA-01,A,FAIL,ABNORMAL,ABNORMAL,,,,,,,,,7.736,42.082,,,,,,,,,,,,,,,1,attach_force_n=7.736,True,True,True
2026-01-21 11:40:00,UNIT01822,LOT013,WAFER1822,PKG01822,5,Die Attach,OSAT/ATMP,Assembly,DA-02,C,FAIL,ABNORMAL,ABNORMAL,,,,,,,,,11.336,51.478,,,,,,,,,,,,,,,1,attach_offset_um=51.478,True,True,True
2026-01-21 11:25:00,UNIT01821,LOT013,WAFER1821,PKG01821,6,Wire Bonding,OSAT/ATMP,Assembly,WB-01,A,FAIL,ABNORMAL,ABNORMAL,,,,,,,,,,,71.457,7.428,,,,,,,,,,,,,1,wire_bond_force_n=71.457,True,True,True
2026-01-21 11:10:00,UNIT01820,LOT013,WAFER1820,PKG01820,7,Encapsulation / Molding,OSAT/ATMP,Packaging,MO-01,B,FAIL,ABNORMAL,ABNORMAL,,,,,,,,,,,,,171.003,92.183,2.156,,,,,,,,,,1,mold_cure_time_s=92.183,True,True,True
2026-01-21 10:53:00,UNIT01819,LOT013,WAFER1819,PKG01819,6,Wire Bonding,OSAT/ATMP,Assembly,WB-02,A,FAIL,ABNORMAL,ABNORMAL,,,,,,,,,,,59.199,4.43,,,,,,,,,,,,,2,wire_bond_force_n=59.199; bond_pull_strength_gf=4.43,True,True,True
2026-01-21 10:38:00,UNIT01818,LOT013,WAFER1818,PKG01818,7,Encapsulation / Molding,OSAT/ATMP,Packaging,MO-01,C,FAIL,ABNORMAL,ABNORMAL,,,,,,,,,,,,,169.391,113.056,3.405,,,,,,,,,,1,mold_temperature_c=169.391,True,True,True
2026-01-21 10:21:00,UNIT01817,LOT013,WAFER1817,PKG01817,6,Wire Bonding,OSAT/ATMP,Assembly,WB-02,A,FAIL,ABNORMAL,ABNORMAL,,,,,,,,,,,65.44,10.274,,,,,,,,,,,,,1,bond_pull_strength_gf=10.274,True,True,True
2026-01-21 10:04:00,UNIT01816,LOT013,WAFER1816,PKG01816,5,Die Attach,OSAT/ATMP,Assembly,DA-02,B,FAIL,ABNORMAL,ABNORMAL,,,,,,,,,7.427,32.662,,,,,,,,,,,,,,,1,attach_force_n=7.427,True,True,True
2026-01-21 09:49:00,UNIT01815,LOT013,WAFER1815,PKG01815,6,Wire Bonding,OSAT/ATMP,Assembly,WB-01,C,FAIL,ABNORMAL,ABNORMAL,,,,,,,,,,,68.418,4.953,,,,,,,,,,,,,1,bond_pull_strength_gf=4.953,True,True,True
2026-01-21 09:38:00,UNIT01814,LOT013,WAFER1814,PKG01814,11,Burn-in,OSAT,Testing,BI-02,C,FAIL,ABNORMAL,ABNORMAL,,,,,,,,,,,,,,,,,,,118.188,6.843,,,,,1,burn_in_temperature_c=118.188,True,True,True
2026-01-21 09:12:00,UNIT01813,LOT013,WAFER1813,PKG01813,1,Wafer Inspection,ATMP,Wafer Metrology,WI-01,B,FAIL,ABNORMAL,ABNORMAL,769.749,1.947,-3.67,30.335,99.233,,,,,,,,,,,,,,,,,,,,1,bow_um=-3.67,True,True,True
2026-01-21 09:01:00,UNIT01812,LOT013,WAFER1812,PKG01812,6,Wire Bonding,OSAT/ATMP,Assembly,WB-01,C,FAIL,ABNORMAL,ABNORMAL,,,,,,,,,,,64.843,4.01,,,,,,,,,,,,,1,bond_pull_strength_gf=4.01,True,True,True
2026-01-21 08:46:00,UNIT01811,LOT013,WAFER1811,PKG01811,7,Encapsulation / Molding,OSAT/ATMP,Packaging,MO-02,C,FAIL,ABNORMAL,ABNORMAL,,,,,,,,,,,,,169.666,113.487,2.222,,,,,,,,,,1,mold_temperature_c=169.666,True,True,True
2026-01-21 08:33:00,UNIT01810,LOT013,WAFER1810,PKG01810,10,Package Inspection,OSAT/ATMP,Package Inspection,PI-01,C,FAIL,ABNORMAL,ABNORMAL,,,,,,,,,,,,,,,,,,9.748,,,,,,,1,package_dimension_mm=9.748,True,True,True
2026-01-21 08:18:00,UNIT01809,LOT013,WAFER1809,PKG01809,11,Burn-in,OSAT,Testing,BI-01,A,FAIL,ABNORMAL,ABNORMAL,,,,,,,,,,,,,,,,,,,118.353,6.176,,,,,1,burn_in_temperature_c=118.353,True,True,True
2026-01-21 08:07:00,UNIT01808,LOT013,WAFER1808,PKG01808,16,Packing / Dispatch,ATMP,Packaging,PK-02,A,FAIL,ABNORMAL,ABNORMAL,,,,,,,,,,,,,,,,,,,,,,,,-1.058,1,packaging_damage_score=-1.058,True,True,True
2026-01-21 07:48:00,UNIT01807,LOT013,WAFER1807,PKG01807,13,FCT,OSAT,Functional Testing,FCT-01,C,FAIL,ABNORMAL,ABNORMAL,,,,,,,,,,,,,,,,,,,,,,3.506,,,1,fct_voltage_v=3.506,True,True,True
2026-01-21 07:18:00,UNIT01805,LOT013,WAFER1805,PKG01805,15,Final Inspection,ATMP,Final Inspection,FI-01,C,FAIL,ABNORMAL,ABNORMAL,,,,,,,,,,,,,,,,90.693,,10.223,,,,,,,1,package_dimension_mm=10.223,True,True,True
2026-01-21 06:48:00,UNIT01804,LOT013,WAFER1804,PKG01804,1,Wafer Inspection,ATMP,Wafer Metrology,WI-02,A,FAIL,ABNORMAL,ABNORMAL,693.895,2.871,6.03,8.278,112.811,,,,,,,,,,,,,,,,,,,,1,wafer_thickness_um=693.895,True,True,True
2026-01-21 06:17:00,UNIT01802,LOT013,WAFER1802,PKG01802,2,Wafer Sort,OSAT,Wafer Test,WS-02,A,FAIL,ABNORMAL,ABNORMAL,,,,,,9.335,,,,,,,,,,,,,,,,,,,1,sort_current_a=9.335,True,True,True
2026-01-21 06:04:00,UNIT01801,LOT013,WAFER1801,PKG01801,5,Die Attach,OSAT/ATMP,Assembly,DA-02,A,FAIL,ABNORMAL,ABNORMAL,,,,,,,,,8.628,58.532,,,,,,,,,,,,,,,1,attach_offset_um=58.532,True,True,True
2026-01-21 05:48:00,UNIT01800,LOT012,WAFER1800,PKG01800,5,Die Attach,OSAT/ATMP,Assembly,DA-02,A,FAIL,ABNORMAL,ABNORMAL,,,,,,,,,11.074,58.622,,,,,,,,,,,,,,,1,attach_offset_um=58.622,True,True,True
2026-01-21 04:56:00,UNIT01797,LOT012,WAFER1797,PKG01797,1,Wafer Inspection,ATMP,Wafer Metrology,WI-01,B,FAIL,ABNORMAL,ABNORMAL,782.383,0.399,10.364,7.263,126.646,,,,,,,,,,,,,,,,,,,,1,tape_thickness_um=126.646,True,True,True
2026-01-21 04:14:00,UNIT01794,LOT012,WAFER1794,PKG01794,7,Encapsulation / Molding,OSAT/ATMP,Packaging,MO-01,B,FAIL,ABNORMAL,ABNORMAL,,,,,,,,,,,,,184.123,111.644,5.245,,,,,,,,,,1,void_percentage=5.245,True,True,True
2026-01-21 03:57:00,UNIT01793,LOT012,WAFER1793,PKG01793,6,Wire Bonding,OSAT/ATMP,Assembly,WB-02,A,FAIL,ABNORMAL,ABNORMAL,,,,,,,,,,,68.258,4.716,,,,,,,,,,,,,1,bond_pull_strength_gf=4.716,True,True,True
2026-01-21 03:37:00,UNIT01792,LOT012,WAFER1792,PKG01792,2,Wafer Sort,OSAT,Wafer Test,WS-01,B,FAIL,ABNORMAL,ABNORMAL,,,,,,10.616,,,,,,,,,,,,,,,,,,,1,sort_current_a=10.616,True,True,True
2026-01-21 03:22:00,UNIT01791,LOT012,WAFER1791,PKG01791,3,Back Grinding,ATMP,Wafer Processing,BG-01,C,FAIL,ABNORMAL,ABNORMAL,744.015,,,,,,5.709,,,,,,,,,,,,,,,,,,1,thickness_variation_um=5.709,True,True,True
2026-01-21 03:10:00,UNIT01790,LOT012,WAFER1790,PKG01790,7,Encapsulation / Molding,OSAT/ATMP,Packaging,MO-02,C,FAIL,ABNORMAL,ABNORMAL,,,,,,,,,,,,,175.901,140.937,1.288,,,,,,,,,,1,mold_cure_time_s=140.937,True,True,True
2026-01-21 02:52:00,UNIT01789,LOT012,WAFER1789,PKG01789,5,Die Attach,OSAT/ATMP,Assembly,DA-01,A,FAIL,ABNORMAL,ABNORMAL,,,,,,,,,7.207,13.82,,,,,,,,,,,,,,,1,attach_force_n=7.207,True,True,True
2026-01-21 02:33:00,UNIT01788,LOT012,WAFER1788,PKG01788,2,Wafer Sort,OSAT,Wafer Test,WS-01,C,FAIL,ABNORMAL,ABNORMAL,,,,,,9.307,,,,,,,,,,,,,,,,,,,1,sort_current_a=9.307,True,True,True
2026-01-21 02:16:00,UNIT01787,LOT012,WAFER1787,PKG01787,1,Wafer Inspection,ATMP,Wafer Metrology,WI-01,B,FAIL,ABNORMAL,ABNORMAL,727.638,2.849,35.762,41.886,123.62,,,,,,,,,,,,,,,,,,,,1,tape_thickness_um=123.62,True,True,True
2026-01-21 02:00:00,UNIT01786,LOT012,WAFER1786,PKG01786,1,Wafer Inspection,ATMP,Wafer Metrology,WI-02,A,FAIL,ABNORMAL,ABNORMAL,813.998,4.558,4.676,27.663,107.821,,,,,,,,,,,,,,,,,,,,1,wafer_thickness_um=813.998,True,True,True
2026-01-21 01:45:00,UNIT01785,LOT012,WAFER1785,PKG01785,2,Wafer Sort,OSAT,Wafer Test,WS-02,A,FAIL,ABNORMAL,ABNORMAL,,,,,,10.547,,,,,,,,,,,,,,,,,,,1,sort_current_a=10.547,True,True,True
2026-01-21 01:32:00,UNIT01784,LOT012,WAFER1784,PKG01784,5,Die Attach,OSAT/ATMP,Assembly,DA-01,C,FAIL,ABNORMAL,ABNORMAL,,,,,,,,,7.628,3.696,,,,,,,,,,,,,,,1,attach_force_n=7.628,True,True,True
2026-01-21 01:12:00,UNIT01783,LOT012,WAFER1783,PKG01783,1,Wafer Inspection,ATMP,Wafer Metrology,WI-01,C,FAIL,ABNORMAL,ABNORMAL,778.883,5.195,46.662,15.792,107.687,,,,,,,,,,,,,,,,,,,,1,ttv_um=5.195,True,True,True
2026-01-21 00:56:00,UNIT01782,LOT012,WAFER1782,PKG01782,1,Wafer Inspection,ATMP,Wafer Metrology,WI-02,C,FAIL,ABNORMAL,ABNORMAL,797.626,5.319,26.624,0.948,115.396,,,,,,,,,,,,,,,,,,,,1,ttv_um=5.319,True,True,True
2026-01-21 00:44:00,UNIT01781,LOT012,WAFER1781,PKG01781,5,Die Attach,OSAT/ATMP,Assembly,DA-01,A,FAIL,ABNORMAL,ABNORMAL,,,,,,,,,10.791,-7.802,,,,,,,,,,,,,,,1,attach_offset_um=-7.802,True,True,True
2026-01-21 00:24:00,UNIT01780,LOT012,WAFER1780,PKG01780,1,Wafer Inspection,ATMP,Wafer Metrology,WI-01,B,FAIL,ABNORMAL,ABNORMAL,703.637,1.117,30.822,42.361,123.049,,,,,,,,,,,,,,,,,,,,1,tape_thickness_um=123.049,True,True,True
2026-01-20 23:56:00,UNIT01778,LOT012,WAFER1778,PKG01778,5,Die Attach,OSAT/ATMP,Assembly,DA-02,B,FAIL,ABNORMAL,ABNORMAL,,,,,,,,,10.416,-0.454,,,,,,,,,,,,,,,1,attach_offset_um=-0.454,True,True,True
2026-01-20 23:38:00,UNIT01777,LOT012,WAFER1777,PKG01777,3,Back Grinding,ATMP,Wafer Processing,BG-02,C,FAIL,ABNORMAL,ABNORMAL,740.682,,,,,,5.888,,,,,,,,,,,,,,,,,,1,thickness_variation_um=5.888,True,True,True
2026-01-20 23:06:00,UNIT01775,LOT012,WAFER1775,PKG01775,3,Back Grinding,ATMP,Wafer Processing,BG-01,A,FAIL,ABNORMAL,ABNORMAL,754.606,,,,,,-0.419,,,,,,,,,,,,,,,,,,1,thickness_variation_um=-0.419,True,True,True
2026-01-20 22:53:00,UNIT01774,LOT012,WAFER1774,PKG01774,6,Wire Bonding,OSAT/ATMP,Assembly,WB-01,B,FAIL,ABNORMAL,ABNORMAL,,,,,,,,,,,61.933,10.752,,,,,,,,,,,,,1,bond_pull_strength_gf=10.752,True,True,True
2026-01-20 22:16:00,UNIT01772,LOT012,WAFER1772,PKG01772,1,Wafer Inspection,ATMP,Wafer Metrology,WI-01,A,FAIL,ABNORMAL,ABNORMAL,705.903,1.675,42.336,57.743,105.79,,,,,,,,,,,,,,,,,,,,1,warp_um=57.743,True,True,True
2026-01-20 22:00:00,UNIT01771,LOT012,WAFER1771,PKG01771,1,Wafer Inspection,ATMP,Wafer Metrology,WI-02,C,FAIL,ABNORMAL,ABNORMAL,681.813,1.486,32.506,6.837,107.104,,,,,,,,,,,,,,,,,,,,1,wafer_thickness_um=681.813,True,True,True
2026-01-20 21:32:00,UNIT01769,LOT012,WAFER1769,PKG01769,5,Die Attach,OSAT/ATMP,Assembly,DA-01,B,FAIL,ABNORMAL,ABNORMAL,,,,,,,,,12.726,26.33,,,,,,,,,,,,,,,1,attach_force_n=12.726,True,True,True
2026-01-20 21:12:00,UNIT01768,LOT012,WAFER1768,PKG01768,1,Wafer Inspection,ATMP,Wafer Metrology,WI-01,C,FAIL,ABNORMAL,ABNORMAL,768.891,3.106,22.052,52.403,97.228,,,,,,,,,,,,,,,,,,,,1,warp_um=52.403,True,True,True
2026-01-20 21:00:00,UNIT01767,LOT012,WAFER1767,PKG01767,5,Die Attach,OSAT/ATMP,Assembly,DA-01,B,FAIL,ABNORMAL,ABNORMAL,,,,,,,,,11.689,-9.458,,,,,,,,,,,,,,,1,attach_offset_um=-9.458,True,True,True
2026-01-20 20:45:00,UNIT01766,LOT012,WAFER1766,PKG01766,6,Wire Bonding,OSAT/ATMP,Assembly,WB-02,C,FAIL,ABNORMAL,ABNORMAL,,,,,,,,,,,64.045,4.033,,,,,,,,,,,,,1,bond_pull_strength_gf=4.033,True,True,True
2026-01-20 20:10:00,UNIT01764,LOT012,WAFER1764,PKG01764,3,Back Grinding,ATMP,Wafer Processing,BG-01,A,FAIL,ABNORMAL,ABNORMAL,794.569,,,,,,5.232,,,,,,,,,,,,,,,,,,1,thickness_variation_um=5.232,True,True,True
2026-01-20 19:52:00,UNIT01763,LOT012,WAFER1763,PKG01763,1,Wafer Inspection,ATMP,Wafer Metrology,WI-02,C,FAIL,ABNORMAL,ABNORMAL,817.69,1.693,-3.011,14.53,100.003,,,,,,,,,,,,,,,,,,,,2,wafer_thickness_um=817.69; bow_um=-3.011,True,True,True
2026-01-20 19:36:00,UNIT01762,LOT012,WAFER1762,PKG01762,1,Wafer Inspection,ATMP,Wafer Metrology,WI-02,B,FAIL,ABNORMAL,ABNORMAL,766.38,1.56,39.668,24.418,121.137,,,,,,,,,,,,,,,,,,,,1,tape_thickness_um=121.137,True,True,True
2026-01-20 19:23:00,UNIT01761,LOT012,WAFER1761,PKG01761,4,Wafer Dicing,ATMP,Wafer Processing,WD-01,B,FAIL,ABNORMAL,ABNORMAL,,,,,,,,56.839,,,,,,,,,,,,,,,,,1,kerf_width_um=56.839,True,True,True
2026-01-20 19:04:00,UNIT01760,LOT012,WAFER1760,PKG01760,1,Wafer Inspection,ATMP,Wafer Metrology,WI-01,C,FAIL,ABNORMAL,ABNORMAL,809.317,4.803,-0.619,45.145,116.394,,,,,,,,,,,,,,,,,,,,2,wafer_thickness_um=809.317; bow_um=-0.619,True,True,True
2026-01-20 18:55:00,UNIT01759,LOT012,WAFER1759,PKG01759,8,Marking,ATMP,Package Marking,MK-01,A,FAIL,ABNORMAL,ABNORMAL,,,,,,,,,,,,,,,,101.908,,,,,,,,,1,marking_quality_score=101.908,True,True,True
2026-01-20 18:46:00,UNIT01758,LOT012,WAFER1758,PKG01758,15,Final Inspection,ATMP,Final Inspection,FI-02,C,FAIL,ABNORMAL,ABNORMAL,,,,,,,,,,,,,,,,90.393,,9.796,,,,,,,1,package_dimension_mm=9.796,True,True,True
2026-01-20 18:18:00,UNIT01757,LOT012,WAFER1757,PKG01757,3,Back Grinding,ATMP,Wafer Processing,BG-02,C,FAIL,ABNORMAL,ABNORMAL,691.753,,,,,,1.731,,,,,,,,,,,,,,,,,,1,wafer_thickness_um=691.753,True,True,True
2026-01-20 18:08:00,UNIT01756,LOT012,WAFER1756,PKG01756,9,Singulation,ATMP,Package Processing,SG-02,B,FAIL,ABNORMAL,ABNORMAL,,,,,,,,,,,,,,,,,-0.62,,,,,,,,1,singulation_damage_score=-0.62,True,True,True
2026-01-20 17:54:00,UNIT01755,LOT012,WAFER1755,PKG01755,11,Burn-in,OSAT,Testing,BI-02,A,FAIL,ABNORMAL,ABNORMAL,,,,,,,,,,,,,,,,,,,118.051,4.536,,,,,1,burn_in_temperature_c=118.051,True,True,True
2026-01-20 17:17:00,UNIT01753,LOT012,WAFER1753,PKG01753,6,Wire Bonding,OSAT/ATMP,Assembly,WB-01,C,FAIL,ABNORMAL,ABNORMAL,,,,,,,,,,,60.737,4.54,,,,,,,,,,,,,1,bond_pull_strength_gf=4.54,True,True,True
2026-01-20 16:40:00,UNIT01751,LOT012,WAFER1751,PKG01751,1,Wafer Inspection,ATMP,Wafer Metrology,WI-02,C,FAIL,ABNORMAL,ABNORMAL,712.057,-0.545,22.768,26.917,105.387,,,,,,,,,,,,,,,,,,,,1,ttv_um=-0.545,True,True,True
2026-01-20 16:30:00,UNIT01750,LOT012,WAFER1750,PKG01750,7,Encapsulation / Molding,OSAT/ATMP,Packaging,MO-02,B,FAIL,ABNORMAL,ABNORMAL,,,,,,,,,,,,,167.869,115.068,2.778,,,,,,,,,,1,mold_temperature_c=167.869,True,True,True
2026-01-20 16:08:00,UNIT01749,LOT012,WAFER1749,PKG01749,1,Wafer Inspection,ATMP,Wafer Metrology,WI-01,C,FAIL,ABNORMAL,ABNORMAL,688.132,0.795,16.698,38.364,89.315,,,,,,,,,,,,,,,,,,,,1,wafer_thickness_um=688.132,True,True,True
2026-01-20 15:54:00,UNIT01748,LOT012,WAFER1748,PKG01748,3,Back Grinding,ATMP,Wafer Processing,BG-02,C,FAIL,ABNORMAL,ABNORMAL,790.414,,,,,,-0.169,,,,,,,,,,,,,,,,,,1,thickness_variation_um=-0.169,True,True,True
2026-01-20 15:51:00,UNIT01747,LOT012,WAFER1747,PKG01747,16,Packing / Dispatch,ATMP,Packaging,PK-01,C,FAIL,ABNORMAL,ABNORMAL,,,,,,,,,,,,,,,,,,,,,,,,11.954,1,packaging_damage_score=11.954,True,True,True
2026-01-20 15:04:00,UNIT01745,LOT012,WAFER1745,PKG01745,1,Wafer Inspection,ATMP,Wafer Metrology,WI-01,A,FAIL,ABNORMAL,ABNORMAL,707.423,5.749,3.175,9.287,96.678,,,,,,,,,,,,,,,,,,,,1,ttv_um=5.749,True,True,True
2026-01-20 14:50:00,UNIT01744,LOT012,WAFER1744,PKG01744,3,Back Grinding,ATMP,Wafer Processing,BG-02,C,FAIL,ABNORMAL,ABNORMAL,801.046,,,,,,1.983,,,,,,,,,,,,,,,,,,1,wafer_thickness_um=801.046,True,True,True
2026-01-20 14:37:00,UNIT01743,LOT012,WAFER1743,PKG01743,6,Wire Bonding,OSAT/ATMP,Assembly,WB-01,B,FAIL,ABNORMAL,ABNORMAL,,,,,,,,,,,66.71,10.725,,,,,,,,,,,,,1,bond_pull_strength_gf=10.725,True,True,True
2026-01-20 14:16:00,UNIT01742,LOT012,WAFER1742,PKG01742,1,Wafer Inspection,ATMP,Wafer Metrology,WI-01,C,FAIL,ABNORMAL,ABNORMAL,709.392,4.998,30.251,42.686,72.533,,,,,,,,,,,,,,,,,,,,1,tape_thickness_um=72.533,True,True,True
2026-01-20 14:00:00,UNIT01741,LOT012,WAFER1741,PKG01741,1,Wafer Inspection,ATMP,Wafer Metrology,WI-01,A,FAIL,ABNORMAL,ABNORMAL,729.354,1.67,50.271,48.57,112.538,,,,,,,,,,,,,,,,,,,,1,bow_um=50.271,True,True,True
2026-01-20 13:44:00,UNIT01740,LOT012,WAFER1740,PKG01740,1,Wafer Inspection,ATMP,Wafer Metrology,WI-01,C,FAIL,ABNORMAL,ABNORMAL,796.101,0.762,58.627,21.035,109.297,,,,,,,,,,,,,,,,,,,,1,bow_um=58.627,True,True,True
2026-01-20 13:28:00,UNIT01739,LOT012,WAFER1739,PKG01739,1,Wafer Inspection,ATMP,Wafer Metrology,WI-02,A,FAIL,ABNORMAL,ABNORMAL,748.685,3.036,46.323,19.198,125.625,,,,,,,,,,,,,,,,,,,,1,tape_thickness_um=125.625,True,True,True
2026-01-20 13:18:00,UNIT01738,LOT012,WAFER1738,PKG01738,7,Encapsulation / Molding,OSAT/ATMP,Packaging,MO-01,A,FAIL,ABNORMAL,ABNORMAL,,,,,,,,,,,,,192.733,107.388,1.541,,,,,,,,,,1,mold_temperature_c=192.733,True,True,True
2026-01-20 13:02:00,UNIT01737,LOT012,WAFER1737,PKG01737,7,Encapsulation / Molding,OSAT/ATMP,Packaging,MO-01,B,FAIL,ABNORMAL,ABNORMAL,,,,,,,,,,,,,184.649,143.028,1.643,,,,,,,,,,1,mold_cure_time_s=143.028,True,True,True
2026-01-20 12:28:00,UNIT01735,LOT012,WAFER1735,PKG01735,5,Die Attach,OSAT/ATMP,Assembly,DA-02,A,FAIL,ABNORMAL,ABNORMAL,,,,,,,,,7.758,28.112,,,,,,,,,,,,,,,1,attach_force_n=7.758,True,True,True
2026-01-20 12:19:00,UNIT01734,LOT012,WAFER1734,PKG01734,12,ICT,OSAT,Electrical Testing,ICT-01,C,FAIL,ABNORMAL,ABNORMAL,,,,,,,,,,,,,,,,,,,,,9.35,,,,1,ict_current_a=9.35,True,True,True
2026-01-20 11:40:00,UNIT01732,LOT012,WAFER1732,PKG01732,5,Die Attach,OSAT/ATMP,Assembly,DA-01,B,FAIL,ABNORMAL,ABNORMAL,,,,,,,,,7.928,21.33,,,,,,,,,,,,,,,1,attach_force_n=7.928,True,True,True
2026-01-20 11:20:00,UNIT01731,LOT012,WAFER1731,PKG01731,1,Wafer Inspection,ATMP,Wafer Metrology,WI-01,C,FAIL,ABNORMAL,ABNORMAL,760.237,3.25,31.569,6.52,121.879,,,,,,,,,,,,,,,,,,,,1,tape_thickness_um=121.879,True,True,True
2026-01-20 11:04:00,UNIT01730,LOT012,WAFER1730,PKG01730,1,Wafer Inspection,ATMP,Wafer Metrology,WI-02,A,FAIL,ABNORMAL,ABNORMAL,758.763,4.132,50.489,29.848,105.727,,,,,,,,,,,,,,,,,,,,1,bow_um=50.489,True,True,True
2026-01-20 10:38:00,UNIT01728,LOT012,WAFER1728,PKG01728,7,Encapsulation / Molding,OSAT/ATMP,Packaging,MO-01,B,FAIL,ABNORMAL,ABNORMAL,,,,,,,,,,,,,193.682,101.76,3.674,,,,,,,,,,1,mold_temperature_c=193.682,True,True,True
2026-01-20 10:10:00,UNIT01726,LOT012,WAFER1726,PKG01726,11,Burn-in,OSAT,Testing,BI-01,C,FAIL,ABNORMAL,ABNORMAL,,,,,,,,,,,,,,,,,,,119.563,7.319,,,,,1,burn_in_temperature_c=119.563,True,True,True
2026-01-20 09:45:00,UNIT01725,LOT012,WAFER1725,PKG01725,2,Wafer Sort,OSAT,Wafer Test,WS-02,C,FAIL,ABNORMAL,ABNORMAL,,,,,,9.42,,,,,,,,,,,,,,,,,,,1,sort_current_a=9.42,True,True,True
2026-01-20 09:38:00,UNIT01724,LOT012,WAFER1724,PKG01724,11,Burn-in,OSAT,Testing,BI-02,B,FAIL,ABNORMAL,ABNORMAL,,,,,,,,,,,,,,,,,,,131.304,4.634,,,,,1,burn_in_temperature_c=131.304,True,True,True
2026-01-20 08:43:00,UNIT01721,LOT012,WAFER1721,PKG01721,4,Wafer Dicing,ATMP,Wafer Processing,WD-01,A,FAIL,ABNORMAL,ABNORMAL,,,,,,,,55.885,,,,,,,,,,,,,,,,,1,kerf_width_um=55.885,True,True,True
2026-01-20 08:24:00,UNIT01720,LOT012,WAFER1720,PKG01720,1,Wafer Inspection,ATMP,Wafer Metrology,WI-02,A,FAIL,ABNORMAL,ABNORMAL,799.247,5.387,23.266,40.231,103.135,,,,,,,,,,,,,,,,,,,,1,ttv_um=5.387,True,True,True
2026-01-20 08:11:00,UNIT01719,LOT012,WAFER1719,PKG01719,4,Wafer Dicing,ATMP,Wafer Processing,WD-02,A,FAIL,ABNORMAL,ABNORMAL,,,,,,,,56.41,,,,,,,,,,,,,,,,,1,kerf_width_um=56.41,True,True,True
2026-01-20 07:57:00,UNIT01718,LOT012,WAFER1718,PKG01718,6,Wire Bonding,OSAT/ATMP,Assembly,WB-02,B,FAIL,ABNORMAL,ABNORMAL,,,,,,,,,,,60.357,10.68,,,,,,,,,,,,,1,bond_pull_strength_gf=10.68,True,True,True
2026-01-20 07:42:00,UNIT01717,LOT012,WAFER1717,PKG01717,7,Encapsulation / Molding,OSAT/ATMP,Packaging,MO-01,A,FAIL,ABNORMAL,ABNORMAL,,,,,,,,,,,,,173.068,124.028,5.657,,,,,,,,,,1,void_percentage=5.657,True,True,True
2026-01-20 07:20:00,UNIT01716,LOT012,WAFER1716,PKG01716,1,Wafer Inspection,ATMP,Wafer Metrology,WI-02,A,FAIL,ABNORMAL,ABNORMAL,788.519,5.109,13.299,41.655,112.972,,,,,,,,,,,,,,,,,,,,1,ttv_um=5.109,True,True,True
2026-01-20 07:06:00,UNIT01715,LOT012,WAFER1715,PKG01715,3,Back Grinding,ATMP,Wafer Processing,BG-01,B,FAIL,ABNORMAL,ABNORMAL,760.334,,,,,,-0.039,,,,,,,,,,,,,,,,,,1,thickness_variation_um=-0.039,True,True,True
2026-01-20 06:53:00,UNIT01714,LOT012,WAFER1714,PKG01714,6,Wire Bonding,OSAT/ATMP,Assembly,WB-02,C,FAIL,ABNORMAL,ABNORMAL,,,,,,,,,,,66.638,4.942,,,,,,,,,,,,,1,bond_pull_strength_gf=4.942,True,True,True
2026-01-20 06:04:00,UNIT01711,LOT012,WAFER1711,PKG01711,5,Die Attach,OSAT/ATMP,Assembly,DA-01,B,FAIL,ABNORMAL,ABNORMAL,,,,,,,,,11.132,54.145,,,,,,,,,,,,,,,1,attach_offset_um=54.145,True,True,True
2026-01-20 04:56:00,UNIT01707,LOT012,WAFER1707,PKG01707,1,Wafer Inspection,ATMP,Wafer Metrology,WI-02,C,FAIL,ABNORMAL,ABNORMAL,764.189,1.843,58.983,37.486,89.116,,,,,,,,,,,,,,,,,,,,1,bow_um=58.983,True,True,True
2026-01-20 04:54:00,UNIT01706,LOT012,WAFER1706,PKG01706,15,Final Inspection,ATMP,Final Inspection,FI-01,A,FAIL,ABNORMAL,ABNORMAL,,,,,,,,,,,,,,,,94.055,,10.27,,,,,,,1,package_dimension_mm=10.27,True,True,True
2026-01-20 04:26:00,UNIT01705,LOT012,WAFER1705,PKG01705,3,Back Grinding,ATMP,Wafer Processing,BG-02,B,FAIL,ABNORMAL,ABNORMAL,770.903,,,,,,-0.042,,,,,,,,,,,,,,,,,,1,thickness_variation_um=-0.042,True,True,True
2026-01-20 04:22:00,UNIT01704,LOT012,WAFER1704,PKG01704,15,Final Inspection,ATMP,Final Inspection,FI-01,A,FAIL,ABNORMAL,ABNORMAL,,,,,,,,,,,,,,,,101.216,,10.126,,,,,,,1,marking_quality_score=101.216,True,True,True
2026-01-20 03:52:00,UNIT01703,LOT012,WAFER1703,PKG01703,1,Wafer Inspection,ATMP,Wafer Metrology,WI-01,A,FAIL,ABNORMAL,ABNORMAL,812.657,3.613,29.874,32.151,103.134,,,,,,,,,,,,,,,,,,,,1,wafer_thickness_um=812.657,True,True,True
2026-01-20 03:47:00,UNIT01702,LOT012,WAFER1702,PKG01702,12,ICT,OSAT,Electrical Testing,ICT-02,A,FAIL,ABNORMAL,ABNORMAL,,,,,,,,,,,,,,,,,,,,,10.678,,,,1,ict_current_a=10.678,True,True,True
2026-01-20 03:05:00,UNIT01700,LOT012,WAFER1700,PKG01700,2,Wafer Sort,OSAT,Wafer Test,WS-02,A,FAIL,ABNORMAL,ABNORMAL,,,,,,10.524,,,,,,,,,,,,,,,,,,,1,sort_current_a=10.524,True,True,True
2026-01-20 02:34:00,UNIT01698,LOT012,WAFER1698,PKG01698,3,Back Grinding,ATMP,Wafer Processing,BG-02,A,FAIL,ABNORMAL,ABNORMAL,731.919,,,,,,-0.717,,,,,,,,,,,,,,,,,,1,thickness_variation_um=-0.717,True,True,True
2026-01-20 02:16:00,UNIT01697,LOT012,WAFER1697,PKG01697,1,Wafer Inspection,ATMP,Wafer Metrology,WI-01,C,FAIL,ABNORMAL,ABNORMAL,812.037,4.922,52.918,42.404,119.903,,,,,,,,,,,,,,,,,,,,2,wafer_thickness_um=812.037; bow_um=52.918,True,True,True
2026-01-20 02:06:00,UNIT01696,LOT012,WAFER1696,PKG01696,7,Encapsulation / Molding,OSAT/ATMP,Packaging,MO-02,C,FAIL,ABNORMAL,ABNORMAL,,,,,,,,,,,,,175.405,126.548,5.118,,,,,,,,,,1,void_percentage=5.118,True,True,True
2026-01-20 01:46:00,UNIT01695,LOT012,WAFER1695,PKG01695,3,Back Grinding,ATMP,Wafer Processing,BG-01,B,FAIL,ABNORMAL,ABNORMAL,770.387,,,,,,-0.437,,,,,,,,,,,,,,,,,,1,thickness_variation_um=-0.437,True,True,True
2026-01-20 01:31:00,UNIT01694,LOT012,WAFER1694,PKG01694,4,Wafer Dicing,ATMP,Wafer Processing,WD-02,A,FAIL,ABNORMAL,ABNORMAL,,,,,,,,55.664,,,,,,,,,,,,,,,,,1,kerf_width_um=55.664,True,True,True
2026-01-20 01:12:00,UNIT01693,LOT012,WAFER1693,PKG01693,1,Wafer Inspection,ATMP,Wafer Metrology,WI-01,A,FAIL,ABNORMAL,ABNORMAL,711.809,2.379,19.984,57.218,118.12,,,,,,,,,,,,,,,,,,,,1,warp_um=57.218,True,True,True
2026-01-20 00:45:00,UNIT01691,LOT012,WAFER1691,PKG01691,6,Wire Bonding,OSAT/ATMP,Assembly,WB-02,B,FAIL,ABNORMAL,ABNORMAL,,,,,,,,,,,61.117,4.411,,,,,,,,,,,,,1,bond_pull_strength_gf=4.411,True,True,True
2026-01-20 00:24:00,UNIT01690,LOT012,WAFER1690,PKG01690,1,Wafer Inspection,ATMP,Wafer Metrology,WI-01,B,FAIL,ABNORMAL,ABNORMAL,764.811,5.059,40.894,28.303,113.915,,,,,,,,,,,,,,,,,,,,1,ttv_um=5.059,True,True,True
2026-01-19 23:52:00,UNIT01688,LOT012,WAFER1688,PKG01688,1,Wafer Inspection,ATMP,Wafer Metrology,WI-01,A,FAIL,ABNORMAL,ABNORMAL,761.858,3.047,-0.787,12.442,89.584,,,,,,,,,,,,,,,,,,,,1,bow_um=-0.787,True,True,True
2026-01-19 23:36:00,UNIT01687,LOT012,WAFER1687,PKG01687,1,Wafer Inspection,ATMP,Wafer Metrology,WI-01,B,FAIL,ABNORMAL,ABNORMAL,779.408,4.477,57.321,7.438,114.181,,,,,,,,,,,,,,,,,,,,1,bow_um=57.321,True,True,True
2026-01-19 23:23:00,UNIT01686,LOT012,WAFER1686,PKG01686,4,Wafer Dicing,ATMP,Wafer Processing,WD-02,B,FAIL,ABNORMAL,ABNORMAL,,,,,,,,56.286,,,,,,,,,,,,,,,,,1,kerf_width_um=56.286,True,True,True
2026-01-19 22:48:00,UNIT01684,LOT012,WAFER1684,PKG01684,1,Wafer Inspection,ATMP,Wafer Metrology,WI-01,A,FAIL,ABNORMAL,ABNORMAL,797.368,5.399,11.002,8.34,86.922,,,,,,,,,,,,,,,,,,,,1,ttv_um=5.399,True,True,True
2026-01-19 22:35:00,UNIT01683,LOT012,WAFER1683,PKG01683,4,Wafer Dicing,ATMP,Wafer Processing,WD-01,A,FAIL,ABNORMAL,ABNORMAL,,,,,,,,56.076,,,,,,,,,,,,,,,,,1,kerf_width_um=56.076,True,True,True
2026-01-19 22:09:00,UNIT01681,LOT012,WAFER1681,PKG01681,10,Package Inspection,OSAT/ATMP,Package Inspection,PI-01,B,FAIL,ABNORMAL,ABNORMAL,,,,,,,,,,,,,,,,,,10.259,,,,,,,1,package_dimension_mm=10.259,True,True,True
2026-01-19 21:50:00,UNIT01680,LOT012,WAFER1680,PKG01680,7,Encapsulation / Molding,OSAT/ATMP,Packaging,MO-01,C,FAIL,ABNORMAL,ABNORMAL,,,,,,,,,,,,,180.508,99.653,2.405,,,,,,,,,,1,mold_cure_time_s=99.653,True,True,True
2026-01-19 21:42:00,UNIT01679,LOT012,WAFER1679,PKG01679,15,Final Inspection,ATMP,Final Inspection,FI-02,B,FAIL,ABNORMAL,ABNORMAL,,,,,,,,,,,,,,,,90.304,,9.776,,,,,,,1,package_dimension_mm=9.776,True,True,True
2026-01-19 21:00:00,UNIT01677,LOT012,WAFER1677,PKG01677,5,Die Attach,OSAT/ATMP,Assembly,DA-01,B,FAIL,ABNORMAL,ABNORMAL,,,,,,,,,8.627,51.363,,,,,,,,,,,,,,,1,attach_offset_um=51.363,True,True,True
2026-01-19 20:40:00,UNIT01676,LOT012,WAFER1676,PKG01676,1,Wafer Inspection,ATMP,Wafer Metrology,WI-02,C,FAIL,ABNORMAL,ABNORMAL,740.829,4.205,7.25,-4.454,107.14,,,,,,,,,,,,,,,,,,,,1,warp_um=-4.454,True,True,True
2026-01-19 20:28:00,UNIT01675,LOT012,WAFER1675,PKG01675,5,Die Attach,OSAT/ATMP,Assembly,DA-02,B,FAIL,ABNORMAL,ABNORMAL,,,,,,,,,8.0,50.631,,,,,,,,,,,,,,,1,attach_offset_um=50.631,True,True,True
2026-01-19 20:08:00,UNIT01674,LOT012,WAFER1674,PKG01674,1,Wafer Inspection,ATMP,Wafer Metrology,WI-01,C,FAIL,ABNORMAL,ABNORMAL,709.06,1.771,47.601,34.953,126.04,,,,,,,,,,,,,,,,,,,,1,tape_thickness_um=126.04,True,True,True
2026-01-19 20:05:00,UNIT01673,LOT012,WAFER1673,PKG01673,14,EOL,OSAT,Final Testing,EOL-02,C,FAIL,ABNORMAL,ABNORMAL,,,,,,,,,,,,,,,,,,,,,,,103.328,,1,eol_temperature_c=103.328,True,True,True
2026-01-19 19:36:00,UNIT01672,LOT012,WAFER1672,PKG01672,1,Wafer Inspection,ATMP,Wafer Metrology,WI-01,B,FAIL,ABNORMAL,ABNORMAL,793.049,0.329,57.411,18.905,117.951,,,,,,,,,,,,,,,,,,,,1,bow_um=57.411,True,True,True
2026-01-19 19:21:00,UNIT01671,LOT012,WAFER1671,PKG01671,2,Wafer Sort,OSAT,Wafer Test,WS-01,A,FAIL,ABNORMAL,ABNORMAL,,,,,,10.512,,,,,,,,,,,,,,,,,,,1,sort_current_a=10.512,True,True,True
2026-01-19 19:09:00,UNIT01670,LOT012,WAFER1670,PKG01670,6,Wire Bonding,OSAT/ATMP,Assembly,WB-02,C,FAIL,ABNORMAL,ABNORMAL,,,,,,,,,,,65.149,4.855,,,,,,,,,,,,,1,bond_pull_strength_gf=4.855,True,True,True
2026-01-19 18:51:00,UNIT01669,LOT012,WAFER1669,PKG01669,4,Wafer Dicing,ATMP,Wafer Processing,WD-01,A,FAIL,ABNORMAL,ABNORMAL,,,,,,,,44.778,,,,,,,,,,,,,,,,,1,kerf_width_um=44.778,True,True,True
2026-01-19 18:32:00,UNIT01668,LOT012,WAFER1668,PKG01668,1,Wafer Inspection,ATMP,Wafer Metrology,WI-01,C,FAIL,ABNORMAL,ABNORMAL,713.224,3.038,36.384,54.821,89.833,,,,,,,,,,,,,,,,,,,,1,warp_um=54.821,True,True,True
2026-01-19 18:00:00,UNIT01666,LOT012,WAFER1666,PKG01666,1,Wafer Inspection,ATMP,Wafer Metrology,WI-02,B,FAIL,ABNORMAL,ABNORMAL,732.253,1.727,58.478,0.56,105.644,,,,,,,,,,,,,,,,,,,,1,bow_um=58.478,True,True,True
2026-01-19 17:52:00,UNIT01665,LOT012,WAFER1665,PKG01665,9,Singulation,ATMP,Package Processing,SG-02,C,FAIL,ABNORMAL,ABNORMAL,,,,,,,,,,,,,,,,,10.291,,,,,,,,1,singulation_damage_score=10.291,True,True,True
2026-01-19 17:14:00,UNIT01663,LOT012,WAFER1663,PKG01663,3,Back Grinding,ATMP,Wafer Processing,BG-02,B,FAIL,ABNORMAL,ABNORMAL,776.629,,,,,,-0.607,,,,,,,,,,,,,,,,,,1,thickness_variation_um=-0.607,True,True,True
2026-01-19 16:56:00,UNIT01662,LOT012,WAFER1662,PKG01662,1,Wafer Inspection,ATMP,Wafer Metrology,WI-01,B,FAIL,ABNORMAL,ABNORMAL,698.872,0.394,25.714,38.323,104.006,,,,,,,,,,,,,,,,,,,,1,wafer_thickness_um=698.872,True,True,True
2026-01-19 16:12:00,UNIT01659,LOT012,WAFER1659,PKG01659,5,Die Attach,OSAT/ATMP,Assembly,DA-02,C,FAIL,ABNORMAL,ABNORMAL,,,,,,,,,12.135,19.611,,,,,,,,,,,,,,,1,attach_force_n=12.135,True,True,True
2026-01-19 15:52:00,UNIT01658,LOT012,WAFER1658,PKG01658,1,Wafer Inspection,ATMP,Wafer Metrology,WI-02,A,FAIL,ABNORMAL,ABNORMAL,721.751,3.183,58.808,1.746,113.152,,,,,,,,,,,,,,,,,,,,1,bow_um=58.808,True,True,True
2026-01-19 15:27:00,UNIT01656,LOT012,WAFER1656,PKG01656,8,Marking,ATMP,Package Marking,MK-02,C,FAIL,ABNORMAL,ABNORMAL,,,,,,,,,,,,,,,,89.221,,,,,,,,,1,marking_quality_score=89.221,True,True,True
2026-01-19 14:53:00,UNIT01654,LOT012,WAFER1654,PKG01654,6,Wire Bonding,OSAT/ATMP,Assembly,WB-02,C,FAIL,ABNORMAL,ABNORMAL,,,,,,,,,,,67.551,10.726,,,,,,,,,,,,,1,bond_pull_strength_gf=10.726,True,True,True
2026-01-19 14:39:00,UNIT01653,LOT012,WAFER1653,PKG01653,8,Marking,ATMP,Package Marking,MK-01,A,FAIL,ABNORMAL,ABNORMAL,,,,,,,,,,,,,,,,100.546,,,,,,,,,1,marking_quality_score=100.546,True,True,True
2026-01-19 14:16:00,UNIT01652,LOT012,WAFER1652,PKG01652,1,Wafer Inspection,ATMP,Wafer Metrology,WI-01,A,FAIL,ABNORMAL,ABNORMAL,717.343,5.476,23.344,24.626,101.428,,,,,,,,,,,,,,,,,,,,1,ttv_um=5.476,True,True,True
2026-01-19 13:47:00,UNIT01650,LOT011,WAFER1650,PKG01650,4,Wafer Dicing,ATMP,Wafer Processing,WD-01,C,FAIL,ABNORMAL,ABNORMAL,,,,,,,,43.059,,,,,,,,,,,,,,,,,1,kerf_width_um=43.059,True,True,True
2026-01-19 13:25:00,UNIT01648,LOT011,WAFER1648,PKG01648,14,EOL,OSAT,Final Testing,EOL-01,A,FAIL,ABNORMAL,ABNORMAL,,,,,,,,,,,,,,,,,,,,,,,102.428,,1,eol_temperature_c=102.428,True,True,True
2026-01-19 12:59:00,UNIT01647,LOT011,WAFER1647,PKG01647,4,Wafer Dicing,ATMP,Wafer Processing,WD-01,C,FAIL,ABNORMAL,ABNORMAL,,,,,,,,56.205,,,,,,,,,,,,,,,,,1,kerf_width_um=56.205,True,True,True
2026-01-19 12:50:00,UNIT01646,LOT011,WAFER1646,PKG01646,11,Burn-in,OSAT,Testing,BI-01,C,FAIL,ABNORMAL,ABNORMAL,,,,,,,,,,,,,,,,,,,123.678,8.588,,,,,1,burn_in_hours=8.588,True,True,True
2026-01-19 12:31:00,UNIT01645,LOT011,WAFER1645,PKG01645,8,Marking,ATMP,Package Marking,MK-01,A,FAIL,ABNORMAL,ABNORMAL,,,,,,,,,,,,,,,,101.519,,,,,,,,,1,marking_quality_score=101.519,True,True,True
2026-01-19 12:08:00,UNIT01644,LOT011,WAFER1644,PKG01644,1,Wafer Inspection,ATMP,Wafer Metrology,WI-02,A,FAIL,ABNORMAL,ABNORMAL,789.315,5.122,31.481,10.676,104.235,,,,,,,,,,,,,,,,,,,,1,ttv_um=5.122,True,True,True
2026-01-19 11:58:00,UNIT01643,LOT011,WAFER1643,PKG01643,7,Encapsulation / Molding,OSAT/ATMP,Packaging,MO-01,A,FAIL,ABNORMAL,ABNORMAL,,,,,,,,,,,,,193.44,102.458,1.093,,,,,,,,,,1,mold_temperature_c=193.44,True,True,True
2026-01-19 11:39:00,UNIT01642,LOT011,WAFER1642,PKG01642,4,Wafer Dicing,ATMP,Wafer Processing,WD-02,C,FAIL,ABNORMAL,ABNORMAL,,,,,,,,55.869,,,,,,,,,,,,,,,,,1,kerf_width_um=55.869,True,True,True
2026-01-19 11:20:00,UNIT01641,LOT011,WAFER1641,PKG01641,1,Wafer Inspection,ATMP,Wafer Metrology,WI-02,B,FAIL,ABNORMAL,ABNORMAL,727.558,5.8,33.489,32.517,96.833,,,,,,,,,,,,,,,,,,,,1,ttv_um=5.8,True,True,True
2026-01-19 11:04:00,UNIT01640,LOT011,WAFER1640,PKG01640,1,Wafer Inspection,ATMP,Wafer Metrology,WI-01,A,FAIL,ABNORMAL,ABNORMAL,788.017,5.428,3.7,26.468,105.894,,,,,,,,,,,,,,,,,,,,1,ttv_um=5.428,True,True,True
2026-01-19 10:32:00,UNIT01638,LOT011,WAFER1638,PKG01638,1,Wafer Inspection,ATMP,Wafer Metrology,WI-01,A,FAIL,ABNORMAL,ABNORMAL,774.115,5.178,21.091,21.138,110.399,,,,,,,,,,,,,,,,,,,,1,ttv_um=5.178,True,True,True
2026-01-19 10:01:00,UNIT01636,LOT011,WAFER1636,PKG01636,2,Wafer Sort,OSAT,Wafer Test,WS-01,B,FAIL,ABNORMAL,ABNORMAL,,,,,,9.395,,,,,,,,,,,,,,,,,,,1,sort_current_a=9.395,True,True,True
2026-01-19 09:49:00,UNIT01635,LOT011,WAFER1635,PKG01635,6,Wire Bonding,OSAT/ATMP,Assembly,WB-01,B,FAIL,ABNORMAL,ABNORMAL,,,,,,,,,,,61.375,10.04,,,,,,,,,,,,,1,bond_pull_strength_gf=10.04,True,True,True
2026-01-19 09:30:00,UNIT01634,LOT011,WAFER1634,PKG01634,3,Back Grinding,ATMP,Wafer Processing,BG-01,B,FAIL,ABNORMAL,ABNORMAL,781.726,,,,,,-0.612,,,,,,,,,,,,,,,,,,1,thickness_variation_um=-0.612,True,True,True
2026-01-19 09:12:00,UNIT01633,LOT011,WAFER1633,PKG01633,1,Wafer Inspection,ATMP,Wafer Metrology,WI-02,A,FAIL,ABNORMAL,ABNORMAL,764.478,0.29,34.787,35.36,74.874,,,,,,,,,,,,,,,,,,,,1,tape_thickness_um=74.874,True,True,True
2026-01-19 08:56:00,UNIT01632,LOT011,WAFER1632,PKG01632,1,Wafer Inspection,ATMP,Wafer Metrology,WI-02,C,FAIL,ABNORMAL,ABNORMAL,765.347,-0.581,47.561,44.723,100.536,,,,,,,,,,,,,,,,,,,,1,ttv_um=-0.581,True,True,True
2026-01-19 08:30:00,UNIT01630,LOT011,WAFER1630,PKG01630,7,Encapsulation / Molding,OSAT/ATMP,Packaging,MO-01,B,FAIL,ABNORMAL,ABNORMAL,,,,,,,,,,,,,193.941,111.809,3.224,,,,,,,,,,1,mold_temperature_c=193.941,True,True,True
2026-01-19 08:08:00,UNIT01629,LOT011,WAFER1629,PKG01629,1,Wafer Inspection,ATMP,Wafer Metrology,WI-02,B,FAIL,ABNORMAL,ABNORMAL,722.915,5.305,33.946,44.469,77.397,,,,,,,,,,,,,,,,,,,,2,ttv_um=5.305; tape_thickness_um=77.397,True,True,True
2026-01-19 07:57:00,UNIT01628,LOT011,WAFER1628,PKG01628,6,Wire Bonding,OSAT/ATMP,Assembly,WB-01,A,FAIL,ABNORMAL,ABNORMAL,,,,,,,,,,,66.779,4.213,,,,,,,,,,,,,1,bond_pull_strength_gf=4.213,True,True,True
2026-01-19 07:20:00,UNIT01626,LOT011,WAFER1626,PKG01626,1,Wafer Inspection,ATMP,Wafer Metrology,WI-02,B,FAIL,ABNORMAL,ABNORMAL,721.971,3.707,7.953,-3.843,114.825,,,,,,,,,,,,,,,,,,,,1,warp_um=-3.843,True,True,True
2026-01-19 07:04:00,UNIT01625,LOT011,WAFER1625,PKG01625,1,Wafer Inspection,ATMP,Wafer Metrology,WI-02,C,FAIL,ABNORMAL,ABNORMAL,686.683,-0.336,28.056,23.044,115.99,,,,,,,,,,,,,,,,,,,,2,wafer_thickness_um=686.683; ttv_um=-0.336,True,True,True
2026-01-19 06:54:00,UNIT01624,LOT011,WAFER1624,PKG01624,7,Encapsulation / Molding,OSAT/ATMP,Packaging,MO-01,B,FAIL,ABNORMAL,ABNORMAL,,,,,,,,,,,,,175.149,98.534,1.045,,,,,,,,,,1,mold_cure_time_s=98.534,True,True,True
2026-01-19 06:46:00,UNIT01623,LOT011,WAFER1623,PKG01623,15,Final Inspection,ATMP,Final Inspection,FI-02,C,FAIL,ABNORMAL,ABNORMAL,,,,,,,,,,,,,,,,95.526,,9.746,,,,,,,1,package_dimension_mm=9.746,True,True,True
2026-01-19 06:16:00,UNIT01622,LOT011,WAFER1622,PKG01622,1,Wafer Inspection,ATMP,Wafer Metrology,WI-02,C,FAIL,ABNORMAL,ABNORMAL,796.264,1.618,56.88,12.904,117.118,,,,,,,,,,,,,,,,,,,,1,bow_um=56.88,True,True,True
2026-01-19 06:00:00,UNIT01621,LOT011,WAFER1621,PKG01621,1,Wafer Inspection,ATMP,Wafer Metrology,WI-02,C,FAIL,ABNORMAL,ABNORMAL,737.676,5.541,11.528,11.378,111.113,,,,,,,,,,,,,,,,,,,,1,ttv_um=5.541,True,True,True
2026-01-19 05:53:00,UNIT01620,LOT011,WAFER1620,PKG01620,10,Package Inspection,OSAT/ATMP,Package Inspection,PI-01,B,FAIL,ABNORMAL,ABNORMAL,,,,,,,,,,,,,,,,,,10.219,,,,,,,1,package_dimension_mm=10.219,True,True,True
2026-01-19 04:48:00,UNIT01616,LOT011,WAFER1616,PKG01616,9,Singulation,ATMP,Package Processing,SG-01,C,FAIL,ABNORMAL,ABNORMAL,,,,,,,,,,,,,,,,,10.38,,,,,,,,1,singulation_damage_score=10.38,True,True,True
2026-01-19 04:25:00,UNIT01615,LOT011,WAFER1615,PKG01615,2,Wafer Sort,OSAT,Wafer Test,WS-02,A,FAIL,ABNORMAL,ABNORMAL,,,,,,9.382,,,,,,,,,,,,,,,,,,,1,sort_current_a=9.382,True,True,True
2026-01-19 04:13:00,UNIT01614,LOT011,WAFER1614,PKG01614,6,Wire Bonding,OSAT/ATMP,Assembly,WB-02,C,FAIL,ABNORMAL,ABNORMAL,,,,,,,,,,,63.075,4.831,,,,,,,,,,,,,1,bond_pull_strength_gf=4.831,True,True,True
2026-01-19 03:39:00,UNIT01612,LOT011,WAFER1612,PKG01612,4,Wafer Dicing,ATMP,Wafer Processing,WD-01,C,FAIL,ABNORMAL,ABNORMAL,,,,,,,,44.952,,,,,,,,,,,,,,,,,1,kerf_width_um=44.952,True,True,True
2026-01-19 03:30:00,UNIT01611,LOT011,WAFER1611,PKG01611,11,Burn-in,OSAT,Testing,BI-01,C,FAIL,ABNORMAL,ABNORMAL,,,,,,,,,,,,,,,,,,,121.932,8.763,,,,,1,burn_in_hours=8.763,True,True,True
2026-01-19 02:53:00,UNIT01609,LOT011,WAFER1609,PKG01609,6,Wire Bonding,OSAT/ATMP,Assembly,WB-02,B,FAIL,ABNORMAL,ABNORMAL,,,,,,,,,,,64.435,4.291,,,,,,,,,,,,,1,bond_pull_strength_gf=4.291,True,True,True
2026-01-19 02:32:00,UNIT01608,LOT011,WAFER1608,PKG01608,1,Wafer Inspection,ATMP,Wafer Metrology,WI-02,B,FAIL,ABNORMAL,ABNORMAL,804.896,1.689,2.18,45.245,100.623,,,,,,,,,,,,,,,,,,,,1,wafer_thickness_um=804.896,True,True,True
2026-01-19 02:16:00,UNIT01607,LOT011,WAFER1607,PKG01607,1,Wafer Inspection,ATMP,Wafer Metrology,WI-02,A,FAIL,ABNORMAL,ABNORMAL,760.419,4.831,55.027,2.576,88.849,,,,,,,,,,,,,,,,,,,,1,bow_um=55.027,True,True,True
2026-01-19 02:06:00,UNIT01606,LOT011,WAFER1606,PKG01606,7,Encapsulation / Molding,OSAT/ATMP,Packaging,MO-01,A,FAIL,ABNORMAL,ABNORMAL,,,,,,,,,,,,,189.037,103.695,-0.939,,,,,,,,,,1,void_percentage=-0.939,True,True,True
2026-01-19 01:34:00,UNIT01604,LOT011,WAFER1604,PKG01604,7,Encapsulation / Molding,OSAT/ATMP,Packaging,MO-01,A,FAIL,ABNORMAL,ABNORMAL,,,,,,,,,,,,,168.67,138.992,3.032,,,,,,,,,,1,mold_temperature_c=168.67,True,True,True
2026-01-19 01:15:00,UNIT01603,LOT011,WAFER1603,PKG01603,4,Wafer Dicing,ATMP,Wafer Processing,WD-02,C,FAIL,ABNORMAL,ABNORMAL,,,,,,,,56.066,,,,,,,,,,,,,,,,,1,kerf_width_um=56.066,True,True,True
2026-01-19 01:01:00,UNIT01602,LOT011,WAFER1602,PKG01602,6,Wire Bonding,OSAT/ATMP,Assembly,WB-01,A,FAIL,ABNORMAL,ABNORMAL,,,,,,,,,,,62.665,4.383,,,,,,,,,,,,,1,bond_pull_strength_gf=4.383,True,True,True
2026-01-19 00:40:00,UNIT01601,LOT011,WAFER1601,PKG01601,1,Wafer Inspection,ATMP,Wafer Metrology,WI-01,B,FAIL,ABNORMAL,ABNORMAL,761.773,-0.121,37.016,23.086,119.374,,,,,,,,,,,,,,,,,,,,1,ttv_um=-0.121,True,True,True
2026-01-19 00:11:00,UNIT01599,LOT011,WAFER1599,PKG01599,4,Wafer Dicing,ATMP,Wafer Processing,WD-02,A,FAIL,ABNORMAL,ABNORMAL,,,,,,,,44.937,,,,,,,,,,,,,,,,,1,kerf_width_um=44.937,True,True,True
2026-01-19 00:02:00,UNIT01598,LOT011,WAFER1598,PKG01598,11,Burn-in,OSAT,Testing,BI-02,C,FAIL,ABNORMAL,ABNORMAL,,,,,,,,,,,,,,,,,,,125.624,3.205,,,,,1,burn_in_hours=3.205,True,True,True
2026-01-18 23:47:00,UNIT01597,LOT011,WAFER1597,PKG01597,12,ICT,OSAT,Electrical Testing,ICT-02,A,FAIL,ABNORMAL,ABNORMAL,,,,,,,,,,,,,,,,,,,,,10.597,,,,1,ict_current_a=10.597,True,True,True
2026-01-18 23:27:00,UNIT01596,LOT011,WAFER1596,PKG01596,8,Marking,ATMP,Package Marking,MK-01,C,FAIL,ABNORMAL,ABNORMAL,,,,,,,,,,,,,,,,101.315,,,,,,,,,1,marking_quality_score=101.315,True,True,True
2026-01-18 22:48:00,UNIT01594,LOT011,WAFER1594,PKG01594,1,Wafer Inspection,ATMP,Wafer Metrology,WI-02,A,FAIL,ABNORMAL,ABNORMAL,807.348,0.813,12.573,10.737,77.853,,,,,,,,,,,,,,,,,,,,2,wafer_thickness_um=807.348; tape_thickness_um=77.853,True,True,True
2026-01-18 22:16:00,UNIT01592,LOT011,WAFER1592,PKG01592,1,Wafer Inspection,ATMP,Wafer Metrology,WI-01,A,FAIL,ABNORMAL,ABNORMAL,720.065,5.158,3.85,59.12,89.323,,,,,,,,,,,,,,,,,,,,2,ttv_um=5.158; warp_um=59.12,True,True,True
2026-01-18 22:05:00,UNIT01591,LOT011,WAFER1591,PKG01591,6,Wire Bonding,OSAT/ATMP,Assembly,WB-01,A,FAIL,ABNORMAL,ABNORMAL,,,,,,,,,,,67.229,4.708,,,,,,,,,,,,,1,bond_pull_strength_gf=4.708,True,True,True
2026-01-18 21:51:00,UNIT01590,LOT011,WAFER1590,PKG01590,8,Marking,ATMP,Package Marking,MK-02,A,FAIL,ABNORMAL,ABNORMAL,,,,,,,,,,,,,,,,100.256,,,,,,,,,1,marking_quality_score=100.256,True,True,True
2026-01-18 21:37:00,UNIT01589,LOT011,WAFER1589,PKG01589,10,Package Inspection,OSAT/ATMP,Package Inspection,PI-01,A,FAIL,ABNORMAL,ABNORMAL,,,,,,,,,,,,,,,,,,9.723,,,,,,,1,package_dimension_mm=9.723,True,True,True
2026-01-18 20:56:00,UNIT01587,LOT011,WAFER1587,PKG01587,1,Wafer Inspection,ATMP,Wafer Metrology,WI-01,B,FAIL,ABNORMAL,ABNORMAL,742.748,5.485,34.345,38.677,109.513,,,,,,,,,,,,,,,,,,,,1,ttv_um=5.485,True,True,True
2026-01-18 20:55:00,UNIT01586,LOT011,WAFER1586,PKG01586,16,Packing / Dispatch,ATMP,Packaging,PK-02,C,FAIL,ABNORMAL,ABNORMAL,,,,,,,,,,,,,,,,,,,,,,,,10.552,1,packaging_damage_score=10.552,True,True,True
2026-01-18 20:32:00,UNIT01585,LOT011,WAFER1585,PKG01585,9,Singulation,ATMP,Package Processing,SG-01,B,FAIL,ABNORMAL,ABNORMAL,,,,,,,,,,,,,,,,,10.201,,,,,,,,1,singulation_damage_score=10.201,True,True,True
2026-01-18 20:15:00,UNIT01584,LOT011,WAFER1584,PKG01584,8,Marking,ATMP,Package Marking,MK-02,B,FAIL,ABNORMAL,ABNORMAL,,,,,,,,,,,,,,,,88.021,,,,,,,,,1,marking_quality_score=88.021,True,True,True
2026-01-18 19:20:00,UNIT01581,LOT011,WAFER1581,PKG01581,1,Wafer Inspection,ATMP,Wafer Metrology,WI-02,A,FAIL,ABNORMAL,ABNORMAL,749.44,0.21,51.924,21.225,113.362,,,,,,,,,,,,,,,,,,,,1,bow_um=51.924,True,True,True
2026-01-18 19:04:00,UNIT01580,LOT011,WAFER1580,PKG01580,1,Wafer Inspection,ATMP,Wafer Metrology,WI-01,A,FAIL,ABNORMAL,ABNORMAL,702.063,5.011,38.514,32.32,91.719,,,,,,,,,,,,,,,,,,,,1,ttv_um=5.011,True,True,True
2026-01-18 18:56:00,UNIT01579,LOT011,WAFER1579,PKG01579,9,Singulation,ATMP,Package Processing,SG-02,A,FAIL,ABNORMAL,ABNORMAL,,,,,,,,,,,,,,,,,11.869,,,,,,,,1,singulation_damage_score=11.869,True,True,True
2026-01-18 18:38:00,UNIT01578,LOT011,WAFER1578,PKG01578,7,Encapsulation / Molding,OSAT/ATMP,Packaging,MO-01,A,FAIL,ABNORMAL,ABNORMAL,,,,,,,,,,,,,172.944,99.724,2.31,,,,,,,,,,1,mold_cure_time_s=99.724,True,True,True
2026-01-18 18:16:00,UNIT01577,LOT011,WAFER1577,PKG01577,1,Wafer Inspection,ATMP,Wafer Metrology,WI-01,B,FAIL,ABNORMAL,ABNORMAL,736.6,3.263,15.283,11.919,123.905,,,,,,,,,,,,,,,,,,,,1,tape_thickness_um=123.905,True,True,True
2026-01-18 18:00:00,UNIT01576,LOT011,WAFER1576,PKG01576,1,Wafer Inspection,ATMP,Wafer Metrology,WI-01,C,FAIL,ABNORMAL,ABNORMAL,682.513,0.483,40.17,43.306,103.35,,,,,,,,,,,,,,,,,,,,1,wafer_thickness_um=682.513,True,True,True
2026-01-18 16:40:00,UNIT01571,LOT011,WAFER1571,PKG01571,1,Wafer Inspection,ATMP,Wafer Metrology,WI-02,A,FAIL,ABNORMAL,ABNORMAL,766.333,-0.896,52.715,0.284,85.496,,,,,,,,,,,,,,,,,,,,2,ttv_um=-0.896; bow_um=52.715,True,True,True
2026-01-18 16:24:00,UNIT01570,LOT011,WAFER1570,PKG01570,1,Wafer Inspection,ATMP,Wafer Metrology,WI-02,A,FAIL,ABNORMAL,ABNORMAL,793.843,4.911,47.344,58.242,108.225,,,,,,,,,,,,,,,,,,,,1,warp_um=58.242,True,True,True
2026-01-18 15:41:00,UNIT01567,LOT011,WAFER1567,PKG01567,6,Wire Bonding,OSAT/ATMP,Assembly,WB-01,A,FAIL,ABNORMAL,ABNORMAL,,,,,,,,,,,61.959,4.776,,,,,,,,,,,,,1,bond_pull_strength_gf=4.776,True,True,True
2026-01-18 15:08:00,UNIT01565,LOT011,WAFER1565,PKG01565,5,Die Attach,OSAT/ATMP,Assembly,DA-01,B,FAIL,ABNORMAL,ABNORMAL,,,,,,,,,7.33,30.956,,,,,,,,,,,,,,,1,attach_force_n=7.33,True,True,True
2026-01-18 14:53:00,UNIT01564,LOT011,WAFER1564,PKG01564,6,Wire Bonding,OSAT/ATMP,Assembly,WB-02,B,FAIL,ABNORMAL,ABNORMAL,,,,,,,,,,,70.139,7.922,,,,,,,,,,,,,1,wire_bond_force_n=70.139,True,True,True
2026-01-18 14:33:00,UNIT01563,LOT011,WAFER1563,PKG01563,2,Wafer Sort,OSAT,Wafer Test,WS-02,C,FAIL,ABNORMAL,ABNORMAL,,,,,,9.332,,,,,,,,,,,,,,,,,,,1,sort_current_a=9.332,True,True,True
2026-01-18 14:05:00,UNIT01561,LOT011,WAFER1561,PKG01561,6,Wire Bonding,OSAT/ATMP,Assembly,WB-01,B,FAIL,ABNORMAL,ABNORMAL,,,,,,,,,,,58.783,9.809,,,,,,,,,,,,,1,wire_bond_force_n=58.783,True,True,True
2026-01-18 13:28:00,UNIT01559,LOT011,WAFER1559,PKG01559,1,Wafer Inspection,ATMP,Wafer Metrology,WI-01,A,FAIL,ABNORMAL,ABNORMAL,770.755,5.429,4.568,48.119,123.458,,,,,,,,,,,,,,,,,,,,2,ttv_um=5.429; tape_thickness_um=123.458,True,True,True
2026-01-18 13:16:00,UNIT01558,LOT011,WAFER1558,PKG01558,5,Die Attach,OSAT/ATMP,Assembly,DA-02,B,FAIL,ABNORMAL,ABNORMAL,,,,,,,,,12.519,28.487,,,,,,,,,,,,,,,1,attach_force_n=12.519,True,True,True
2026-01-18 13:06:00,UNIT01557,LOT011,WAFER1557,PKG01557,11,Burn-in,OSAT,Testing,BI-01,B,FAIL,ABNORMAL,ABNORMAL,,,,,,,,,,,,,,,,,,,128.628,8.415,,,,,1,burn_in_hours=8.415,True,True,True
2026-01-18 12:48:00,UNIT01556,LOT011,WAFER1556,PKG01556,9,Singulation,ATMP,Package Processing,SG-01,B,FAIL,ABNORMAL,ABNORMAL,,,,,,,,,,,,,,,,,-0.13,,,,,,,,1,singulation_damage_score=-0.13,True,True,True
2026-01-18 12:30:00,UNIT01555,LOT011,WAFER1555,PKG01555,7,Encapsulation / Molding,OSAT/ATMP,Packaging,MO-01,A,FAIL,ABNORMAL,ABNORMAL,,,,,,,,,,,,,185.504,96.922,2.968,,,,,,,,,,1,mold_cure_time_s=96.922,True,True,True
2026-01-18 12:06:00,UNIT01553,LOT011,WAFER1553,PKG01553,15,Final Inspection,ATMP,Final Inspection,FI-02,C,FAIL,ABNORMAL,ABNORMAL,,,,,,,,,,,,,,,,95.158,,9.794,,,,,,,1,package_dimension_mm=9.794,True,True,True
2026-01-18 11:44:00,UNIT01552,LOT011,WAFER1552,PKG01552,9,Singulation,ATMP,Package Processing,SG-01,C,FAIL,ABNORMAL,ABNORMAL,,,,,,,,,,,,,,,,,-1.822,,,,,,,,1,singulation_damage_score=-1.822,True,True,True
2026-01-18 11:34:00,UNIT01551,LOT011,WAFER1551,PKG01551,15,Final Inspection,ATMP,Final Inspection,FI-02,A,FAIL,ABNORMAL,ABNORMAL,,,,,,,,,,,,,,,,101.017,,9.823,,,,,,,1,marking_quality_score=101.017,True,True,True
2026-01-18 11:04:00,UNIT01550,LOT011,WAFER1550,PKG01550,1,Wafer Inspection,ATMP,Wafer Metrology,WI-01,A,FAIL,ABNORMAL,ABNORMAL,812.369,2.03,26.719,47.698,84.529,,,,,,,,,,,,,,,,,,,,1,wafer_thickness_um=812.369,True,True,True
2026-01-18 10:54:00,UNIT01549,LOT011,WAFER1549,PKG01549,7,Encapsulation / Molding,OSAT/ATMP,Packaging,MO-01,A,FAIL,ABNORMAL,ABNORMAL,,,,,,,,,,,,,177.56,115.7,5.874,,,,,,,,,,1,void_percentage=5.874,True,True,True
2026-01-18 10:16:00,UNIT01547,LOT011,WAFER1547,PKG01547,1,Wafer Inspection,ATMP,Wafer Metrology,WI-02,B,FAIL,ABNORMAL,ABNORMAL,782.027,1.541,59.882,30.257,113.776,,,,,,,,,,,,,,,,,,,,1,bow_um=59.882,True,True,True
2026-01-18 09:53:00,UNIT01545,LOT011,WAFER1545,PKG01545,10,Package Inspection,OSAT/ATMP,Package Inspection,PI-01,A,FAIL,ABNORMAL,ABNORMAL,,,,,,,,,,,,,,,,,,9.783,,,,,,,1,package_dimension_mm=9.783,True,True,True
2026-01-18 09:29:00,UNIT01544,LOT011,WAFER1544,PKG01544,2,Wafer Sort,OSAT,Wafer Test,WS-01,A,FAIL,ABNORMAL,ABNORMAL,,,,,,10.52,,,,,,,,,,,,,,,,,,,1,sort_current_a=10.52,True,True,True
2026-01-18 09:26:00,UNIT01543,LOT011,WAFER1543,PKG01543,15,Final Inspection,ATMP,Final Inspection,FI-02,B,FAIL,ABNORMAL,ABNORMAL,,,,,,,,,,,,,,,,100.042,,9.958,,,,,,,1,marking_quality_score=100.042,True,True,True
2026-01-18 08:40:00,UNIT01541,LOT011,WAFER1541,PKG01541,1,Wafer Inspection,ATMP,Wafer Metrology,WI-02,C,FAIL,ABNORMAL,ABNORMAL,729.92,-0.865,21.128,4.548,90.53,,,,,,,,,,,,,,,,,,,,1,ttv_um=-0.865,True,True,True
2026-01-18 08:10:00,UNIT01539,LOT011,WAFER1539,PKG01539,3,Back Grinding,ATMP,Wafer Processing,BG-01,C,FAIL,ABNORMAL,ABNORMAL,730.962,,,,,,5.685,,,,,,,,,,,,,,,,,,1,thickness_variation_um=5.685,True,True,True
2026-01-18 07:52:00,UNIT01538,LOT011,WAFER1538,PKG01538,1,Wafer Inspection,ATMP,Wafer Metrology,WI-02,C,FAIL,ABNORMAL,ABNORMAL,782.737,5.774,33.465,38.001,119.177,,,,,,,,,,,,,,,,,,,,1,ttv_um=5.774,True,True,True
2026-01-18 07:36:00,UNIT01537,LOT011,WAFER1537,PKG01537,1,Wafer Inspection,ATMP,Wafer Metrology,WI-02,A,FAIL,ABNORMAL,ABNORMAL,737.847,3.734,44.187,38.34,120.274,,,,,,,,,,,,,,,,,,,,1,tape_thickness_um=120.274,True,True,True
2026-01-18 07:25:00,UNIT01536,LOT011,WAFER1536,PKG01536,6,Wire Bonding,OSAT/ATMP,Assembly,WB-02,C,FAIL,ABNORMAL,ABNORMAL,,,,,,,,,,,66.852,4.806,,,,,,,,,,,,,1,bond_pull_strength_gf=4.806,True,True,True
2026-01-18 06:48:00,UNIT01534,LOT011,WAFER1534,PKG01534,1,Wafer Inspection,ATMP,Wafer Metrology,WI-01,B,FAIL,ABNORMAL,ABNORMAL,723.694,3.505,53.474,22.793,102.31,,,,,,,,,,,,,,,,,,,,1,bow_um=53.474,True,True,True
2026-01-18 06:33:00,UNIT01533,LOT011,WAFER1533,PKG01533,2,Wafer Sort,OSAT,Wafer Test,WS-02,A,FAIL,ABNORMAL,ABNORMAL,,,,,,9.435,,,,,,,,,,,,,,,,,,,1,sort_current_a=9.435,True,True,True
2026-01-18 05:44:00,UNIT01530,LOT011,WAFER1530,PKG01530,1,Wafer Inspection,ATMP,Wafer Metrology,WI-01,C,FAIL,ABNORMAL,ABNORMAL,744.417,4.968,24.428,27.52,77.555,,,,,,,,,,,,,,,,,,,,1,tape_thickness_um=77.555,True,True,True
2026-01-18 05:33:00,UNIT01529,LOT011,WAFER1529,PKG01529,6,Wire Bonding,OSAT/ATMP,Assembly,WB-01,C,FAIL,ABNORMAL,ABNORMAL,,,,,,,,,,,60.857,4.219,,,,,,,,,,,,,1,bond_pull_strength_gf=4.219,True,True,True
2026-01-18 05:22:00,UNIT01528,LOT011,WAFER1528,PKG01528,11,Burn-in,OSAT,Testing,BI-02,B,FAIL,ABNORMAL,ABNORMAL,,,,,,,,,,,,,,,,,,,130.983,7.108,,,,,1,burn_in_temperature_c=130.983,True,True,True
2026-01-18 05:11:00,UNIT01527,LOT011,WAFER1527,PKG01527,16,Packing / Dispatch,ATMP,Packaging,PK-02,C,FAIL,ABNORMAL,ABNORMAL,,,,,,,,,,,,,,,,,,,,,,,,10.854,1,packaging_damage_score=10.854,True,True,True
2026-01-18 04:40:00,UNIT01526,LOT011,WAFER1526,PKG01526,1,Wafer Inspection,ATMP,Wafer Metrology,WI-02,C,FAIL,ABNORMAL,ABNORMAL,699.768,3.351,37.989,5.95,98.924,,,,,,,,,,,,,,,,,,,,1,wafer_thickness_um=699.768,True,True,True
2026-01-18 04:25:00,UNIT01525,LOT011,WAFER1525,PKG01525,2,Wafer Sort,OSAT,Wafer Test,WS-02,B,FAIL,ABNORMAL,ABNORMAL,,,,,,10.589,,,,,,,,,,,,,,,,,,,1,sort_current_a=10.589,True,True,True
2026-01-18 04:23:00,UNIT01524,LOT011,WAFER1524,PKG01524,16,Packing / Dispatch,ATMP,Packaging,PK-01,A,FAIL,ABNORMAL,ABNORMAL,,,,,,,,,,,,,,,,,,,,,,,,-0.915,1,packaging_damage_score=-0.915,True,True,True
2026-01-18 03:58:00,UNIT01523,LOT011,WAFER1523,PKG01523,7,Encapsulation / Molding,OSAT/ATMP,Packaging,MO-01,C,FAIL,ABNORMAL,ABNORMAL,,,,,,,,,,,,,192.869,117.249,0.1,,,,,,,,,,1,mold_temperature_c=192.869,True,True,True
2026-01-18 03:29:00,UNIT01521,LOT011,WAFER1521,PKG01521,10,Package Inspection,OSAT/ATMP,Package Inspection,PI-02,B,FAIL,ABNORMAL,ABNORMAL,,,,,,,,,,,,,,,,,,10.231,,,,,,,1,package_dimension_mm=10.231,True,True,True
2026-01-18 03:00:00,UNIT01519,LOT011,WAFER1519,PKG01519,13,FCT,OSAT,Functional Testing,FCT-01,B,FAIL,ABNORMAL,ABNORMAL,,,,,,,,,,,,,,,,,,,,,,3.569,,,1,fct_voltage_v=3.569,True,True,True
2026-01-18 02:37:00,UNIT01518,LOT011,WAFER1518,PKG01518,6,Wire Bonding,OSAT/ATMP,Assembly,WB-01,C,FAIL,ABNORMAL,ABNORMAL,,,,,,,,,,,65.34,4.817,,,,,,,,,,,,,1,bond_pull_strength_gf=4.817,True,True,True
2026-01-18 02:27:00,UNIT01517,LOT011,WAFER1517,PKG01517,12,ICT,OSAT,Electrical Testing,ICT-01,B,FAIL,ABNORMAL,ABNORMAL,,,,,,,,,,,,,,,,,,,,,10.556,,,,1,ict_current_a=10.556,True,True,True
2026-01-18 02:10:00,UNIT01516,LOT011,WAFER1516,PKG01516,11,Burn-in,OSAT,Testing,BI-01,C,FAIL,ABNORMAL,ABNORMAL,,,,,,,,,,,,,,,,,,,130.084,4.816,,,,,1,burn_in_temperature_c=130.084,True,True,True
2026-01-18 01:57:00,UNIT01515,LOT011,WAFER1515,PKG01515,14,EOL,OSAT,Final Testing,EOL-01,B,FAIL,ABNORMAL,ABNORMAL,,,,,,,,,,,,,,,,,,,,,,,79.898,,1,eol_temperature_c=79.898,True,True,True
2026-01-18 01:32:00,UNIT01514,LOT011,WAFER1514,PKG01514,5,Die Attach,OSAT/ATMP,Assembly,DA-01,B,FAIL,ABNORMAL,ABNORMAL,,,,,,,,,11.834,54.899,,,,,,,,,,,,,,,1,attach_offset_um=54.899,True,True,True
2026-01-18 01:12:00,UNIT01513,LOT011,WAFER1513,PKG01513,1,Wafer Inspection,ATMP,Wafer Metrology,WI-01,C,FAIL,ABNORMAL,ABNORMAL,781.99,2.587,52.308,33.156,111.893,,,,,,,,,,,,,,,,,,,,1,bow_um=52.308,True,True,True
2026-01-18 00:44:00,UNIT01511,LOT011,WAFER1511,PKG01511,5,Die Attach,OSAT/ATMP,Assembly,DA-02,A,FAIL,ABNORMAL,ABNORMAL,,,,,,,,,8.62,-4.599,,,,,,,,,,,,,,,1,attach_offset_um=-4.599,True,True,True
2026-01-18 00:24:00,UNIT01510,LOT011,WAFER1510,PKG01510,1,Wafer Inspection,ATMP,Wafer Metrology,WI-01,B,FAIL,ABNORMAL,ABNORMAL,814.542,0.076,11.335,48.591,112.344,,,,,,,,,,,,,,,,,,,,1,wafer_thickness_um=814.542,True,True,True
2026-01-18 00:13:00,UNIT01509,LOT011,WAFER1509,PKG01509,6,Wire Bonding,OSAT/ATMP,Assembly,WB-02,C,FAIL,ABNORMAL,ABNORMAL,,,,,,,,,,,68.268,4.997,,,,,,,,,,,,,1,bond_pull_strength_gf=4.997,True,True,True
2026-01-17 23:52:00,UNIT01508,LOT011,WAFER1508,PKG01508,1,Wafer Inspection,ATMP,Wafer Metrology,WI-01,C,FAIL,ABNORMAL,ABNORMAL,790.058,5.78,39.316,7.996,74.868,,,,,,,,,,,,,,,,,,,,2,ttv_um=5.78; tape_thickness_um=74.868,True,True,True
2026-01-17 23:07:00,UNIT01505,LOT011,WAFER1505,PKG01505,4,Wafer Dicing,ATMP,Wafer Processing,WD-02,B,FAIL,ABNORMAL,ABNORMAL,,,,,,,,55.935,,,,,,,,,,,,,,,,,1,kerf_width_um=55.935,True,True,True
2026-01-17 22:57:00,UNIT01504,LOT011,WAFER1504,PKG01504,10,Package Inspection,OSAT/ATMP,Package Inspection,PI-02,A,FAIL,ABNORMAL,ABNORMAL,,,,,,,,,,,,,,,,,,10.247,,,,,,,1,package_dimension_mm=10.247,True,True,True
2026-01-17 22:37:00,UNIT01503,LOT011,WAFER1503,PKG01503,6,Wire Bonding,OSAT/ATMP,Assembly,WB-02,A,FAIL,ABNORMAL,ABNORMAL,,,,,,,,,,,61.358,4.659,,,,,,,,,,,,,1,bond_pull_strength_gf=4.659,True,True,True
2026-01-17 22:16:00,UNIT01502,LOT011,WAFER1502,PKG01502,1,Wafer Inspection,ATMP,Wafer Metrology,WI-01,C,FAIL,ABNORMAL,ABNORMAL,810.08,4.836,33.081,45.25,87.15,,,,,,,,,,,,,,,,,,,,1,wafer_thickness_um=810.08,True,True,True
2026-01-17 22:00:00,UNIT01501,LOT011,WAFER1501,PKG01501,1,Wafer Inspection,ATMP,Wafer Metrology,WI-01,A,FAIL,ABNORMAL,ABNORMAL,772.129,5.433,39.661,33.084,75.284,,,,,,,,,,,,,,,,,,,,2,ttv_um=5.433; tape_thickness_um=75.284,True,True,True
2026-01-17 21:54:00,UNIT01500,LOT010,WAFER1500,PKG01500,11,Burn-in,OSAT,Testing,BI-01,B,FAIL,ABNORMAL,ABNORMAL,,,,,,,,,,,,,,,,,,,123.205,8.367,,,,,1,burn_in_hours=8.367,True,True,True
2026-01-17 21:28:00,UNIT01499,LOT010,WAFER1499,PKG01499,1,Wafer Inspection,ATMP,Wafer Metrology,WI-01,C,FAIL,ABNORMAL,ABNORMAL,805.156,5.586,15.951,24.985,94.96,,,,,,,,,,,,,,,,,,,,2,wafer_thickness_um=805.156; ttv_um=5.586,True,True,True
2026-01-17 21:16:00,UNIT01498,LOT010,WAFER1498,PKG01498,5,Die Attach,OSAT/ATMP,Assembly,DA-01,A,FAIL,ABNORMAL,ABNORMAL,,,,,,,,,7.743,7.293,,,,,,,,,,,,,,,1,attach_force_n=7.743,True,True,True
2026-01-17 21:00:00,UNIT01497,LOT010,WAFER1497,PKG01497,5,Die Attach,OSAT/ATMP,Assembly,DA-02,A,FAIL,ABNORMAL,ABNORMAL,,,,,,,,,7.689,4.059,,,,,,,,,,,,,,,1,attach_force_n=7.689,True,True,True
2026-01-17 20:47:00,UNIT01496,LOT010,WAFER1496,PKG01496,8,Marking,ATMP,Package Marking,MK-01,A,FAIL,ABNORMAL,ABNORMAL,,,,,,,,,,,,,,,,100.132,,,,,,,,,1,marking_quality_score=100.132,True,True,True
2026-01-17 20:10:00,UNIT01494,LOT010,WAFER1494,PKG01494,3,Back Grinding,ATMP,Wafer Processing,BG-02,B,FAIL,ABNORMAL,ABNORMAL,789.262,,,,,,-0.131,,,,,,,,,,,,,,,,,,1,thickness_variation_um=-0.131,True,True,True
2026-01-17 19:36:00,UNIT01492,LOT010,WAFER1492,PKG01492,1,Wafer Inspection,ATMP,Wafer Metrology,WI-02,A,FAIL,ABNORMAL,ABNORMAL,813.12,4.142,39.577,36.084,94.364,,,,,,,,,,,,,,,,,,,,1,wafer_thickness_um=813.12,True,True,True
2026-01-17 19:00:00,UNIT01489,LOT010,WAFER1489,PKG01489,13,FCT,OSAT,Functional Testing,FCT-01,A,FAIL,ABNORMAL,ABNORMAL,,,,,,,,,,,,,,,,,,,,,,3.56,,,1,fct_voltage_v=3.56,True,True,True
2026-01-17 18:35:00,UNIT01488,LOT010,WAFER1488,PKG01488,4,Wafer Dicing,ATMP,Wafer Processing,WD-01,C,FAIL,ABNORMAL,ABNORMAL,,,,,,,,56.325,,,,,,,,,,,,,,,,,1,kerf_width_um=56.325,True,True,True
2026-01-17 18:01:00,UNIT01486,LOT010,WAFER1486,PKG01486,2,Wafer Sort,OSAT,Wafer Test,WS-01,C,FAIL,ABNORMAL,ABNORMAL,,,,,,10.634,,,,,,,,,,,,,,,,,,,1,sort_current_a=10.634,True,True,True
2026-01-17 17:58:00,UNIT01485,LOT010,WAFER1485,PKG01485,15,Final Inspection,ATMP,Final Inspection,FI-02,B,FAIL,ABNORMAL,ABNORMAL,,,,,,,,,,,,,,,,100.21,,10.119,,,,,,,1,marking_quality_score=100.21,True,True,True
2026-01-17 17:34:00,UNIT01484,LOT010,WAFER1484,PKG01484,7,Encapsulation / Molding,OSAT/ATMP,Packaging,MO-01,A,FAIL,ABNORMAL,ABNORMAL,,,,,,,,,,,,,175.684,102.483,-0.696,,,,,,,,,,1,void_percentage=-0.696,True,True,True
2026-01-17 17:18:00,UNIT01483,LOT010,WAFER1483,PKG01483,7,Encapsulation / Molding,OSAT/ATMP,Packaging,MO-01,B,FAIL,ABNORMAL,ABNORMAL,,,,,,,,,,,,,168.342,112.061,3.187,,,,,,,,,,1,mold_temperature_c=168.342,True,True,True
2026-01-17 16:56:00,UNIT01482,LOT010,WAFER1482,PKG01482,1,Wafer Inspection,ATMP,Wafer Metrology,WI-01,A,FAIL,ABNORMAL,ABNORMAL,730.208,1.601,21.722,-8.307,99.848,,,,,,,,,,,,,,,,,,,,1,warp_um=-8.307,True,True,True
2026-01-17 16:44:00,UNIT01481,LOT010,WAFER1481,PKG01481,5,Die Attach,OSAT/ATMP,Assembly,DA-02,C,FAIL,ABNORMAL,ABNORMAL,,,,,,,,,7.919,3.407,,,,,,,,,,,,,,,1,attach_force_n=7.919,True,True,True
2026-01-17 16:13:00,UNIT01479,LOT010,WAFER1479,PKG01479,6,Wire Bonding,OSAT/ATMP,Assembly,WB-02,B,FAIL,ABNORMAL,ABNORMAL,,,,,,,,,,,68.679,10.997,,,,,,,,,,,,,1,bond_pull_strength_gf=10.997,True,True,True
2026-01-17 15:46:00,UNIT01477,LOT010,WAFER1477,PKG01477,11,Burn-in,OSAT,Testing,BI-01,A,FAIL,ABNORMAL,ABNORMAL,,,,,,,,,,,,,,,,,,,119.638,7.55,,,,,1,burn_in_temperature_c=119.638,True,True,True
2026-01-17 15:22:00,UNIT01476,LOT010,WAFER1476,PKG01476,3,Back Grinding,ATMP,Wafer Processing,BG-01,C,FAIL,ABNORMAL,ABNORMAL,691.877,,,,,,5.749,,,,,,,,,,,,,,,,,,2,wafer_thickness_um=691.877; thickness_variation_um=5.749,True,True,True
2026-01-17 15:18:00,UNIT01475,LOT010,WAFER1475,PKG01475,15,Final Inspection,ATMP,Final Inspection,FI-02,A,FAIL,ABNORMAL,ABNORMAL,,,,,,,,,,,,,,,,94.65,,10.252,,,,,,,1,package_dimension_mm=10.252,True,True,True
2026-01-17 14:45:00,UNIT01473,LOT010,WAFER1473,PKG01473,14,EOL,OSAT,Final Testing,EOL-02,B,FAIL,ABNORMAL,ABNORMAL,,,,,,,,,,,,,,,,,,,,,,,103.535,,1,eol_temperature_c=103.535,True,True,True
2026-01-17 14:16:00,UNIT01472,LOT010,WAFER1472,PKG01472,1,Wafer Inspection,ATMP,Wafer Metrology,WI-02,A,FAIL,ABNORMAL,ABNORMAL,773.873,0.138,55.547,-8.305,80.04,,,,,,,,,,,,,,,,,,,,2,bow_um=55.547; warp_um=-8.305,True,True,True
2026-01-17 14:04:00,UNIT01471,LOT010,WAFER1471,PKG01471,5,Die Attach,OSAT/ATMP,Assembly,DA-01,A,FAIL,ABNORMAL,ABNORMAL,,,,,,,,,9.851,52.21,,,,,,,,,,,,,,,1,attach_offset_um=52.21,True,True,True
2026-01-17 13:28:00,UNIT01469,LOT010,WAFER1469,PKG01469,1,Wafer Inspection,ATMP,Wafer Metrology,WI-02,B,FAIL,ABNORMAL,ABNORMAL,799.721,3.937,43.851,-2.522,127.163,,,,,,,,,,,,,,,,,,,,2,warp_um=-2.522; tape_thickness_um=127.163,True,True,True
2026-01-17 13:18:00,UNIT01468,LOT010,WAFER1468,PKG01468,7,Encapsulation / Molding,OSAT/ATMP,Packaging,MO-01,B,FAIL,ABNORMAL,ABNORMAL,,,,,,,,,,,,,173.197,95.784,3.813,,,,,,,,,,1,mold_cure_time_s=95.784,True,True,True
2026-01-17 12:30:00,UNIT01465,LOT010,WAFER1465,PKG01465,7,Encapsulation / Molding,OSAT/ATMP,Packaging,MO-01,C,FAIL,ABNORMAL,ABNORMAL,,,,,,,,,,,,,168.666,110.642,1.783,,,,,,,,,,1,mold_temperature_c=168.666,True,True,True
2026-01-17 12:08:00,UNIT01464,LOT010,WAFER1464,PKG01464,1,Wafer Inspection,ATMP,Wafer Metrology,WI-02,C,FAIL,ABNORMAL,ABNORMAL,757.983,4.984,13.9,38.984,124.651,,,,,,,,,,,,,,,,,,,,1,tape_thickness_um=124.651,True,True,True
2026-01-17 11:56:00,UNIT01463,LOT010,WAFER1463,PKG01463,5,Die Attach,OSAT/ATMP,Assembly,DA-02,B,FAIL,ABNORMAL,ABNORMAL,,,,,,,,,7.781,56.098,,,,,,,,,,,,,,,2,attach_force_n=7.781; attach_offset_um=56.098,True,True,True
2026-01-17 11:20:00,UNIT01461,LOT010,WAFER1461,PKG01461,1,Wafer Inspection,ATMP,Wafer Metrology,WI-01,A,FAIL,ABNORMAL,ABNORMAL,692.605,2.183,22.831,40.919,101.904,,,,,,,,,,,,,,,,,,,,1,wafer_thickness_um=692.605,True,True,True
2026-01-17 11:18:00,UNIT01460,LOT010,WAFER1460,PKG01460,15,Final Inspection,ATMP,Final Inspection,FI-02,C,FAIL,ABNORMAL,ABNORMAL,,,,,,,,,,,,,,,,101.49,,9.808,,,,,,,1,marking_quality_score=101.49,True,True,True
2026-01-17 10:58:00,UNIT01459,LOT010,WAFER1459,PKG01459,11,Burn-in,OSAT,Testing,BI-01,A,FAIL,ABNORMAL,ABNORMAL,,,,,,,,,,,,,,,,,,,119.521,4.713,,,,,1,burn_in_temperature_c=119.521,True,True,True
2026-01-17 10:42:00,UNIT01458,LOT010,WAFER1458,PKG01458,11,Burn-in,OSAT,Testing,BI-02,A,FAIL,ABNORMAL,ABNORMAL,,,,,,,,,,,,,,,,,,,121.828,3.444,,,,,1,burn_in_hours=3.444,True,True,True
2026-01-17 10:18:00,UNIT01457,LOT010,WAFER1457,PKG01457,3,Back Grinding,ATMP,Wafer Processing,BG-02,A,FAIL,ABNORMAL,ABNORMAL,814.267,,,,,,3.982,,,,,,,,,,,,,,,,,,1,wafer_thickness_um=814.267,True,True,True
2026-01-17 10:00:00,UNIT01456,LOT010,WAFER1456,PKG01456,1,Wafer Inspection,ATMP,Wafer Metrology,WI-01,B,FAIL,ABNORMAL,ABNORMAL,722.859,-0.569,33.887,9.362,107.214,,,,,,,,,,,,,,,,,,,,1,ttv_um=-0.569,True,True,True
2026-01-17 09:44:00,UNIT01455,LOT010,WAFER1455,PKG01455,1,Wafer Inspection,ATMP,Wafer Metrology,WI-02,C,FAIL,ABNORMAL,ABNORMAL,776.151,4.331,30.152,58.159,92.491,,,,,,,,,,,,,,,,,,,,1,warp_um=58.159,True,True,True
2026-01-17 09:28:00,UNIT01454,LOT010,WAFER1454,PKG01454,1,Wafer Inspection,ATMP,Wafer Metrology,WI-02,C,FAIL,ABNORMAL,ABNORMAL,776.871,-0.034,16.945,32.406,102.489,,,,,,,,,,,,,,,,,,,,1,ttv_um=-0.034,True,True,True
2026-01-17 09:18:00,UNIT01453,LOT010,WAFER1453,PKG01453,7,Encapsulation / Molding,OSAT/ATMP,Packaging,MO-02,A,FAIL,ABNORMAL,ABNORMAL,,,,,,,,,,,,,191.349,138.561,0.11,,,,,,,,,,1,mold_temperature_c=191.349,True,True,True
2026-01-17 08:56:00,UNIT01452,LOT010,WAFER1452,PKG01452,1,Wafer Inspection,ATMP,Wafer Metrology,WI-01,A,FAIL,ABNORMAL,ABNORMAL,723.531,-0.825,34.811,48.849,109.998,,,,,,,,,,,,,,,,,,,,1,ttv_um=-0.825,True,True,True
2026-01-17 08:42:00,UNIT01451,LOT010,WAFER1451,PKG01451,3,Back Grinding,ATMP,Wafer Processing,BG-01,B,FAIL,ABNORMAL,ABNORMAL,814.768,,,,,,-0.096,,,,,,,,,,,,,,,,,,2,wafer_thickness_um=814.768; thickness_variation_um=-0.096,True,True,True
2026-01-17 08:26:00,UNIT01450,LOT010,WAFER1450,PKG01450,3,Back Grinding,ATMP,Wafer Processing,BG-01,A,FAIL,ABNORMAL,ABNORMAL,818.003,,,,,,3.626,,,,,,,,,,,,,,,,,,1,wafer_thickness_um=818.003,True,True,True
2026-01-17 08:12:00,UNIT01449,LOT010,WAFER1449,PKG01449,5,Die Attach,OSAT/ATMP,Assembly,DA-01,B,FAIL,ABNORMAL,ABNORMAL,,,,,,,,,12.491,24.983,,,,,,,,,,,,,,,1,attach_force_n=12.491,True,True,True
2026-01-17 07:40:00,UNIT01447,LOT010,WAFER1447,PKG01447,5,Die Attach,OSAT/ATMP,Assembly,DA-01,C,FAIL,ABNORMAL,ABNORMAL,,,,,,,,,8.044,-9.942,,,,,,,,,,,,,,,1,attach_offset_um=-9.942,True,True,True
2026-01-17 07:10:00,UNIT01445,LOT010,WAFER1445,PKG01445,7,Encapsulation / Molding,OSAT/ATMP,Packaging,MO-02,A,FAIL,ABNORMAL,ABNORMAL,,,,,,,,,,,,,172.134,147.34,4.477,,,,,,,,,,1,mold_cure_time_s=147.34,True,True,True
2026-01-17 07:02:00,UNIT01444,LOT010,WAFER1444,PKG01444,15,Final Inspection,ATMP,Final Inspection,FI-01,B,FAIL,ABNORMAL,ABNORMAL,,,,,,,,,,,,,,,,99.511,,9.792,,,,,,,1,package_dimension_mm=9.792,True,True,True
2026-01-17 06:34:00,UNIT01443,LOT010,WAFER1443,PKG01443,3,Back Grinding,ATMP,Wafer Processing,BG-01,B,FAIL,ABNORMAL,ABNORMAL,692.964,,,,,,2.162,,,,,,,,,,,,,,,,,,1,wafer_thickness_um=692.964,True,True,True
2026-01-17 06:28:00,UNIT01442,LOT010,WAFER1442,PKG01442,13,FCT,OSAT,Functional Testing,FCT-01,B,FAIL,ABNORMAL,ABNORMAL,,,,,,,,,,,,,,,,,,,,,,3.539,,,1,fct_voltage_v=3.539,True,True,True
2026-01-17 06:00:00,UNIT01441,LOT010,WAFER1441,PKG01441,1,Wafer Inspection,ATMP,Wafer Metrology,WI-01,B,FAIL,ABNORMAL,ABNORMAL,757.209,1.488,49.856,34.041,75.267,,,,,,,,,,,,,,,,,,,,1,tape_thickness_um=75.267,True,True,True
2026-01-17 05:49:00,UNIT01440,LOT010,WAFER1440,PKG01440,6,Wire Bonding,OSAT/ATMP,Assembly,WB-01,C,FAIL,ABNORMAL,ABNORMAL,,,,,,,,,,,69.334,4.932,,,,,,,,,,,,,1,bond_pull_strength_gf=4.932,True,True,True
2026-01-17 05:38:00,UNIT01439,LOT010,WAFER1439,PKG01439,11,Burn-in,OSAT,Testing,BI-02,B,FAIL,ABNORMAL,ABNORMAL,,,,,,,,,,,,,,,,,,,119.698,6.35,,,,,1,burn_in_temperature_c=119.698,True,True,True
2026-01-17 05:13:00,UNIT01438,LOT010,WAFER1438,PKG01438,2,Wafer Sort,OSAT,Wafer Test,WS-02,B,FAIL,ABNORMAL,ABNORMAL,,,,,,10.663,,,,,,,,,,,,,,,,,,,1,sort_current_a=10.663,True,True,True
2026-01-17 04:54:00,UNIT01436,LOT010,WAFER1436,PKG01436,15,Final Inspection,ATMP,Final Inspection,FI-01,C,FAIL,ABNORMAL,ABNORMAL,,,,,,,,,,,,,,,,93.911,,10.222,,,,,,,1,package_dimension_mm=10.222,True,True,True
2026-01-17 04:28:00,UNIT01435,LOT010,WAFER1435,PKG01435,5,Die Attach,OSAT/ATMP,Assembly,DA-01,C,FAIL,ABNORMAL,ABNORMAL,,,,,,,,,7.945,23.93,,,,,,,,,,,,,,,1,attach_force_n=7.945,True,True,True
2026-01-17 04:00:00,UNIT01433,LOT010,WAFER1433,PKG01433,9,Singulation,ATMP,Package Processing,SG-02,A,FAIL,ABNORMAL,ABNORMAL,,,,,,,,,,,,,,,,,-0.34,,,,,,,,1,singulation_damage_score=-0.34,True,True,True
2026-01-17 03:21:00,UNIT01431,LOT010,WAFER1431,PKG01431,2,Wafer Sort,OSAT,Wafer Test,WS-01,A,FAIL,ABNORMAL,ABNORMAL,,,,,,10.644,,,,,,,,,,,,,,,,,,,1,sort_current_a=10.644,True,True,True
2026-01-17 03:04:00,UNIT01430,LOT010,WAFER1430,PKG01430,1,Wafer Inspection,ATMP,Wafer Metrology,WI-02,C,FAIL,ABNORMAL,ABNORMAL,809.833,2.559,20.836,39.463,96.994,,,,,,,,,,,,,,,,,,,,1,wafer_thickness_um=809.833,True,True,True
2026-01-17 02:59:00,UNIT01429,LOT010,WAFER1429,PKG01429,12,ICT,OSAT,Electrical Testing,ICT-02,C,FAIL,ABNORMAL,ABNORMAL,,,,,,,,,,,,,,,,,,,,,9.482,,,,1,ict_current_a=9.482,True,True,True
2026-01-17 02:00:00,UNIT01426,LOT010,WAFER1426,PKG01426,1,Wafer Inspection,ATMP,Wafer Metrology,WI-02,C,FAIL,ABNORMAL,ABNORMAL,790.695,2.832,-2.002,49.037,108.223,,,,,,,,,,,,,,,,,,,,1,bow_um=-2.002,True,True,True
2026-01-17 01:50:00,UNIT01425,LOT010,WAFER1425,PKG01425,7,Encapsulation / Molding,OSAT/ATMP,Packaging,MO-01,C,FAIL,ABNORMAL,ABNORMAL,,,,,,,,,,,,,182.601,95.793,3.223,,,,,,,,,,1,mold_cure_time_s=95.793,True,True,True
2026-01-17 01:28:00,UNIT01424,LOT010,WAFER1424,PKG01424,1,Wafer Inspection,ATMP,Wafer Metrology,WI-01,A,FAIL,ABNORMAL,ABNORMAL,791.51,5.392,21.715,35.125,106.52,,,,,,,,,,,,,,,,,,,,1,ttv_um=5.392,True,True,True
2026-01-17 01:20:00,UNIT01423,LOT010,WAFER1423,PKG01423,9,Singulation,ATMP,Package Processing,SG-01,C,FAIL,ABNORMAL,ABNORMAL,,,,,,,,,,,,,,,,,11.841,,,,,,,,1,singulation_damage_score=11.841,True,True,True
2026-01-17 01:02:00,UNIT01422,LOT010,WAFER1422,PKG01422,7,Encapsulation / Molding,OSAT/ATMP,Packaging,MO-02,C,FAIL,ABNORMAL,ABNORMAL,,,,,,,,,,,,,189.326,143.637,3.931,,,,,,,,,,1,mold_cure_time_s=143.637,True,True,True
2026-01-17 00:40:00,UNIT01421,LOT010,WAFER1421,PKG01421,1,Wafer Inspection,ATMP,Wafer Metrology,WI-02,C,FAIL,ABNORMAL,ABNORMAL,755.038,3.102,56.647,28.068,114.271,,,,,,,,,,,,,,,,,,,,1,bow_um=56.647,True,True,True
2026-01-16 23:53:00,UNIT01418,LOT010,WAFER1418,PKG01418,2,Wafer Sort,OSAT,Wafer Test,WS-02,B,FAIL,ABNORMAL,ABNORMAL,,,,,,9.497,,,,,,,,,,,,,,,,,,,1,sort_current_a=9.497,True,True,True
2026-01-16 23:46:00,UNIT01417,LOT010,WAFER1417,PKG01417,11,Burn-in,OSAT,Testing,BI-01,B,FAIL,ABNORMAL,ABNORMAL,,,,,,,,,,,,,,,,,,,124.364,3.724,,,,,1,burn_in_hours=3.724,True,True,True
2026-01-16 23:22:00,UNIT01416,LOT010,WAFER1416,PKG01416,3,Back Grinding,ATMP,Wafer Processing,BG-01,B,FAIL,ABNORMAL,ABNORMAL,752.108,,,,,,-0.009,,,,,,,,,,,,,,,,,,1,thickness_variation_um=-0.009,True,True,True
2026-01-16 23:15:00,UNIT01415,LOT010,WAFER1415,PKG01415,12,ICT,OSAT,Electrical Testing,ICT-02,A,FAIL,ABNORMAL,ABNORMAL,,,,,,,,,,,,,,,,,,,,,9.445,,,,1,ict_current_a=9.445,True,True,True
2026-01-16 22:48:00,UNIT01414,LOT010,WAFER1414,PKG01414,1,Wafer Inspection,ATMP,Wafer Metrology,WI-02,B,FAIL,ABNORMAL,ABNORMAL,730.838,-0.637,49.983,38.897,127.8,,,,,,,,,,,,,,,,,,,,2,ttv_um=-0.637; tape_thickness_um=127.8,True,True,True
2026-01-16 22:32:00,UNIT01413,LOT010,WAFER1413,PKG01413,1,Wafer Inspection,ATMP,Wafer Metrology,WI-01,C,FAIL,ABNORMAL,ABNORMAL,752.324,-0.339,37.453,12.295,92.871,,,,,,,,,,,,,,,,,,,,1,ttv_um=-0.339,True,True,True
2026-01-16 22:03:00,UNIT01411,LOT010,WAFER1411,PKG01411,4,Wafer Dicing,ATMP,Wafer Processing,WD-01,A,FAIL,ABNORMAL,ABNORMAL,,,,,,,,56.404,,,,,,,,,,,,,,,,,1,kerf_width_um=56.404,True,True,True
2026-01-16 21:44:00,UNIT01410,LOT010,WAFER1410,PKG01410,1,Wafer Inspection,ATMP,Wafer Metrology,WI-01,A,FAIL,ABNORMAL,ABNORMAL,811.163,-0.409,26.95,35.352,96.755,,,,,,,,,,,,,,,,,,,,2,wafer_thickness_um=811.163; ttv_um=-0.409,True,True,True
2026-01-16 21:38:00,UNIT01409,LOT010,WAFER1409,PKG01409,11,Burn-in,OSAT,Testing,BI-01,C,FAIL,ABNORMAL,ABNORMAL,,,,,,,,,,,,,,,,,,,129.454,8.584,,,,,1,burn_in_hours=8.584,True,True,True
2026-01-16 21:12:00,UNIT01408,LOT010,WAFER1408,PKG01408,1,Wafer Inspection,ATMP,Wafer Metrology,WI-02,B,FAIL,ABNORMAL,ABNORMAL,807.297,4.776,19.601,26.31,94.21,,,,,,,,,,,,,,,,,,,,1,wafer_thickness_um=807.297,True,True,True
2026-01-16 20:49:00,UNIT01406,LOT010,WAFER1406,PKG01406,10,Package Inspection,OSAT/ATMP,Package Inspection,PI-02,A,FAIL,ABNORMAL,ABNORMAL,,,,,,,,,,,,,,,,,,9.799,,,,,,,1,package_dimension_mm=9.799,True,True,True
2026-01-16 20:25:00,UNIT01405,LOT010,WAFER1405,PKG01405,2,Wafer Sort,OSAT,Wafer Test,WS-02,C,FAIL,ABNORMAL,ABNORMAL,,,,,,10.669,,,,,,,,,,,,,,,,,,,1,sort_current_a=10.669,True,True,True
2026-01-16 19:38:00,UNIT01402,LOT010,WAFER1402,PKG01402,3,Back Grinding,ATMP,Wafer Processing,BG-02,C,FAIL,ABNORMAL,ABNORMAL,813.413,,,,,,3.235,,,,,,,,,,,,,,,,,,1,wafer_thickness_um=813.413,True,True,True
2026-01-16 19:30:00,UNIT01401,LOT010,WAFER1401,PKG01401,11,Burn-in,OSAT,Testing,BI-01,C,FAIL,ABNORMAL,ABNORMAL,,,,,,,,,,,,,,,,,,,130.994,4.876,,,,,1,burn_in_temperature_c=130.994,True,True,True
2026-01-16 19:06:00,UNIT01400,LOT010,WAFER1400,PKG01400,3,Back Grinding,ATMP,Wafer Processing,BG-01,A,FAIL,ABNORMAL,ABNORMAL,784.677,,,,,,-0.429,,,,,,,,,,,,,,,,,,1,thickness_variation_um=-0.429,True,True,True
2026-01-16 18:53:00,UNIT01399,LOT010,WAFER1399,PKG01399,6,Wire Bonding,OSAT/ATMP,Assembly,WB-01,C,FAIL,ABNORMAL,ABNORMAL,,,,,,,,,,,71.586,6.578,,,,,,,,,,,,,1,wire_bond_force_n=71.586,True,True,True
2026-01-16 18:22:00,UNIT01397,LOT010,WAFER1397,PKG01397,7,Encapsulation / Molding,OSAT/ATMP,Packaging,MO-02,B,FAIL,ABNORMAL,ABNORMAL,,,,,,,,,,,,,166.214,139.198,3.048,,,,,,,,,,1,mold_temperature_c=166.214,True,True,True
2026-01-16 18:07:00,UNIT01396,LOT010,WAFER1396,PKG01396,8,Marking,ATMP,Package Marking,MK-02,C,FAIL,ABNORMAL,ABNORMAL,,,,,,,,,,,,,,,,88.762,,,,,,,,,1,marking_quality_score=88.762,True,True,True
2026-01-16 17:58:00,UNIT01395,LOT010,WAFER1395,PKG01395,15,Final Inspection,ATMP,Final Inspection,FI-02,C,FAIL,ABNORMAL,ABNORMAL,,,,,,,,,,,,,,,,100.978,,10.144,,,,,,,1,marking_quality_score=100.978,True,True,True
2026-01-16 17:36:00,UNIT01394,LOT010,WAFER1394,PKG01394,9,Singulation,ATMP,Package Processing,SG-01,A,FAIL,ABNORMAL,ABNORMAL,,,,,,,,,,,,,,,,,-1.603,,,,,,,,1,singulation_damage_score=-1.603,True,True,True
2026-01-16 17:07:00,UNIT01392,LOT010,WAFER1392,PKG01392,12,ICT,OSAT,Electrical Testing,ICT-02,C,FAIL,ABNORMAL,ABNORMAL,,,,,,,,,,,,,,,,,,,,,9.313,,,,1,ict_current_a=9.313,True,True,True
2026-01-16 16:40:00,UNIT01391,LOT010,WAFER1391,PKG01391,1,Wafer Inspection,ATMP,Wafer Metrology,WI-01,C,FAIL,ABNORMAL,ABNORMAL,806.009,4.523,4.524,43.491,95.068,,,,,,,,,,,,,,,,,,,,1,wafer_thickness_um=806.009,True,True,True
2026-01-16 16:35:00,UNIT01390,LOT010,WAFER1390,PKG01390,12,ICT,OSAT,Electrical Testing,ICT-01,B,FAIL,ABNORMAL,ABNORMAL,,,,,,,,,,,,,,,,,,,,,10.599,,,,1,ict_current_a=10.599,True,True,True
2026-01-16 16:14:00,UNIT01389,LOT010,WAFER1389,PKG01389,7,Encapsulation / Molding,OSAT/ATMP,Packaging,MO-02,C,FAIL,ABNORMAL,ABNORMAL,,,,,,,,,,,,,169.162,108.051,2.425,,,,,,,,,,1,mold_temperature_c=169.162,True,True,True
2026-01-16 15:52:00,UNIT01388,LOT010,WAFER1388,PKG01388,1,Wafer Inspection,ATMP,Wafer Metrology,WI-01,C,FAIL,ABNORMAL,ABNORMAL,709.432,2.643,14.564,-0.274,114.285,,,,,,,,,,,,,,,,,,,,1,warp_um=-0.274,True,True,True
2026-01-16 15:37:00,UNIT01387,LOT010,WAFER1387,PKG01387,2,Wafer Sort,OSAT,Wafer Test,WS-02,B,FAIL,ABNORMAL,ABNORMAL,,,,,,10.646,,,,,,,,,,,,,,,,,,,1,sort_current_a=10.646,True,True,True
2026-01-16 15:34:00,UNIT01386,LOT010,WAFER1386,PKG01386,15,Final Inspection,ATMP,Final Inspection,FI-01,B,FAIL,ABNORMAL,ABNORMAL,,,,,,,,,,,,,,,,98.329,,9.732,,,,,,,1,package_dimension_mm=9.732,True,True,True
2026-01-16 15:16:00,UNIT01385,LOT010,WAFER1385,PKG01385,13,FCT,OSAT,Functional Testing,FCT-01,C,FAIL,ABNORMAL,ABNORMAL,,,,,,,,,,,,,,,,,,,,,,3.044,,,1,fct_voltage_v=3.044,True,True,True
2026-01-16 14:35:00,UNIT01383,LOT010,WAFER1383,PKG01383,4,Wafer Dicing,ATMP,Wafer Processing,WD-02,A,FAIL,ABNORMAL,ABNORMAL,,,,,,,,55.69,,,,,,,,,,,,,,,,,1,kerf_width_um=55.69,True,True,True
2026-01-16 14:31:00,UNIT01382,LOT010,WAFER1382,PKG01382,16,Packing / Dispatch,ATMP,Packaging,PK-02,C,FAIL,ABNORMAL,ABNORMAL,,,,,,,,,,,,,,,,,,,,,,,,11.105,1,packaging_damage_score=11.105,True,True,True
2026-01-16 14:02:00,UNIT01381,LOT010,WAFER1381,PKG01381,3,Back Grinding,ATMP,Wafer Processing,BG-02,B,FAIL,ABNORMAL,ABNORMAL,760.627,,,,,,5.846,,,,,,,,,,,,,,,,,,1,thickness_variation_um=5.846,True,True,True
2026-01-16 13:44:00,UNIT01380,LOT010,WAFER1380,PKG01380,1,Wafer Inspection,ATMP,Wafer Metrology,WI-01,A,FAIL,ABNORMAL,ABNORMAL,718.732,3.169,-4.096,32.597,81.043,,,,,,,,,,,,,,,,,,,,1,bow_um=-4.096,True,True,True
2026-01-16 13:12:00,UNIT01378,LOT010,WAFER1378,PKG01378,1,Wafer Inspection,ATMP,Wafer Metrology,WI-02,C,FAIL,ABNORMAL,ABNORMAL,807.976,-0.165,19.52,0.563,94.094,,,,,,,,,,,,,,,,,,,,2,wafer_thickness_um=807.976; ttv_um=-0.165,True,True,True
2026-01-16 12:56:00,UNIT01377,LOT010,WAFER1377,PKG01377,1,Wafer Inspection,ATMP,Wafer Metrology,WI-02,B,FAIL,ABNORMAL,ABNORMAL,772.542,1.011,34.489,-9.893,92.204,,,,,,,,,,,,,,,,,,,,1,warp_um=-9.893,True,True,True
2026-01-16 12:34:00,UNIT01375,LOT010,WAFER1375,PKG01375,11,Burn-in,OSAT,Testing,BI-01,B,FAIL,ABNORMAL,ABNORMAL,,,,,,,,,,,,,,,,,,,120.905,8.56,,,,,1,burn_in_hours=8.56,True,True,True
2026-01-16 12:19:00,UNIT01374,LOT010,WAFER1374,PKG01374,12,ICT,OSAT,Electrical Testing,ICT-02,C,FAIL,ABNORMAL,ABNORMAL,,,,,,,,,,,,,,,,,,,,,10.532,,,,1,ict_current_a=10.532,True,True,True
2026-01-16 11:55:00,UNIT01373,LOT010,WAFER1373,PKG01373,4,Wafer Dicing,ATMP,Wafer Processing,WD-01,A,FAIL,ABNORMAL,ABNORMAL,,,,,,,,43.273,,,,,,,,,,,,,,,,,1,kerf_width_um=43.273,True,True,True
2026-01-16 11:47:00,UNIT01372,LOT010,WAFER1372,PKG01372,12,ICT,OSAT,Electrical Testing,ICT-02,A,FAIL,ABNORMAL,ABNORMAL,,,,,,,,,,,,,,,,,,,,,9.345,,,,1,ict_current_a=9.345,True,True,True
2026-01-16 11:31:00,UNIT01371,LOT010,WAFER1371,PKG01371,12,ICT,OSAT,Electrical Testing,ICT-02,B,FAIL,ABNORMAL,ABNORMAL,,,,,,,,,,,,,,,,,,,,,10.588,,,,1,ict_current_a=10.588,True,True,True
2026-01-16 10:54:00,UNIT01369,LOT010,WAFER1369,PKG01369,7,Encapsulation / Molding,OSAT/ATMP,Packaging,MO-01,A,FAIL,ABNORMAL,ABNORMAL,,,,,,,,,,,,,185.826,112.218,5.925,,,,,,,,,,1,void_percentage=5.925,True,True,True
2026-01-16 10:17:00,UNIT01367,LOT010,WAFER1367,PKG01367,2,Wafer Sort,OSAT,Wafer Test,WS-01,A,FAIL,ABNORMAL,ABNORMAL,,,,,,10.641,,,,,,,,,,,,,,,,,,,1,sort_current_a=10.641,True,True,True
2026-01-16 10:11:00,UNIT01366,LOT010,WAFER1366,PKG01366,12,ICT,OSAT,Electrical Testing,ICT-01,B,FAIL,ABNORMAL,ABNORMAL,,,,,,,,,,,,,,,,,,,,,10.554,,,,1,ict_current_a=10.554,True,True,True
2026-01-16 09:50:00,UNIT01365,LOT010,WAFER1365,PKG01365,7,Encapsulation / Molding,OSAT/ATMP,Packaging,MO-02,B,FAIL,ABNORMAL,ABNORMAL,,,,,,,,,,,,,182.823,115.96,5.826,,,,,,,,,,1,void_percentage=5.826,True,True,True
2026-01-16 08:24:00,UNIT01360,LOT010,WAFER1360,PKG01360,1,Wafer Inspection,ATMP,Wafer Metrology,WI-02,B,FAIL,ABNORMAL,ABNORMAL,817.642,0.201,46.11,9.815,115.37,,,,,,,,,,,,,,,,,,,,1,wafer_thickness_um=817.642,True,True,True
2026-01-16 08:13:00,UNIT01359,LOT010,WAFER1359,PKG01359,6,Wire Bonding,OSAT/ATMP,Assembly,WB-02,B,FAIL,ABNORMAL,ABNORMAL,,,,,,,,,,,59.523,7.507,,,,,,,,,,,,,1,wire_bond_force_n=59.523,True,True,True
2026-01-16 07:53:00,UNIT01358,LOT010,WAFER1358,PKG01358,2,Wafer Sort,OSAT,Wafer Test,WS-01,B,FAIL,ABNORMAL,ABNORMAL,,,,,,10.632,,,,,,,,,,,,,,,,,,,1,sort_current_a=10.632,True,True,True
2026-01-16 07:40:00,UNIT01357,LOT010,WAFER1357,PKG01357,5,Die Attach,OSAT/ATMP,Assembly,DA-01,C,FAIL,ABNORMAL,ABNORMAL,,,,,,,,,11.837,51.753,,,,,,,,,,,,,,,1,attach_offset_um=51.753,True,True,True
2026-01-16 06:52:00,UNIT01354,LOT010,WAFER1354,PKG01354,5,Die Attach,OSAT/ATMP,Assembly,DA-02,C,FAIL,ABNORMAL,ABNORMAL,,,,,,,,,12.549,30.131,,,,,,,,,,,,,,,1,attach_force_n=12.549,True,True,True
2026-01-16 06:42:00,UNIT01353,LOT010,WAFER1353,PKG01353,11,Burn-in,OSAT,Testing,BI-01,C,FAIL,ABNORMAL,ABNORMAL,,,,,,,,,,,,,,,,,,,127.808,8.175,,,,,1,burn_in_hours=8.175,True,True,True
2026-01-16 06:20:00,UNIT01352,LOT010,WAFER1352,PKG01352,5,Die Attach,OSAT/ATMP,Assembly,DA-02,C,FAIL,ABNORMAL,ABNORMAL,,,,,,,,,11.726,58.216,,,,,,,,,,,,,,,1,attach_offset_um=58.216,True,True,True
2026-01-16 06:03:00,UNIT01351,LOT010,WAFER1351,PKG01351,4,Wafer Dicing,ATMP,Wafer Processing,WD-01,C,FAIL,ABNORMAL,ABNORMAL,,,,,,,,44.154,,,,,,,,,,,,,,,,,1,kerf_width_um=44.154,True,True,True
2026-01-16 05:46:00,UNIT01350,LOT009,WAFER1350,PKG01350,3,Back Grinding,ATMP,Wafer Processing,BG-02,A,FAIL,ABNORMAL,ABNORMAL,731.176,,,,,,5.186,,,,,,,,,,,,,,,,,,1,thickness_variation_um=5.186,True,True,True
2026-01-16 05:28:00,UNIT01349,LOT009,WAFER1349,PKG01349,1,Wafer Inspection,ATMP,Wafer Metrology,WI-01,C,FAIL,ABNORMAL,ABNORMAL,753.37,5.453,1.837,13.022,88.525,,,,,,,,,,,,,,,,,,,,1,ttv_um=5.453,True,True,True
2026-01-16 05:14:00,UNIT01348,LOT009,WAFER1348,PKG01348,3,Back Grinding,ATMP,Wafer Processing,BG-01,A,FAIL,ABNORMAL,ABNORMAL,744.914,,,,,,5.335,,,,,,,,,,,,,,,,,,1,thickness_variation_um=5.335,True,True,True
2026-01-16 05:00:00,UNIT01347,LOT009,WAFER1347,PKG01347,5,Die Attach,OSAT/ATMP,Assembly,DA-02,A,FAIL,ABNORMAL,ABNORMAL,,,,,,,,,12.698,37.61,,,,,,,,,,,,,,,1,attach_force_n=12.698,True,True,True
2026-01-16 04:47:00,UNIT01346,LOT009,WAFER1346,PKG01346,8,Marking,ATMP,Package Marking,MK-02,B,FAIL,ABNORMAL,ABNORMAL,,,,,,,,,,,,,,,,89.488,,,,,,,,,1,marking_quality_score=89.488,True,True,True
2026-01-16 04:25:00,UNIT01345,LOT009,WAFER1345,PKG01345,2,Wafer Sort,OSAT,Wafer Test,WS-01,C,FAIL,ABNORMAL,ABNORMAL,,,,,,9.496,,,,,,,,,,,,,,,,,,,1,sort_current_a=9.496,True,True,True
2026-01-16 04:10:00,UNIT01344,LOT009,WAFER1344,PKG01344,3,Back Grinding,ATMP,Wafer Processing,BG-01,B,FAIL,ABNORMAL,ABNORMAL,794.734,,,,,,-0.155,,,,,,,,,,,,,,,,,,1,thickness_variation_um=-0.155,True,True,True
2026-01-16 03:54:00,UNIT01343,LOT009,WAFER1343,PKG01343,3,Back Grinding,ATMP,Wafer Processing,BG-01,B,FAIL,ABNORMAL,ABNORMAL,690.874,,,,,,1.375,,,,,,,,,,,,,,,,,,1,wafer_thickness_um=690.874,True,True,True
2026-01-16 03:46:00,UNIT01342,LOT009,WAFER1342,PKG01342,11,Burn-in,OSAT,Testing,BI-02,B,FAIL,ABNORMAL,ABNORMAL,,,,,,,,,,,,,,,,,,,121.511,3.494,,,,,1,burn_in_hours=3.494,True,True,True
2026-01-16 03:04:00,UNIT01340,LOT009,WAFER1340,PKG01340,1,Wafer Inspection,ATMP,Wafer Metrology,WI-01,B,FAIL,ABNORMAL,ABNORMAL,738.941,5.029,-0.69,47.456,117.966,,,,,,,,,,,,,,,,,,,,2,ttv_um=5.029; bow_um=-0.69,True,True,True
2026-01-16 02:48:00,UNIT01339,LOT009,WAFER1339,PKG01339,1,Wafer Inspection,ATMP,Wafer Metrology,WI-02,A,FAIL,ABNORMAL,ABNORMAL,747.184,5.499,-1.159,30.196,107.747,,,,,,,,,,,,,,,,,,,,2,ttv_um=5.499; bow_um=-1.159,True,True,True
2026-01-16 02:35:00,UNIT01338,LOT009,WAFER1338,PKG01338,4,Wafer Dicing,ATMP,Wafer Processing,WD-02,B,FAIL,ABNORMAL,ABNORMAL,,,,,,,,43.875,,,,,,,,,,,,,,,,,1,kerf_width_um=43.875,True,True,True
2026-01-16 02:22:00,UNIT01337,LOT009,WAFER1337,PKG01337,7,Encapsulation / Molding,OSAT/ATMP,Packaging,MO-01,A,FAIL,ABNORMAL,ABNORMAL,,,,,,,,,,,,,172.923,98.637,3.228,,,,,,,,,,1,mold_cure_time_s=98.637,True,True,True
2026-01-16 02:01:00,UNIT01336,LOT009,WAFER1336,PKG01336,2,Wafer Sort,OSAT,Wafer Test,WS-01,A,FAIL,ABNORMAL,ABNORMAL,,,,,,9.436,,,,,,,,,,,,,,,,,,,1,sort_current_a=9.436,True,True,True
2026-01-16 01:56:00,UNIT01335,LOT009,WAFER1335,PKG01335,13,FCT,OSAT,Functional Testing,FCT-01,B,FAIL,ABNORMAL,ABNORMAL,,,,,,,,,,,,,,,,,,,,,,3.53,,,1,fct_voltage_v=3.53,True,True,True
2026-01-16 01:26:00,UNIT01333,LOT009,WAFER1333,PKG01333,15,Final Inspection,ATMP,Final Inspection,FI-02,A,FAIL,ABNORMAL,ABNORMAL,,,,,,,,,,,,,,,,88.142,,9.933,,,,,,,1,marking_quality_score=88.142,True,True,True
2026-01-16 00:49:00,UNIT01331,LOT009,WAFER1331,PKG01331,10,Package Inspection,OSAT/ATMP,Package Inspection,PI-02,A,FAIL,ABNORMAL,ABNORMAL,,,,,,,,,,,,,,,,,,9.787,,,,,,,1,package_dimension_mm=9.787,True,True,True
2026-01-16 00:12:00,UNIT01329,LOT009,WAFER1329,PKG01329,5,Die Attach,OSAT/ATMP,Assembly,DA-02,A,FAIL,ABNORMAL,ABNORMAL,,,,,,,,,12.667,8.291,,,,,,,,,,,,,,,1,attach_force_n=12.667,True,True,True
2026-01-15 23:52:00,UNIT01328,LOT009,WAFER1328,PKG01328,1,Wafer Inspection,ATMP,Wafer Metrology,WI-02,A,FAIL,ABNORMAL,ABNORMAL,754.791,4.633,-4.64,25.747,81.681,,,,,,,,,,,,,,,,,,,,1,bow_um=-4.64,True,True,True
2026-01-15 23:20:00,UNIT01326,LOT009,WAFER1326,PKG01326,1,Wafer Inspection,ATMP,Wafer Metrology,WI-01,C,FAIL,ABNORMAL,ABNORMAL,702.281,1.361,-1.38,1.83,97.446,,,,,,,,,,,,,,,,,,,,1,bow_um=-1.38,True,True,True
2026-01-15 23:06:00,UNIT01325,LOT009,WAFER1325,PKG01325,3,Back Grinding,ATMP,Wafer Processing,BG-01,C,FAIL,ABNORMAL,ABNORMAL,704.64,,,,,,5.343,,,,,,,,,,,,,,,,,,1,thickness_variation_um=5.343,True,True,True
2026-01-15 22:53:00,UNIT01324,LOT009,WAFER1324,PKG01324,6,Wire Bonding,OSAT/ATMP,Assembly,WB-02,C,FAIL,ABNORMAL,ABNORMAL,,,,,,,,,,,70.601,6.476,,,,,,,,,,,,,1,wire_bond_force_n=70.601,True,True,True
2026-01-15 22:16:00,UNIT01322,LOT009,WAFER1322,PKG01322,1,Wafer Inspection,ATMP,Wafer Metrology,WI-01,A,FAIL,ABNORMAL,ABNORMAL,755.116,4.848,49.062,14.088,75.531,,,,,,,,,,,,,,,,,,,,1,tape_thickness_um=75.531,True,True,True
2026-01-15 22:03:00,UNIT01321,LOT009,WAFER1321,PKG01321,4,Wafer Dicing,ATMP,Wafer Processing,WD-02,C,FAIL,ABNORMAL,ABNORMAL,,,,,,,,43.067,,,,,,,,,,,,,,,,,1,kerf_width_um=43.067,True,True,True
2026-01-15 21:28:00,UNIT01319,LOT009,WAFER1319,PKG01319,1,Wafer Inspection,ATMP,Wafer Metrology,WI-01,C,FAIL,ABNORMAL,ABNORMAL,753.935,4.273,4.058,42.185,122.346,,,,,,,,,,,,,,,,,,,,1,tape_thickness_um=122.346,True,True,True
2026-01-15 21:18:00,UNIT01318,LOT009,WAFER1318,PKG01318,7,Encapsulation / Molding,OSAT/ATMP,Packaging,MO-01,B,FAIL,ABNORMAL,ABNORMAL,,,,,,,,,,,,,176.519,141.253,3.544,,,,,,,,,,1,mold_cure_time_s=141.253,True,True,True
2026-01-15 20:51:00,UNIT01316,LOT009,WAFER1316,PKG01316,12,ICT,OSAT,Electrical Testing,ICT-02,C,FAIL,ABNORMAL,ABNORMAL,,,,,,,,,,,,,,,,,,,,,9.367,,,,1,ict_current_a=9.367,True,True,True
2026-01-15 20:08:00,UNIT01314,LOT009,WAFER1314,PKG01314,1,Wafer Inspection,ATMP,Wafer Metrology,WI-01,A,FAIL,ABNORMAL,ABNORMAL,681.201,1.957,24.376,7.324,114.708,,,,,,,,,,,,,,,,,,,,1,wafer_thickness_um=681.201,True,True,True
2026-01-15 19:52:00,UNIT01313,LOT009,WAFER1313,PKG01313,1,Wafer Inspection,ATMP,Wafer Metrology,WI-01,A,FAIL,ABNORMAL,ABNORMAL,780.594,2.668,5.273,39.855,127.625,,,,,,,,,,,,,,,,,,,,1,tape_thickness_um=127.625,True,True,True
2026-01-15 19:18:00,UNIT01310,LOT009,WAFER1310,PKG01310,15,Final Inspection,ATMP,Final Inspection,FI-01,A,FAIL,ABNORMAL,ABNORMAL,,,,,,,,,,,,,,,,93.217,,9.784,,,,,,,1,package_dimension_mm=9.784,True,True,True
2026-01-15 18:54:00,UNIT01309,LOT009,WAFER1309,PKG01309,7,Encapsulation / Molding,OSAT/ATMP,Packaging,MO-01,B,FAIL,ABNORMAL,ABNORMAL,,,,,,,,,,,,,179.986,145.615,2.835,,,,,,,,,,1,mold_cure_time_s=145.615,True,True,True
2026-01-15 18:32:00,UNIT01308,LOT009,WAFER1308,PKG01308,1,Wafer Inspection,ATMP,Wafer Metrology,WI-01,A,FAIL,ABNORMAL,ABNORMAL,812.634,2.885,21.078,29.861,117.89,,,,,,,,,,,,,,,,,,,,1,wafer_thickness_um=812.634,True,True,True
2026-01-15 18:03:00,UNIT01306,LOT009,WAFER1306,PKG01306,4,Wafer Dicing,ATMP,Wafer Processing,WD-01,B,FAIL,ABNORMAL,ABNORMAL,,,,,,,,43.587,,,,,,,,,,,,,,,,,1,kerf_width_um=43.587,True,True,True
2026-01-15 17:49:00,UNIT01305,LOT009,WAFER1305,PKG01305,6,Wire Bonding,OSAT/ATMP,Assembly,WB-01,B,FAIL,ABNORMAL,ABNORMAL,,,,,,,,,,,58.458,5.718,,,,,,,,,,,,,1,wire_bond_force_n=58.458,True,True,True
2026-01-15 17:18:00,UNIT01303,LOT009,WAFER1303,PKG01303,7,Encapsulation / Molding,OSAT/ATMP,Packaging,MO-01,C,FAIL,ABNORMAL,ABNORMAL,,,,,,,,,,,,,187.992,97.935,4.861,,,,,,,,,,1,mold_cure_time_s=97.935,True,True,True
2026-01-15 16:40:00,UNIT01301,LOT009,WAFER1301,PKG01301,1,Wafer Inspection,ATMP,Wafer Metrology,WI-02,B,FAIL,ABNORMAL,ABNORMAL,686.438,4.076,27.499,43.45,110.532,,,,,,,,,,,,,,,,,,,,1,wafer_thickness_um=686.438,True,True,True
2026-01-15 16:37:00,UNIT01300,LOT009,WAFER1300,PKG01300,14,EOL,OSAT,Final Testing,EOL-02,A,FAIL,ABNORMAL,ABNORMAL,,,,,,,,,,,,,,,,,,,,,,,102.783,,1,eol_temperature_c=102.783,True,True,True
2026-01-15 16:12:00,UNIT01299,LOT009,WAFER1299,PKG01299,5,Die Attach,OSAT/ATMP,Assembly,DA-01,B,FAIL,ABNORMAL,ABNORMAL,,,,,,,,,9.743,-4.634,,,,,,,,,,,,,,,1,attach_offset_um=-4.634,True,True,True
2026-01-15 15:52:00,UNIT01298,LOT009,WAFER1298,PKG01298,1,Wafer Inspection,ATMP,Wafer Metrology,WI-01,B,FAIL,ABNORMAL,ABNORMAL,805.383,3.771,11.939,36.881,111.897,,,,,,,,,,,,,,,,,,,,1,wafer_thickness_um=805.383,True,True,True
2026-01-15 15:36:00,UNIT01297,LOT009,WAFER1297,PKG01297,1,Wafer Inspection,ATMP,Wafer Metrology,WI-02,B,FAIL,ABNORMAL,ABNORMAL,759.334,4.764,13.105,59.088,118.007,,,,,,,,,,,,,,,,,,,,1,warp_um=59.088,True,True,True
2026-01-15 15:20:00,UNIT01296,LOT009,WAFER1296,PKG01296,1,Wafer Inspection,ATMP,Wafer Metrology,WI-01,A,FAIL,ABNORMAL,ABNORMAL,733.897,5.355,28.981,36.672,82.526,,,,,,,,,,,,,,,,,,,,1,ttv_um=5.355,True,True,True
2026-01-15 14:48:00,UNIT01294,LOT009,WAFER1294,PKG01294,1,Wafer Inspection,ATMP,Wafer Metrology,WI-02,A,FAIL,ABNORMAL,ABNORMAL,757.576,5.851,7.755,0.761,107.609,,,,,,,,,,,,,,,,,,,,1,ttv_um=5.851,True,True,True
2026-01-15 14:32:00,UNIT01293,LOT009,WAFER1293,PKG01293,1,Wafer Inspection,ATMP,Wafer Metrology,WI-01,B,FAIL,ABNORMAL,ABNORMAL,803.457,3.019,26.486,49.123,109.907,,,,,,,,,,,,,,,,,,,,1,wafer_thickness_um=803.457,True,True,True
2026-01-15 14:26:00,UNIT01292,LOT009,WAFER1292,PKG01292,11,Burn-in,OSAT,Testing,BI-02,A,FAIL,ABNORMAL,ABNORMAL,,,,,,,,,,,,,,,,,,,131.53,6.923,,,,,1,burn_in_temperature_c=131.53,True,True,True
2026-01-15 14:12:00,UNIT01291,LOT009,WAFER1291,PKG01291,13,FCT,OSAT,Functional Testing,FCT-02,A,FAIL,ABNORMAL,ABNORMAL,,,,,,,,,,,,,,,,,,,,,,3.575,,,1,fct_voltage_v=3.575,True,True,True
2026-01-15 13:33:00,UNIT01289,LOT009,WAFER1289,PKG01289,6,Wire Bonding,OSAT/ATMP,Assembly,WB-01,B,FAIL,ABNORMAL,ABNORMAL,,,,,,,,,,,61.96,10.996,,,,,,,,,,,,,1,bond_pull_strength_gf=10.996,True,True,True
2026-01-15 12:58:00,UNIT01287,LOT009,WAFER1287,PKG01287,3,Back Grinding,ATMP,Wafer Processing,BG-01,B,FAIL,ABNORMAL,ABNORMAL,787.982,,,,,,5.927,,,,,,,,,,,,,,,,,,1,thickness_variation_um=5.927,True,True,True
2026-01-15 12:27:00,UNIT01285,LOT009,WAFER1285,PKG01285,4,Wafer Dicing,ATMP,Wafer Processing,WD-02,A,FAIL,ABNORMAL,ABNORMAL,,,,,,,,56.057,,,,,,,,,,,,,,,,,1,kerf_width_um=56.057,True,True,True
2026-01-15 12:15:00,UNIT01284,LOT009,WAFER1284,PKG01284,8,Marking,ATMP,Package Marking,MK-01,C,FAIL,ABNORMAL,ABNORMAL,,,,,,,,,,,,,,,,100.106,,,,,,,,,1,marking_quality_score=100.106,True,True,True
2026-01-15 12:03:00,UNIT01283,LOT009,WAFER1283,PKG01283,12,ICT,OSAT,Electrical Testing,ICT-01,A,FAIL,ABNORMAL,ABNORMAL,,,,,,,,,,,,,,,,,,,,,10.566,,,,1,ict_current_a=10.566,True,True,True
2026-01-15 11:28:00,UNIT01281,LOT009,WAFER1281,PKG01281,9,Singulation,ATMP,Package Processing,SG-02,A,FAIL,ABNORMAL,ABNORMAL,,,,,,,,,,,,,,,,,-1.849,,,,,,,,1,singulation_damage_score=-1.849,True,True,True
2026-01-15 11:04:00,UNIT01280,LOT009,WAFER1280,PKG01280,1,Wafer Inspection,ATMP,Wafer Metrology,WI-01,B,FAIL,ABNORMAL,ABNORMAL,804.544,1.221,44.626,26.538,99.339,,,,,,,,,,,,,,,,,,,,1,wafer_thickness_um=804.544,True,True,True
2026-01-15 10:57:00,UNIT01279,LOT009,WAFER1279,PKG01279,10,Package Inspection,OSAT/ATMP,Package Inspection,PI-01,B,FAIL,ABNORMAL,ABNORMAL,,,,,,,,,,,,,,,,,,9.752,,,,,,,1,package_dimension_mm=9.752,True,True,True
2026-01-15 10:32:00,UNIT01278,LOT009,WAFER1278,PKG01278,1,Wafer Inspection,ATMP,Wafer Metrology,WI-01,C,FAIL,ABNORMAL,ABNORMAL,717.276,3.029,14.441,57.97,111.936,,,,,,,,,,,,,,,,,,,,1,warp_um=57.97,True,True,True
2026-01-15 10:00:00,UNIT01276,LOT009,WAFER1276,PKG01276,1,Wafer Inspection,ATMP,Wafer Metrology,WI-02,B,FAIL,ABNORMAL,ABNORMAL,751.53,0.432,36.768,41.661,127.228,,,,,,,,,,,,,,,,,,,,1,tape_thickness_um=127.228,True,True,True
2026-01-15 09:45:00,UNIT01275,LOT009,WAFER1275,PKG01275,2,Wafer Sort,OSAT,Wafer Test,WS-01,A,FAIL,ABNORMAL,ABNORMAL,,,,,,10.65,,,,,,,,,,,,,,,,,,,1,sort_current_a=10.65,True,True,True
2026-01-15 09:12:00,UNIT01273,LOT009,WAFER1273,PKG01273,1,Wafer Inspection,ATMP,Wafer Metrology,WI-01,C,FAIL,ABNORMAL,ABNORMAL,719.561,-0.39,21.006,44.28,110.207,,,,,,,,,,,,,,,,,,,,1,ttv_um=-0.39,True,True,True
2026-01-15 08:40:00,UNIT01271,LOT009,WAFER1271,PKG01271,1,Wafer Inspection,ATMP,Wafer Metrology,WI-02,A,FAIL,ABNORMAL,ABNORMAL,758.975,3.406,56.824,42.263,80.387,,,,,,,,,,,,,,,,,,,,1,bow_um=56.824,True,True,True
2026-01-15 08:16:00,UNIT01269,LOT009,WAFER1269,PKG01269,9,Singulation,ATMP,Package Processing,SG-02,C,FAIL,ABNORMAL,ABNORMAL,,,,,,,,,,,,,,,,,10.559,,,,,,,,1,singulation_damage_score=10.559,True,True,True
2026-01-15 07:54:00,UNIT01268,LOT009,WAFER1268,PKG01268,3,Back Grinding,ATMP,Wafer Processing,BG-01,B,FAIL,ABNORMAL,ABNORMAL,697.701,,,,,,1.996,,,,,,,,,,,,,,,,,,1,wafer_thickness_um=697.701,True,True,True
2026-01-15 07:42:00,UNIT01267,LOT009,WAFER1267,PKG01267,7,Encapsulation / Molding,OSAT/ATMP,Packaging,MO-01,B,FAIL,ABNORMAL,ABNORMAL,,,,,,,,,,,,,170.488,110.05,5.092,,,,,,,,,,1,void_percentage=5.092,True,True,True
2026-01-15 07:20:00,UNIT01266,LOT009,WAFER1266,PKG01266,1,Wafer Inspection,ATMP,Wafer Metrology,WI-02,A,FAIL,ABNORMAL,ABNORMAL,788.483,2.57,29.055,-8.371,88.826,,,,,,,,,,,,,,,,,,,,1,warp_um=-8.371,True,True,True
2026-01-15 06:38:00,UNIT01263,LOT009,WAFER1263,PKG01263,7,Encapsulation / Molding,OSAT/ATMP,Packaging,MO-02,B,FAIL,ABNORMAL,ABNORMAL,,,,,,,,,,,,,193.607,121.826,4.343,,,,,,,,,,1,mold_temperature_c=193.607,True,True,True
2026-01-15 06:20:00,UNIT01262,LOT009,WAFER1262,PKG01262,5,Die Attach,OSAT/ATMP,Assembly,DA-02,B,FAIL,ABNORMAL,ABNORMAL,,,,,,,,,8.255,-2.263,,,,,,,,,,,,,,,1,attach_offset_um=-2.263,True,True,True
2026-01-15 06:01:00,UNIT01261,LOT009,WAFER1261,PKG01261,2,Wafer Sort,OSAT,Wafer Test,WS-02,A,FAIL,ABNORMAL,ABNORMAL,,,,,,9.479,,,,,,,,,,,,,,,,,,,1,sort_current_a=9.479,True,True,True
2026-01-15 05:30:00,UNIT01259,LOT009,WAFER1259,PKG01259,3,Back Grinding,ATMP,Wafer Processing,BG-01,A,FAIL,ABNORMAL,ABNORMAL,702.629,,,,,,5.224,,,,,,,,,,,,,,,,,,1,thickness_variation_um=5.224,True,True,True
2026-01-15 05:20:00,UNIT01258,LOT009,WAFER1258,PKG01258,9,Singulation,ATMP,Package Processing,SG-02,B,FAIL,ABNORMAL,ABNORMAL,,,,,,,,,,,,,,,,,10.011,,,,,,,,1,singulation_damage_score=10.011,True,True,True
2026-01-15 04:58:00,UNIT01257,LOT009,WAFER1257,PKG01257,3,Back Grinding,ATMP,Wafer Processing,BG-02,C,FAIL,ABNORMAL,ABNORMAL,758.057,,,,,,-0.671,,,,,,,,,,,,,,,,,,1,thickness_variation_um=-0.671,True,True,True
2026-01-15 03:52:00,UNIT01253,LOT009,WAFER1253,PKG01253,1,Wafer Inspection,ATMP,Wafer Metrology,WI-01,B,FAIL,ABNORMAL,ABNORMAL,776.22,5.953,49.274,21.098,118.015,,,,,,,,,,,,,,,,,,,,1,ttv_um=5.953,True,True,True
2026-01-15 03:26:00,UNIT01251,LOT009,WAFER1251,PKG01251,7,Encapsulation / Molding,OSAT/ATMP,Packaging,MO-01,C,FAIL,ABNORMAL,ABNORMAL,,,,,,,,,,,,,177.425,120.89,5.053,,,,,,,,,,1,void_percentage=5.053,True,True,True
2026-01-15 02:53:00,UNIT01249,LOT009,WAFER1249,PKG01249,6,Wire Bonding,OSAT/ATMP,Assembly,WB-01,C,FAIL,ABNORMAL,ABNORMAL,,,,,,,,,,,66.264,4.305,,,,,,,,,,,,,1,bond_pull_strength_gf=4.305,True,True,True
2026-01-15 02:30:00,UNIT01247,LOT009,WAFER1247,PKG01247,15,Final Inspection,ATMP,Final Inspection,FI-02,B,FAIL,ABNORMAL,ABNORMAL,,,,,,,,,,,,,,,,92.224,,10.246,,,,,,,1,package_dimension_mm=10.246,True,True,True
2026-01-15 02:05:00,UNIT01246,LOT009,WAFER1246,PKG01246,6,Wire Bonding,OSAT/ATMP,Assembly,WB-02,B,FAIL,ABNORMAL,ABNORMAL,,,,,,,,,,,61.887,10.411,,,,,,,,,,,,,1,bond_pull_strength_gf=10.411,True,True,True
2026-01-15 01:44:00,UNIT01245,LOT009,WAFER1245,PKG01245,1,Wafer Inspection,ATMP,Wafer Metrology,WI-02,B,FAIL,ABNORMAL,ABNORMAL,700.437,-0.03,47.175,24.183,119.802,,,,,,,,,,,,,,,,,,,,1,ttv_um=-0.03,True,True,True
2026-01-15 01:43:00,UNIT01244,LOT009,WAFER1244,PKG01244,16,Packing / Dispatch,ATMP,Packaging,PK-01,C,FAIL,ABNORMAL,ABNORMAL,,,,,,,,,,,,,,,,,,,,,,,,10.297,1,packaging_damage_score=10.297,True,True,True
2026-01-15 01:27:00,UNIT01243,LOT009,WAFER1243,PKG01243,16,Packing / Dispatch,ATMP,Packaging,PK-02,A,FAIL,ABNORMAL,ABNORMAL,,,,,,,,,,,,,,,,,,,,,,,,11.869,1,packaging_damage_score=11.869,True,True,True
2026-01-15 00:46:00,UNIT01241,LOT009,WAFER1241,PKG01241,7,Encapsulation / Molding,OSAT/ATMP,Packaging,MO-02,B,FAIL,ABNORMAL,ABNORMAL,,,,,,,,,,,,,166.848,121.455,2.408,,,,,,,,,,1,mold_temperature_c=166.848,True,True,True
2026-01-15 00:25:00,UNIT01240,LOT009,WAFER1240,PKG01240,2,Wafer Sort,OSAT,Wafer Test,WS-02,A,FAIL,ABNORMAL,ABNORMAL,,,,,,9.438,,,,,,,,,,,,,,,,,,,1,sort_current_a=9.438,True,True,True
2026-01-15 00:19:00,UNIT01239,LOT009,WAFER1239,PKG01239,12,ICT,OSAT,Electrical Testing,ICT-01,A,FAIL,ABNORMAL,ABNORMAL,,,,,,,,,,,,,,,,,,,,,10.644,,,,1,ict_current_a=10.644,True,True,True
2026-01-14 23:52:00,UNIT01238,LOT009,WAFER1238,PKG01238,1,Wafer Inspection,ATMP,Wafer Metrology,WI-02,C,FAIL,ABNORMAL,ABNORMAL,706.8,3.413,2.332,-7.495,94.15,,,,,,,,,,,,,,,,,,,,1,warp_um=-7.495,True,True,True
2026-01-14 23:38:00,UNIT01237,LOT009,WAFER1237,PKG01237,3,Back Grinding,ATMP,Wafer Processing,BG-02,B,FAIL,ABNORMAL,ABNORMAL,819.894,,,,,,2.286,,,,,,,,,,,,,,,,,,1,wafer_thickness_um=819.894,True,True,True
2026-01-14 23:35:00,UNIT01236,LOT009,WAFER1236,PKG01236,16,Packing / Dispatch,ATMP,Packaging,PK-02,C,FAIL,ABNORMAL,ABNORMAL,,,,,,,,,,,,,,,,,,,,,,,,12.0,1,packaging_damage_score=12.0,True,True,True
2026-01-14 23:14:00,UNIT01235,LOT009,WAFER1235,PKG01235,11,Burn-in,OSAT,Testing,BI-01,A,FAIL,ABNORMAL,ABNORMAL,,,,,,,,,,,,,,,,,,,128.367,8.573,,,,,1,burn_in_hours=8.573,True,True,True
2026-01-14 22:50:00,UNIT01234,LOT009,WAFER1234,PKG01234,3,Back Grinding,ATMP,Wafer Processing,BG-01,C,FAIL,ABNORMAL,ABNORMAL,802.994,,,,,,3.729,,,,,,,,,,,,,,,,,,1,wafer_thickness_um=802.994,True,True,True
2026-01-14 22:32:00,UNIT01233,LOT009,WAFER1233,PKG01233,1,Wafer Inspection,ATMP,Wafer Metrology,WI-01,C,FAIL,ABNORMAL,ABNORMAL,682.779,2.257,19.244,39.137,86.425,,,,,,,,,,,,,,,,,,,,1,wafer_thickness_um=682.779,True,True,True
2026-01-14 22:23:00,UNIT01232,LOT009,WAFER1232,PKG01232,8,Marking,ATMP,Package Marking,MK-01,A,FAIL,ABNORMAL,ABNORMAL,,,,,,,,,,,,,,,,100.115,,,,,,,,,1,marking_quality_score=100.115,True,True,True
2026-01-14 22:10:00,UNIT01231,LOT009,WAFER1231,PKG01231,11,Burn-in,OSAT,Testing,BI-01,C,FAIL,ABNORMAL,ABNORMAL,,,,,,,,,,,,,,,,,,,119.76,6.166,,,,,1,burn_in_temperature_c=119.76,True,True,True
2026-01-14 21:50:00,UNIT01230,LOT009,WAFER1230,PKG01230,7,Encapsulation / Molding,OSAT/ATMP,Packaging,MO-01,C,FAIL,ABNORMAL,ABNORMAL,,,,,,,,,,,,,189.194,110.09,-0.929,,,,,,,,,,1,void_percentage=-0.929,True,True,True
2026-01-14 21:40:00,UNIT01229,LOT009,WAFER1229,PKG01229,13,FCT,OSAT,Functional Testing,FCT-01,B,FAIL,ABNORMAL,ABNORMAL,,,,,,,,,,,,,,,,,,,,,,3.091,,,1,fct_voltage_v=3.091,True,True,True
2026-01-14 21:17:00,UNIT01228,LOT009,WAFER1228,PKG01228,6,Wire Bonding,OSAT/ATMP,Assembly,WB-02,C,FAIL,ABNORMAL,ABNORMAL,,,,,,,,,,,65.717,4.312,,,,,,,,,,,,,1,bond_pull_strength_gf=4.312,True,True,True
2026-01-14 21:03:00,UNIT01227,LOT009,WAFER1227,PKG01227,8,Marking,ATMP,Package Marking,MK-01,B,FAIL,ABNORMAL,ABNORMAL,,,,,,,,,,,,,,,,100.484,,,,,,,,,1,marking_quality_score=100.484,True,True,True
2026-01-14 20:54:00,UNIT01226,LOT009,WAFER1226,PKG01226,15,Final Inspection,ATMP,Final Inspection,FI-02,A,FAIL,ABNORMAL,ABNORMAL,,,,,,,,,,,,,,,,89.99,,9.81,,,,,,,1,marking_quality_score=89.99,True,True,True
2026-01-14 20:28:00,UNIT01225,LOT009,WAFER1225,PKG01225,5,Die Attach,OSAT/ATMP,Assembly,DA-02,C,FAIL,ABNORMAL,ABNORMAL,,,,,,,,,7.213,12.566,,,,,,,,,,,,,,,1,attach_force_n=7.213,True,True,True
2026-01-14 19:57:00,UNIT01223,LOT009,WAFER1223,PKG01223,6,Wire Bonding,OSAT/ATMP,Assembly,WB-02,C,FAIL,ABNORMAL,ABNORMAL,,,,,,,,,,,59.596,5.882,,,,,,,,,,,,,1,wire_bond_force_n=59.596,True,True,True
2026-01-14 19:36:00,UNIT01222,LOT009,WAFER1222,PKG01222,1,Wafer Inspection,ATMP,Wafer Metrology,WI-01,A,FAIL,ABNORMAL,ABNORMAL,690.568,0.614,27.005,30.56,119.908,,,,,,,,,,,,,,,,,,,,1,wafer_thickness_um=690.568,True,True,True
2026-01-14 19:30:00,UNIT01221,LOT009,WAFER1221,PKG01221,11,Burn-in,OSAT,Testing,BI-02,B,FAIL,ABNORMAL,ABNORMAL,,,,,,,,,,,,,,,,,,,129.434,8.321,,,,,1,burn_in_hours=8.321,True,True,True
2026-01-14 19:01:00,UNIT01219,LOT009,WAFER1219,PKG01219,14,EOL,OSAT,Final Testing,EOL-02,B,FAIL,ABNORMAL,ABNORMAL,,,,,,,,,,,,,,,,,,,,,,,79.097,,1,eol_temperature_c=79.097,True,True,True
2026-01-14 18:36:00,UNIT01218,LOT009,WAFER1218,PKG01218,5,Die Attach,OSAT/ATMP,Assembly,DA-02,B,FAIL,ABNORMAL,ABNORMAL,,,,,,,,,7.351,7.88,,,,,,,,,,,,,,,1,attach_force_n=7.351,True,True,True
2026-01-14 18:31:00,UNIT01217,LOT009,WAFER1217,PKG01217,16,Packing / Dispatch,ATMP,Packaging,PK-01,A,FAIL,ABNORMAL,ABNORMAL,,,,,,,,,,,,,,,,,,,,,,,,10.63,1,packaging_damage_score=10.63,True,True,True
2026-01-14 18:08:00,UNIT01216,LOT009,WAFER1216,PKG01216,9,Singulation,ATMP,Package Processing,SG-02,C,FAIL,ABNORMAL,ABNORMAL,,,,,,,,,,,,,,,,,11.013,,,,,,,,1,singulation_damage_score=11.013,True,True,True
2026-01-14 17:48:00,UNIT01215,LOT009,WAFER1215,PKG01215,5,Die Attach,OSAT/ATMP,Assembly,DA-02,A,FAIL,ABNORMAL,ABNORMAL,,,,,,,,,12.265,-2.874,,,,,,,,,,,,,,,2,attach_force_n=12.265; attach_offset_um=-2.874,True,True,True
2026-01-14 17:30:00,UNIT01214,LOT009,WAFER1214,PKG01214,3,Back Grinding,ATMP,Wafer Processing,BG-02,A,FAIL,ABNORMAL,ABNORMAL,809.215,,,,,,4.777,,,,,,,,,,,,,,,,,,1,wafer_thickness_um=809.215,True,True,True
2026-01-14 17:12:00,UNIT01213,LOT009,WAFER1213,PKG01213,1,Wafer Inspection,ATMP,Wafer Metrology,WI-02,B,FAIL,ABNORMAL,ABNORMAL,746.198,4.504,59.065,41.096,95.012,,,,,,,,,,,,,,,,,,,,1,bow_um=59.065,True,True,True
2026-01-14 16:58:00,UNIT01212,LOT009,WAFER1212,PKG01212,3,Back Grinding,ATMP,Wafer Processing,BG-01,B,FAIL,ABNORMAL,ABNORMAL,808.216,,,,,,2.729,,,,,,,,,,,,,,,,,,1,wafer_thickness_um=808.216,True,True,True
2026-01-14 16:50:00,UNIT01211,LOT009,WAFER1211,PKG01211,11,Burn-in,OSAT,Testing,BI-02,A,FAIL,ABNORMAL,ABNORMAL,,,,,,,,,,,,,,,,,,,123.727,3.787,,,,,1,burn_in_hours=3.787,True,True,True
2026-01-14 16:30:00,UNIT01210,LOT009,WAFER1210,PKG01210,7,Encapsulation / Molding,OSAT/ATMP,Packaging,MO-01,A,FAIL,ABNORMAL,ABNORMAL,,,,,,,,,,,,,181.518,95.175,4.953,,,,,,,,,,1,mold_cure_time_s=95.175,True,True,True
2026-01-14 15:53:00,UNIT01208,LOT009,WAFER1208,PKG01208,2,Wafer Sort,OSAT,Wafer Test,WS-01,B,FAIL,ABNORMAL,ABNORMAL,,,,,,10.591,,,,,,,,,,,,,,,,,,,1,sort_current_a=10.591,True,True,True
2026-01-14 15:43:00,UNIT01207,LOT009,WAFER1207,PKG01207,8,Marking,ATMP,Package Marking,MK-01,A,FAIL,ABNORMAL,ABNORMAL,,,,,,,,,,,,,,,,88.002,,,,,,,,,1,marking_quality_score=88.002,True,True,True
2026-01-14 15:21:00,UNIT01206,LOT009,WAFER1206,PKG01206,2,Wafer Sort,OSAT,Wafer Test,WS-02,B,FAIL,ABNORMAL,ABNORMAL,,,,,,9.482,,,,,,,,,,,,,,,,,,,1,sort_current_a=9.482,True,True,True
2026-01-14 15:05:00,UNIT01205,LOT009,WAFER1205,PKG01205,2,Wafer Sort,OSAT,Wafer Test,WS-02,A,FAIL,ABNORMAL,ABNORMAL,,,,,,9.424,,,,,,,,,,,,,,,,,,,1,sort_current_a=9.424,True,True,True
2026-01-14 14:39:00,UNIT01203,LOT009,WAFER1203,PKG01203,8,Marking,ATMP,Package Marking,MK-02,A,FAIL,ABNORMAL,ABNORMAL,,,,,,,,,,,,,,,,89.662,,,,,,,,,1,marking_quality_score=89.662,True,True,True
2026-01-14 14:16:00,UNIT01202,LOT009,WAFER1202,PKG01202,1,Wafer Inspection,ATMP,Wafer Metrology,WI-02,A,FAIL,ABNORMAL,ABNORMAL,762.776,0.723,55.039,7.787,85.123,,,,,,,,,,,,,,,,,,,,1,bow_um=55.039,True,True,True
2026-01-14 13:48:00,UNIT01200,LOT008,WAFER1200,PKG01200,5,Die Attach,OSAT/ATMP,Assembly,DA-02,A,FAIL,ABNORMAL,ABNORMAL,,,,,,,,,12.478,8.591,,,,,,,,,,,,,,,1,attach_force_n=12.478,True,True,True
2026-01-14 13:12:00,UNIT01198,LOT008,WAFER1198,PKG01198,1,Wafer Inspection,ATMP,Wafer Metrology,WI-02,A,FAIL,ABNORMAL,ABNORMAL,755.197,5.047,48.714,41.432,85.264,,,,,,,,,,,,,,,,,,,,1,ttv_um=5.047,True,True,True
2026-01-14 12:58:00,UNIT01197,LOT008,WAFER1197,PKG01197,3,Back Grinding,ATMP,Wafer Processing,BG-01,C,FAIL,ABNORMAL,ABNORMAL,689.511,,,,,,4.283,,,,,,,,,,,,,,,,,,1,wafer_thickness_um=689.511,True,True,True
2026-01-14 12:40:00,UNIT01196,LOT008,WAFER1196,PKG01196,1,Wafer Inspection,ATMP,Wafer Metrology,WI-01,B,FAIL,ABNORMAL,ABNORMAL,692.582,3.911,34.252,33.577,85.962,,,,,,,,,,,,,,,,,,,,1,wafer_thickness_um=692.582,True,True,True
2026-01-14 12:26:00,UNIT01195,LOT008,WAFER1195,PKG01195,3,Back Grinding,ATMP,Wafer Processing,BG-02,A,FAIL,ABNORMAL,ABNORMAL,715.537,,,,,,5.414,,,,,,,,,,,,,,,,,,1,thickness_variation_um=5.414,True,True,True
2026-01-14 12:12:00,UNIT01194,LOT008,WAFER1194,PKG01194,5,Die Attach,OSAT/ATMP,Assembly,DA-02,C,FAIL,ABNORMAL,ABNORMAL,,,,,,,,,12.064,46.972,,,,,,,,,,,,,,,1,attach_force_n=12.064,True,True,True
2026-01-14 11:52:00,UNIT01193,LOT008,WAFER1193,PKG01193,1,Wafer Inspection,ATMP,Wafer Metrology,WI-01,C,FAIL,ABNORMAL,ABNORMAL,711.989,-0.788,8.609,-9.328,106.853,,,,,,,,,,,,,,,,,,,,2,ttv_um=-0.788; warp_um=-9.328,True,True,True
2026-01-14 11:49:00,UNIT01192,LOT008,WAFER1192,PKG01192,14,EOL,OSAT,Final Testing,EOL-01,C,FAIL,ABNORMAL,ABNORMAL,,,,,,,,,,,,,,,,,,,,,,,78.243,,1,eol_temperature_c=78.243,True,True,True
2026-01-14 11:26:00,UNIT01191,LOT008,WAFER1191,PKG01191,7,Encapsulation / Molding,OSAT/ATMP,Packaging,MO-01,A,FAIL,ABNORMAL,ABNORMAL,,,,,,,,,,,,,183.427,98.654,5.853,,,,,,,,,,2,mold_cure_time_s=98.654; void_percentage=5.853,True,True,True
2026-01-14 10:48:00,UNIT01189,LOT008,WAFER1189,PKG01189,1,Wafer Inspection,ATMP,Wafer Metrology,WI-02,A,FAIL,ABNORMAL,ABNORMAL,727.638,1.886,56.602,16.497,115.086,,,,,,,,,,,,,,,,,,,,1,bow_um=56.602,True,True,True
2026-01-14 10:32:00,UNIT01188,LOT008,WAFER1188,PKG01188,1,Wafer Inspection,ATMP,Wafer Metrology,WI-02,B,FAIL,ABNORMAL,ABNORMAL,792.474,0.894,50.823,44.077,116.611,,,,,,,,,,,,,,,,,,,,1,bow_um=50.823,True,True,True
2026-01-14 10:24:00,UNIT01187,LOT008,WAFER1187,PKG01187,9,Singulation,ATMP,Package Processing,SG-02,B,FAIL,ABNORMAL,ABNORMAL,,,,,,,,,,,,,,,,,-0.613,,,,,,,,1,singulation_damage_score=-0.613,True,True,True
2026-01-14 10:02:00,UNIT01186,LOT008,WAFER1186,PKG01186,3,Back Grinding,ATMP,Wafer Processing,BG-02,A,FAIL,ABNORMAL,ABNORMAL,789.713,,,,,,-0.567,,,,,,,,,,,,,,,,,,1,thickness_variation_um=-0.567,True,True,True
2026-01-14 09:57:00,UNIT01185,LOT008,WAFER1185,PKG01185,14,EOL,OSAT,Final Testing,EOL-01,C,FAIL,ABNORMAL,ABNORMAL,,,,,,,,,,,,,,,,,,,,,,,76.212,,1,eol_temperature_c=76.212,True,True,True
2026-01-14 09:32:00,UNIT01184,LOT008,WAFER1184,PKG01184,5,Die Attach,OSAT/ATMP,Assembly,DA-01,A,FAIL,ABNORMAL,ABNORMAL,,,,,,,,,11.262,-1.281,,,,,,,,,,,,,,,1,attach_offset_um=-1.281,True,True,True
2026-01-14 08:56:00,UNIT01182,LOT008,WAFER1182,PKG01182,1,Wafer Inspection,ATMP,Wafer Metrology,WI-01,C,FAIL,ABNORMAL,ABNORMAL,705.651,3.388,53.282,23.389,107.269,,,,,,,,,,,,,,,,,,,,1,bow_um=53.282,True,True,True
2026-01-14 08:42:00,UNIT01181,LOT008,WAFER1181,PKG01181,3,Back Grinding,ATMP,Wafer Processing,BG-01,B,FAIL,ABNORMAL,ABNORMAL,812.15,,,,,,1.902,,,,,,,,,,,,,,,,,,1,wafer_thickness_um=812.15,True,True,True
2026-01-14 08:24:00,UNIT01180,LOT008,WAFER1180,PKG01180,1,Wafer Inspection,ATMP,Wafer Metrology,WI-01,C,FAIL,ABNORMAL,ABNORMAL,815.024,1.013,33.376,32.487,116.048,,,,,,,,,,,,,,,,,,,,1,wafer_thickness_um=815.024,True,True,True
2026-01-14 08:12:00,UNIT01179,LOT008,WAFER1179,PKG01179,5,Die Attach,OSAT/ATMP,Assembly,DA-01,A,FAIL,ABNORMAL,ABNORMAL,,,,,,,,,12.798,29.259,,,,,,,,,,,,,,,1,attach_force_n=12.798,True,True,True
2026-01-14 07:38:00,UNIT01177,LOT008,WAFER1177,PKG01177,3,Back Grinding,ATMP,Wafer Processing,BG-02,C,FAIL,ABNORMAL,ABNORMAL,788.693,,,,,,5.453,,,,,,,,,,,,,,,,,,1,thickness_variation_um=5.453,True,True,True
2026-01-14 07:20:00,UNIT01176,LOT008,WAFER1176,PKG01176,1,Wafer Inspection,ATMP,Wafer Metrology,WI-02,C,FAIL,ABNORMAL,ABNORMAL,804.161,4.381,26.289,44.465,93.193,,,,,,,,,,,,,,,,,,,,1,wafer_thickness_um=804.161,True,True,True
2026-01-14 07:04:00,UNIT01175,LOT008,WAFER1175,PKG01175,1,Wafer Inspection,ATMP,Wafer Metrology,WI-01,B,FAIL,ABNORMAL,ABNORMAL,717.896,-0.336,49.538,41.173,109.83,,,,,,,,,,,,,,,,,,,,1,ttv_um=-0.336,True,True,True
2026-01-14 06:18:00,UNIT01172,LOT008,WAFER1172,PKG01172,3,Back Grinding,ATMP,Wafer Processing,BG-02,C,FAIL,ABNORMAL,ABNORMAL,687.366,,,,,,4.425,,,,,,,,,,,,,,,,,,1,wafer_thickness_um=687.366,True,True,True
2026-01-14 06:00:00,UNIT01171,LOT008,WAFER1171,PKG01171,1,Wafer Inspection,ATMP,Wafer Metrology,WI-01,A,FAIL,ABNORMAL,ABNORMAL,761.802,-0.425,19.712,15.334,96.28,,,,,,,,,,,,,,,,,,,,1,ttv_um=-0.425,True,True,True
2026-01-14 05:28:00,UNIT01169,LOT008,WAFER1169,PKG01169,1,Wafer Inspection,ATMP,Wafer Metrology,WI-02,B,FAIL,ABNORMAL,ABNORMAL,716.86,0.093,30.491,59.208,84.255,,,,,,,,,,,,,,,,,,,,1,warp_um=59.208,True,True,True
2026-01-14 05:16:00,UNIT01168,LOT008,WAFER1168,PKG01168,5,Die Attach,OSAT/ATMP,Assembly,DA-02,A,FAIL,ABNORMAL,ABNORMAL,,,,,,,,,7.663,23.147,,,,,,,,,,,,,,,1,attach_force_n=7.663,True,True,True
2026-01-14 04:56:00,UNIT01167,LOT008,WAFER1167,PKG01167,1,Wafer Inspection,ATMP,Wafer Metrology,WI-02,A,FAIL,ABNORMAL,ABNORMAL,714.841,3.399,5.245,43.606,124.133,,,,,,,,,,,,,,,,,,,,1,tape_thickness_um=124.133,True,True,True
2026-01-14 04:40:00,UNIT01166,LOT008,WAFER1166,PKG01166,1,Wafer Inspection,ATMP,Wafer Metrology,WI-02,C,FAIL,ABNORMAL,ABNORMAL,776.891,1.771,-3.057,47.064,105.027,,,,,,,,,,,,,,,,,,,,1,bow_um=-3.057,True,True,True
2026-01-14 04:38:00,UNIT01165,LOT008,WAFER1165,PKG01165,15,Final Inspection,ATMP,Final Inspection,FI-02,C,FAIL,ABNORMAL,ABNORMAL,,,,,,,,,,,,,,,,101.053,,10.112,,,,,,,1,marking_quality_score=101.053,True,True,True
2026-01-14 04:08:00,UNIT01164,LOT008,WAFER1164,PKG01164,1,Wafer Inspection,ATMP,Wafer Metrology,WI-02,C,FAIL,ABNORMAL,ABNORMAL,740.674,5.548,47.129,8.321,91.695,,,,,,,,,,,,,,,,,,,,1,ttv_um=5.548,True,True,True
2026-01-14 03:52:00,UNIT01163,LOT008,WAFER1163,PKG01163,1,Wafer Inspection,ATMP,Wafer Metrology,WI-01,B,FAIL,ABNORMAL,ABNORMAL,689.265,0.45,49.828,27.577,108.019,,,,,,,,,,,,,,,,,,,,1,wafer_thickness_um=689.265,True,True,True
2026-01-14 03:50:00,UNIT01162,LOT008,WAFER1162,PKG01162,15,Final Inspection,ATMP,Final Inspection,FI-01,C,FAIL,ABNORMAL,ABNORMAL,,,,,,,,,,,,,,,,101.984,,10.045,,,,,,,1,marking_quality_score=101.984,True,True,True
2026-01-14 03:35:00,UNIT01161,LOT008,WAFER1161,PKG01161,16,Packing / Dispatch,ATMP,Packaging,PK-02,A,FAIL,ABNORMAL,ABNORMAL,,,,,,,,,,,,,,,,,,,,,,,,-1.564,1,packaging_damage_score=-1.564,True,True,True
2026-01-14 03:14:00,UNIT01160,LOT008,WAFER1160,PKG01160,11,Burn-in,OSAT,Testing,BI-02,B,FAIL,ABNORMAL,ABNORMAL,,,,,,,,,,,,,,,,,,,130.637,7.09,,,,,1,burn_in_temperature_c=130.637,True,True,True
2026-01-14 02:56:00,UNIT01159,LOT008,WAFER1159,PKG01159,9,Singulation,ATMP,Package Processing,SG-01,B,FAIL,ABNORMAL,ABNORMAL,,,,,,,,,,,,,,,,,10.709,,,,,,,,1,singulation_damage_score=10.709,True,True,True
2026-01-14 02:32:00,UNIT01158,LOT008,WAFER1158,PKG01158,1,Wafer Inspection,ATMP,Wafer Metrology,WI-01,C,FAIL,ABNORMAL,ABNORMAL,772.487,3.06,5.989,-8.367,105.629,,,,,,,,,,,,,,,,,,,,1,warp_um=-8.367,True,True,True
2026-01-14 02:28:00,UNIT01157,LOT008,WAFER1157,PKG01157,13,FCT,OSAT,Functional Testing,FCT-01,A,FAIL,ABNORMAL,ABNORMAL,,,,,,,,,,,,,,,,,,,,,,3.526,,,1,fct_voltage_v=3.526,True,True,True
2026-01-14 02:04:00,UNIT01156,LOT008,WAFER1156,PKG01156,5,Die Attach,OSAT/ATMP,Assembly,DA-02,B,FAIL,ABNORMAL,ABNORMAL,,,,,,,,,10.396,51.804,,,,,,,,,,,,,,,1,attach_offset_um=51.804,True,True,True
2026-01-14 01:49:00,UNIT01155,LOT008,WAFER1155,PKG01155,6,Wire Bonding,OSAT/ATMP,Assembly,WB-01,C,FAIL,ABNORMAL,ABNORMAL,,,,,,,,,,,59.801,6.535,,,,,,,,,,,,,1,wire_bond_force_n=59.801,True,True,True
2026-01-14 01:13:00,UNIT01153,LOT008,WAFER1153,PKG01153,2,Wafer Sort,OSAT,Wafer Test,WS-02,A,FAIL,ABNORMAL,ABNORMAL,,,,,,10.655,,,,,,,,,,,,,,,,,,,1,sort_current_a=10.655,True,True,True
2026-01-14 00:41:00,UNIT01151,LOT008,WAFER1151,PKG01151,2,Wafer Sort,OSAT,Wafer Test,WS-02,C,FAIL,ABNORMAL,ABNORMAL,,,,,,9.37,,,,,,,,,,,,,,,,,,,1,sort_current_a=9.37,True,True,True
2026-01-14 00:26:00,UNIT01150,LOT008,WAFER1150,PKG01150,3,Back Grinding,ATMP,Wafer Processing,BG-02,B,FAIL,ABNORMAL,ABNORMAL,752.264,,,,,,-0.655,,,,,,,,,,,,,,,,,,1,thickness_variation_um=-0.655,True,True,True
2026-01-14 00:12:00,UNIT01149,LOT008,WAFER1149,PKG01149,5,Die Attach,OSAT/ATMP,Assembly,DA-02,B,FAIL,ABNORMAL,ABNORMAL,,,,,,,,,10.558,-5.443,,,,,,,,,,,,,,,1,attach_offset_um=-5.443,True,True,True
2026-01-14 00:00:00,UNIT01148,LOT008,WAFER1148,PKG01148,9,Singulation,ATMP,Package Processing,SG-02,A,FAIL,ABNORMAL,ABNORMAL,,,,,,,,,,,,,,,,,-0.021,,,,,,,,1,singulation_damage_score=-0.021,True,True,True
2026-01-13 23:41:00,UNIT01147,LOT008,WAFER1147,PKG01147,6,Wire Bonding,OSAT/ATMP,Assembly,WB-01,A,FAIL,ABNORMAL,ABNORMAL,,,,,,,,,,,70.037,6.958,,,,,,,,,,,,,1,wire_bond_force_n=70.037,True,True,True
2026-01-13 23:20:00,UNIT01146,LOT008,WAFER1146,PKG01146,1,Wafer Inspection,ATMP,Wafer Metrology,WI-02,C,FAIL,ABNORMAL,ABNORMAL,736.241,5.641,13.561,39.742,89.173,,,,,,,,,,,,,,,,,,,,1,ttv_um=5.641,True,True,True
2026-01-13 23:06:00,UNIT01145,LOT008,WAFER1145,PKG01145,3,Back Grinding,ATMP,Wafer Processing,BG-01,C,FAIL,ABNORMAL,ABNORMAL,765.232,,,,,,5.559,,,,,,,,,,,,,,,,,,1,thickness_variation_um=5.559,True,True,True
2026-01-13 22:53:00,UNIT01144,LOT008,WAFER1144,PKG01144,6,Wire Bonding,OSAT/ATMP,Assembly,WB-01,A,FAIL,ABNORMAL,ABNORMAL,,,,,,,,,,,60.672,10.731,,,,,,,,,,,,,1,bond_pull_strength_gf=10.731,True,True,True
2026-01-13 22:32:00,UNIT01143,LOT008,WAFER1143,PKG01143,1,Wafer Inspection,ATMP,Wafer Metrology,WI-01,C,FAIL,ABNORMAL,ABNORMAL,755.349,-0.912,36.475,30.102,106.459,,,,,,,,,,,,,,,,,,,,1,ttv_um=-0.912,True,True,True
2026-01-13 22:16:00,UNIT01142,LOT008,WAFER1142,PKG01142,1,Wafer Inspection,ATMP,Wafer Metrology,WI-02,C,FAIL,ABNORMAL,ABNORMAL,715.396,3.454,-0.398,32.048,104.683,,,,,,,,,,,,,,,,,,,,1,bow_um=-0.398,True,True,True
2026-01-13 22:00:00,UNIT01141,LOT008,WAFER1141,PKG01141,1,Wafer Inspection,ATMP,Wafer Metrology,WI-01,C,FAIL,ABNORMAL,ABNORMAL,739.341,3.67,46.064,-7.483,94.209,,,,,,,,,,,,,,,,,,,,1,warp_um=-7.483,True,True,True
2026-01-13 21:49:00,UNIT01140,LOT008,WAFER1140,PKG01140,6,Wire Bonding,OSAT/ATMP,Assembly,WB-02,C,FAIL,ABNORMAL,ABNORMAL,,,,,,,,,,,64.117,4.108,,,,,,,,,,,,,1,bond_pull_strength_gf=4.108,True,True,True
2026-01-13 21:39:00,UNIT01139,LOT008,WAFER1139,PKG01139,12,ICT,OSAT,Electrical Testing,ICT-02,A,FAIL,ABNORMAL,ABNORMAL,,,,,,,,,,,,,,,,,,,,,9.49,,,,1,ict_current_a=9.49,True,True,True
2026-01-13 20:35:00,UNIT01135,LOT008,WAFER1135,PKG01135,12,ICT,OSAT,Electrical Testing,ICT-02,B,FAIL,ABNORMAL,ABNORMAL,,,,,,,,,,,,,,,,,,,,,10.596,,,,1,ict_current_a=10.596,True,True,True
2026-01-13 20:08:00,UNIT01134,LOT008,WAFER1134,PKG01134,1,Wafer Inspection,ATMP,Wafer Metrology,WI-01,B,FAIL,ABNORMAL,ABNORMAL,747.159,1.219,17.455,8.13,73.84,,,,,,,,,,,,,,,,,,,,1,tape_thickness_um=73.84,True,True,True
2026-01-13 19:55:00,UNIT01133,LOT008,WAFER1133,PKG01133,4,Wafer Dicing,ATMP,Wafer Processing,WD-01,B,FAIL,ABNORMAL,ABNORMAL,,,,,,,,55.221,,,,,,,,,,,,,,,,,1,kerf_width_um=55.221,True,True,True
2026-01-13 19:50:00,UNIT01132,LOT008,WAFER1132,PKG01132,15,Final Inspection,ATMP,Final Inspection,FI-01,B,FAIL,ABNORMAL,ABNORMAL,,,,,,,,,,,,,,,,91.611,,10.278,,,,,,,1,package_dimension_mm=10.278,True,True,True
2026-01-13 19:07:00,UNIT01130,LOT008,WAFER1130,PKG01130,4,Wafer Dicing,ATMP,Wafer Processing,WD-02,C,FAIL,ABNORMAL,ABNORMAL,,,,,,,,43.88,,,,,,,,,,,,,,,,,1,kerf_width_um=43.88,True,True,True
2026-01-13 18:48:00,UNIT01129,LOT008,WAFER1129,PKG01129,1,Wafer Inspection,ATMP,Wafer Metrology,WI-02,C,FAIL,ABNORMAL,ABNORMAL,790.513,1.003,-0.104,0.366,90.539,,,,,,,,,,,,,,,,,,,,1,bow_um=-0.104,True,True,True
2026-01-13 18:22:00,UNIT01127,LOT008,WAFER1127,PKG01127,7,Encapsulation / Molding,OSAT/ATMP,Packaging,MO-02,C,FAIL,ABNORMAL,ABNORMAL,,,,,,,,,,,,,171.797,146.635,0.298,,,,,,,,,,1,mold_cure_time_s=146.635,True,True,True
2026-01-13 18:00:00,UNIT01126,LOT008,WAFER1126,PKG01126,1,Wafer Inspection,ATMP,Wafer Metrology,WI-01,B,FAIL,ABNORMAL,ABNORMAL,750.19,3.12,11.609,35.935,124.377,,,,,,,,,,,,,,,,,,,,1,tape_thickness_um=124.377,True,True,True
2026-01-13 17:45:00,UNIT01125,LOT008,WAFER1125,PKG01125,2,Wafer Sort,OSAT,Wafer Test,WS-02,C,FAIL,ABNORMAL,ABNORMAL,,,,,,9.365,,,,,,,,,,,,,,,,,,,1,sort_current_a=9.365,True,True,True
2026-01-13 17:28:00,UNIT01124,LOT008,WAFER1124,PKG01124,1,Wafer Inspection,ATMP,Wafer Metrology,WI-01,A,FAIL,ABNORMAL,ABNORMAL,724.774,2.043,25.787,37.306,72.968,,,,,,,,,,,,,,,,,,,,1,tape_thickness_um=72.968,True,True,True
2026-01-13 16:57:00,UNIT01122,LOT008,WAFER1122,PKG01122,2,Wafer Sort,OSAT,Wafer Test,WS-02,C,FAIL,ABNORMAL,ABNORMAL,,,,,,9.302,,,,,,,,,,,,,,,,,,,1,sort_current_a=9.302,True,True,True
2026-01-13 16:40:00,UNIT01121,LOT008,WAFER1121,PKG01121,1,Wafer Inspection,ATMP,Wafer Metrology,WI-02,B,FAIL,ABNORMAL,ABNORMAL,721.581,2.021,38.806,-0.466,83.158,,,,,,,,,,,,,,,,,,,,1,warp_um=-0.466,True,True,True
2026-01-13 16:26:00,UNIT01120,LOT008,WAFER1120,PKG01120,3,Back Grinding,ATMP,Wafer Processing,BG-02,C,FAIL,ABNORMAL,ABNORMAL,777.077,,,,,,-0.337,,,,,,,,,,,,,,,,,,1,thickness_variation_um=-0.337,True,True,True
2026-01-13 16:17:00,UNIT01119,LOT008,WAFER1119,PKG01119,10,Package Inspection,OSAT/ATMP,Package Inspection,PI-02,C,FAIL,ABNORMAL,ABNORMAL,,,,,,,,,,,,,,,,,,9.784,,,,,,,1,package_dimension_mm=9.784,True,True,True
2026-01-13 15:58:00,UNIT01118,LOT008,WAFER1118,PKG01118,7,Encapsulation / Molding,OSAT/ATMP,Packaging,MO-01,A,FAIL,ABNORMAL,ABNORMAL,,,,,,,,,,,,,180.29,118.724,5.741,,,,,,,,,,1,void_percentage=5.741,True,True,True
2026-01-13 15:22:00,UNIT01116,LOT008,WAFER1116,PKG01116,3,Back Grinding,ATMP,Wafer Processing,BG-01,C,FAIL,ABNORMAL,ABNORMAL,789.827,,,,,,5.971,,,,,,,,,,,,,,,,,,1,thickness_variation_um=5.971,True,True,True
2026-01-13 15:14:00,UNIT01115,LOT008,WAFER1115,PKG01115,11,Burn-in,OSAT,Testing,BI-02,C,FAIL,ABNORMAL,ABNORMAL,,,,,,,,,,,,,,,,,,,128.315,8.492,,,,,1,burn_in_hours=8.492,True,True,True
2026-01-13 14:48:00,UNIT01114,LOT008,WAFER1114,PKG01114,1,Wafer Inspection,ATMP,Wafer Metrology,WI-02,B,FAIL,ABNORMAL,ABNORMAL,761.618,1.217,49.412,-0.479,102.531,,,,,,,,,,,,,,,,,,,,1,warp_um=-0.479,True,True,True
2026-01-13 14:32:00,UNIT01113,LOT008,WAFER1113,PKG01113,1,Wafer Inspection,ATMP,Wafer Metrology,WI-02,A,FAIL,ABNORMAL,ABNORMAL,732.458,2.05,58.082,38.508,88.919,,,,,,,,,,,,,,,,,,,,1,bow_um=58.082,True,True,True
2026-01-13 14:16:00,UNIT01112,LOT008,WAFER1112,PKG01112,1,Wafer Inspection,ATMP,Wafer Metrology,WI-02,B,FAIL,ABNORMAL,ABNORMAL,683.396,4.002,24.218,28.693,85.895,,,,,,,,,,,,,,,,,,,,1,wafer_thickness_um=683.396,True,True,True
2026-01-13 14:14:00,UNIT01111,LOT008,WAFER1111,PKG01111,15,Final Inspection,ATMP,Final Inspection,FI-01,A,FAIL,ABNORMAL,ABNORMAL,,,,,,,,,,,,,,,,88.442,,10.011,,,,,,,1,marking_quality_score=88.442,True,True,True
2026-01-13 13:28:00,UNIT01109,LOT008,WAFER1109,PKG01109,1,Wafer Inspection,ATMP,Wafer Metrology,WI-02,A,FAIL,ABNORMAL,ABNORMAL,696.249,2.809,27.305,47.891,109.906,,,,,,,,,,,,,,,,,,,,1,wafer_thickness_um=696.249,True,True,True
2026-01-13 13:12:00,UNIT01108,LOT008,WAFER1108,PKG01108,1,Wafer Inspection,ATMP,Wafer Metrology,WI-02,A,FAIL,ABNORMAL,ABNORMAL,707.741,1.121,33.683,-1.053,120.263,,,,,,,,,,,,,,,,,,,,2,warp_um=-1.053; tape_thickness_um=120.263,True,True,True
2026-01-13 13:02:00,UNIT01107,LOT008,WAFER1107,PKG01107,7,Encapsulation / Molding,OSAT/ATMP,Packaging,MO-02,A,FAIL,ABNORMAL,ABNORMAL,,,,,,,,,,,,,179.388,147.464,3.599,,,,,,,,,,1,mold_cure_time_s=147.464,True,True,True
2026-01-13 12:29:00,UNIT01105,LOT008,WAFER1105,PKG01105,6,Wire Bonding,OSAT/ATMP,Assembly,WB-02,B,FAIL,ABNORMAL,ABNORMAL,,,,,,,,,,,70.583,9.844,,,,,,,,,,,,,1,wire_bond_force_n=70.583,True,True,True
2026-01-13 12:08:00,UNIT01104,LOT008,WAFER1104,PKG01104,1,Wafer Inspection,ATMP,Wafer Metrology,WI-02,C,FAIL,ABNORMAL,ABNORMAL,814.07,0.684,40.647,33.927,79.113,,,,,,,,,,,,,,,,,,,,2,wafer_thickness_um=814.07; tape_thickness_um=79.113,True,True,True
2026-01-13 11:40:00,UNIT01102,LOT008,WAFER1102,PKG01102,5,Die Attach,OSAT/ATMP,Assembly,DA-01,A,FAIL,ABNORMAL,ABNORMAL,,,,,,,,,12.379,52.948,,,,,,,,,,,,,,,2,attach_force_n=12.379; attach_offset_um=52.948,True,True,True
2026-01-13 11:34:00,UNIT01101,LOT008,WAFER1101,PKG01101,15,Final Inspection,ATMP,Final Inspection,FI-02,B,FAIL,ABNORMAL,ABNORMAL,,,,,,,,,,,,,,,,101.779,,10.165,,,,,,,1,marking_quality_score=101.779,True,True,True
2026-01-13 11:16:00,UNIT01100,LOT008,WAFER1100,PKG01100,13,FCT,OSAT,Functional Testing,FCT-01,A,FAIL,ABNORMAL,ABNORMAL,,,,,,,,,,,,,,,,,,,,,,3.023,,,1,fct_voltage_v=3.023,True,True,True
2026-01-13 10:48:00,UNIT01099,LOT008,WAFER1099,PKG01099,1,Wafer Inspection,ATMP,Wafer Metrology,WI-01,B,FAIL,ABNORMAL,ABNORMAL,736.3,0.311,-1.024,1.897,118.111,,,,,,,,,,,,,,,,,,,,1,bow_um=-1.024,True,True,True
2026-01-13 10:16:00,UNIT01097,LOT008,WAFER1097,PKG01097,1,Wafer Inspection,ATMP,Wafer Metrology,WI-02,C,FAIL,ABNORMAL,ABNORMAL,752.1,-0.379,-9.086,21.631,89.092,,,,,,,,,,,,,,,,,,,,2,ttv_um=-0.379; bow_um=-9.086,True,True,True
2026-01-13 10:00:00,UNIT01096,LOT008,WAFER1096,PKG01096,1,Wafer Inspection,ATMP,Wafer Metrology,WI-01,B,FAIL,ABNORMAL,ABNORMAL,766.69,-0.33,45.057,0.797,114.122,,,,,,,,,,,,,,,,,,,,1,ttv_um=-0.33,True,True,True
2026-01-13 09:54:00,UNIT01095,LOT008,WAFER1095,PKG01095,11,Burn-in,OSAT,Testing,BI-02,B,FAIL,ABNORMAL,ABNORMAL,,,,,,,,,,,,,,,,,,,118.594,4.855,,,,,1,burn_in_temperature_c=118.594,True,True,True
2026-01-13 09:34:00,UNIT01094,LOT008,WAFER1094,PKG01094,7,Encapsulation / Molding,OSAT/ATMP,Packaging,MO-02,C,FAIL,ABNORMAL,ABNORMAL,,,,,,,,,,,,,168.715,132.256,3.312,,,,,,,,,,1,mold_temperature_c=168.715,True,True,True
2026-01-13 09:22:00,UNIT01093,LOT008,WAFER1093,PKG01093,11,Burn-in,OSAT,Testing,BI-02,B,FAIL,ABNORMAL,ABNORMAL,,,,,,,,,,,,,,,,,,,125.914,3.223,,,,,1,burn_in_hours=3.223,True,True,True
2026-01-13 09:01:00,UNIT01092,LOT008,WAFER1092,PKG01092,6,Wire Bonding,OSAT/ATMP,Assembly,WB-02,A,FAIL,ABNORMAL,ABNORMAL,,,,,,,,,,,58.141,8.409,,,,,,,,,,,,,1,wire_bond_force_n=58.141,True,True,True
2026-01-13 08:50:00,UNIT01091,LOT008,WAFER1091,PKG01091,11,Burn-in,OSAT,Testing,BI-01,B,FAIL,ABNORMAL,ABNORMAL,,,,,,,,,,,,,,,,,,,121.434,3.334,,,,,1,burn_in_hours=3.334,True,True,True
2026-01-13 08:26:00,UNIT01090,LOT008,WAFER1090,PKG01090,3,Back Grinding,ATMP,Wafer Processing,BG-01,C,FAIL,ABNORMAL,ABNORMAL,738.443,,,,,,5.648,,,,,,,,,,,,,,,,,,1,thickness_variation_um=5.648,True,True,True
2026-01-13 08:14:00,UNIT01089,LOT008,WAFER1089,PKG01089,7,Encapsulation / Molding,OSAT/ATMP,Packaging,MO-02,A,FAIL,ABNORMAL,ABNORMAL,,,,,,,,,,,,,180.547,109.627,5.76,,,,,,,,,,1,void_percentage=5.76,True,True,True
2026-01-13 08:06:00,UNIT01088,LOT008,WAFER1088,PKG01088,15,Final Inspection,ATMP,Final Inspection,FI-02,C,FAIL,ABNORMAL,ABNORMAL,,,,,,,,,,,,,,,,89.224,,9.877,,,,,,,1,marking_quality_score=89.224,True,True,True
2026-01-13 07:36:00,UNIT01087,LOT008,WAFER1087,PKG01087,1,Wafer Inspection,ATMP,Wafer Metrology,WI-01,C,FAIL,ABNORMAL,ABNORMAL,762.064,3.813,36.778,40.721,72.257,,,,,,,,,,,,,,,,,,,,1,tape_thickness_um=72.257,True,True,True
2026-01-13 06:17:00,UNIT01082,LOT008,WAFER1082,PKG01082,2,Wafer Sort,OSAT,Wafer Test,WS-01,A,FAIL,ABNORMAL,ABNORMAL,,,,,,10.51,,,,,,,,,,,,,,,,,,,1,sort_current_a=10.51,True,True,True
2026-01-13 06:00:00,UNIT01081,LOT008,WAFER1081,PKG01081,1,Wafer Inspection,ATMP,Wafer Metrology,WI-02,C,FAIL,ABNORMAL,ABNORMAL,796.339,1.076,55.517,30.088,119.946,,,,,,,,,,,,,,,,,,,,1,bow_um=55.517,True,True,True
2026-01-13 04:56:00,UNIT01077,LOT008,WAFER1077,PKG01077,1,Wafer Inspection,ATMP,Wafer Metrology,WI-02,C,FAIL,ABNORMAL,ABNORMAL,792.46,3.598,51.115,8.885,111.485,,,,,,,,,,,,,,,,,,,,1,bow_um=51.115,True,True,True
2026-01-13 04:41:00,UNIT01076,LOT008,WAFER1076,PKG01076,2,Wafer Sort,OSAT,Wafer Test,WS-01,A,FAIL,ABNORMAL,ABNORMAL,,,,,,10.596,,,,,,,,,,,,,,,,,,,1,sort_current_a=10.596,True,True,True
2026-01-13 04:34:00,UNIT01075,LOT008,WAFER1075,PKG01075,11,Burn-in,OSAT,Testing,BI-02,C,FAIL,ABNORMAL,ABNORMAL,,,,,,,,,,,,,,,,,,,130.233,7.519,,,,,1,burn_in_temperature_c=130.233,True,True,True
2026-01-13 04:13:00,UNIT01074,LOT008,WAFER1074,PKG01074,6,Wire Bonding,OSAT/ATMP,Assembly,WB-01,C,FAIL,ABNORMAL,ABNORMAL,,,,,,,,,,,71.974,6.511,,,,,,,,,,,,,1,wire_bond_force_n=71.974,True,True,True
2026-01-13 03:59:00,UNIT01073,LOT008,WAFER1073,PKG01073,8,Marking,ATMP,Package Marking,MK-01,C,FAIL,ABNORMAL,ABNORMAL,,,,,,,,,,,,,,,,88.164,,,,,,,,,1,marking_quality_score=88.164,True,True,True
2026-01-13 03:36:00,UNIT01072,LOT008,WAFER1072,PKG01072,1,Wafer Inspection,ATMP,Wafer Metrology,WI-01,A,FAIL,ABNORMAL,ABNORMAL,798.852,3.374,57.534,12.29,106.955,,,,,,,,,,,,,,,,,,,,1,bow_um=57.534,True,True,True
2026-01-13 03:34:00,UNIT01071,LOT008,WAFER1071,PKG01071,15,Final Inspection,ATMP,Final Inspection,FI-01,C,FAIL,ABNORMAL,ABNORMAL,,,,,,,,,,,,,,,,101.57,,9.83,,,,,,,1,marking_quality_score=101.57,True,True,True
2026-01-13 03:09:00,UNIT01070,LOT008,WAFER1070,PKG01070,6,Wire Bonding,OSAT/ATMP,Assembly,WB-02,C,FAIL,ABNORMAL,ABNORMAL,,,,,,,,,,,65.987,4.444,,,,,,,,,,,,,1,bond_pull_strength_gf=4.444,True,True,True
2026-01-13 02:53:00,UNIT01069,LOT008,WAFER1069,PKG01069,6,Wire Bonding,OSAT/ATMP,Assembly,WB-01,C,FAIL,ABNORMAL,ABNORMAL,,,,,,,,,,,65.639,4.402,,,,,,,,,,,,,1,bond_pull_strength_gf=4.402,True,True,True
2026-01-13 02:42:00,UNIT01068,LOT008,WAFER1068,PKG01068,11,Burn-in,OSAT,Testing,BI-01,C,FAIL,ABNORMAL,ABNORMAL,,,,,,,,,,,,,,,,,,,131.591,5.722,,,,,1,burn_in_temperature_c=131.591,True,True,True
2026-01-13 02:03:00,UNIT01066,LOT008,WAFER1066,PKG01066,4,Wafer Dicing,ATMP,Wafer Processing,WD-01,C,FAIL,ABNORMAL,ABNORMAL,,,,,,,,44.031,,,,,,,,,,,,,,,,,1,kerf_width_um=44.031,True,True,True
2026-01-13 01:55:00,UNIT01065,LOT008,WAFER1065,PKG01065,12,ICT,OSAT,Electrical Testing,ICT-02,C,FAIL,ABNORMAL,ABNORMAL,,,,,,,,,,,,,,,,,,,,,10.604,,,,1,ict_current_a=10.604,True,True,True
2026-01-13 01:37:00,UNIT01064,LOT008,WAFER1064,PKG01064,10,Package Inspection,OSAT/ATMP,Package Inspection,PI-01,B,FAIL,ABNORMAL,ABNORMAL,,,,,,,,,,,,,,,,,,10.262,,,,,,,1,package_dimension_mm=10.262,True,True,True
2026-01-13 01:14:00,UNIT01063,LOT008,WAFER1063,PKG01063,3,Back Grinding,ATMP,Wafer Processing,BG-02,C,FAIL,ABNORMAL,ABNORMAL,686.794,,,,,,3.172,,,,,,,,,,,,,,,,,,1,wafer_thickness_um=686.794,True,True,True
2026-01-13 00:56:00,UNIT01062,LOT008,WAFER1062,PKG01062,1,Wafer Inspection,ATMP,Wafer Metrology,WI-02,C,FAIL,ABNORMAL,ABNORMAL,781.305,4.224,12.931,16.282,73.89,,,,,,,,,,,,,,,,,,,,1,tape_thickness_um=73.89,True,True,True
2026-01-13 00:40:00,UNIT01061,LOT008,WAFER1061,PKG01061,1,Wafer Inspection,ATMP,Wafer Metrology,WI-02,C,FAIL,ABNORMAL,ABNORMAL,762.259,5.036,0.865,16.018,87.831,,,,,,,,,,,,,,,,,,,,1,ttv_um=5.036,True,True,True
2026-01-13 00:09:00,UNIT01059,LOT008,WAFER1059,PKG01059,2,Wafer Sort,OSAT,Wafer Test,WS-01,A,FAIL,ABNORMAL,ABNORMAL,,,,,,10.644,,,,,,,,,,,,,,,,,,,1,sort_current_a=10.644,True,True,True
2026-01-12 23:36:00,UNIT01057,LOT008,WAFER1057,PKG01057,1,Wafer Inspection,ATMP,Wafer Metrology,WI-02,A,FAIL,ABNORMAL,ABNORMAL,732.489,5.517,50.457,47.268,85.751,,,,,,,,,,,,,,,,,,,,2,ttv_um=5.517; bow_um=50.457,True,True,True
2026-01-12 23:24:00,UNIT01056,LOT008,WAFER1056,PKG01056,5,Die Attach,OSAT/ATMP,Assembly,DA-02,A,FAIL,ABNORMAL,ABNORMAL,,,,,,,,,11.44,53.596,,,,,,,,,,,,,,,1,attach_offset_um=53.596,True,True,True
2026-01-12 23:02:00,UNIT01054,LOT008,WAFER1054,PKG01054,15,Final Inspection,ATMP,Final Inspection,FI-01,B,FAIL,ABNORMAL,ABNORMAL,,,,,,,,,,,,,,,,88.899,,9.912,,,,,,,1,marking_quality_score=88.899,True,True,True
2026-01-12 22:36:00,UNIT01053,LOT008,WAFER1053,PKG01053,5,Die Attach,OSAT/ATMP,Assembly,DA-02,B,FAIL,ABNORMAL,ABNORMAL,,,,,,,,,12.242,3.359,,,,,,,,,,,,,,,1,attach_force_n=12.242,True,True,True
2026-01-12 22:22:00,UNIT01052,LOT008,WAFER1052,PKG01052,7,Encapsulation / Molding,OSAT/ATMP,Packaging,MO-01,C,FAIL,ABNORMAL,ABNORMAL,,,,,,,,,,,,,179.574,104.16,-0.215,,,,,,,,,,1,void_percentage=-0.215,True,True,True
2026-01-12 22:00:00,UNIT01051,LOT008,WAFER1051,PKG01051,1,Wafer Inspection,ATMP,Wafer Metrology,WI-01,A,FAIL,ABNORMAL,ABNORMAL,788.873,1.903,59.085,22.068,109.855,,,,,,,,,,,,,,,,,,,,1,bow_um=59.085,True,True,True
2026-01-12 21:44:00,UNIT01050,LOT007,WAFER1050,PKG01050,1,Wafer Inspection,ATMP,Wafer Metrology,WI-01,A,FAIL,ABNORMAL,ABNORMAL,813.591,1.181,18.85,25.336,101.126,,,,,,,,,,,,,,,,,,,,1,wafer_thickness_um=813.591,True,True,True
2026-01-12 21:33:00,UNIT01049,LOT007,WAFER1049,PKG01049,6,Wire Bonding,OSAT/ATMP,Assembly,WB-02,C,FAIL,ABNORMAL,ABNORMAL,,,,,,,,,,,62.341,10.83,,,,,,,,,,,,,1,bond_pull_strength_gf=10.83,True,True,True
2026-01-12 21:17:00,UNIT01048,LOT007,WAFER1048,PKG01048,6,Wire Bonding,OSAT/ATMP,Assembly,WB-02,A,FAIL,ABNORMAL,ABNORMAL,,,,,,,,,,,64.72,10.799,,,,,,,,,,,,,1,bond_pull_strength_gf=10.799,True,True,True
2026-01-12 20:47:00,UNIT01046,LOT007,WAFER1046,PKG01046,8,Marking,ATMP,Package Marking,MK-02,B,FAIL,ABNORMAL,ABNORMAL,,,,,,,,,,,,,,,,100.407,,,,,,,,,1,marking_quality_score=100.407,True,True,True
2026-01-12 20:18:00,UNIT01044,LOT007,WAFER1044,PKG01044,11,Burn-in,OSAT,Testing,BI-02,C,FAIL,ABNORMAL,ABNORMAL,,,,,,,,,,,,,,,,,,,121.104,8.353,,,,,1,burn_in_hours=8.353,True,True,True
2026-01-12 20:06:00,UNIT01043,LOT007,WAFER1043,PKG01043,15,Final Inspection,ATMP,Final Inspection,FI-02,C,FAIL,ABNORMAL,ABNORMAL,,,,,,,,,,,,,,,,90.003,,10.238,,,,,,,1,package_dimension_mm=10.238,True,True,True
2026-01-12 19:42:00,UNIT01042,LOT007,WAFER1042,PKG01042,7,Encapsulation / Molding,OSAT/ATMP,Packaging,MO-02,A,FAIL,ABNORMAL,ABNORMAL,,,,,,,,,,,,,184.015,134.225,5.467,,,,,,,,,,1,void_percentage=5.467,True,True,True
2026-01-12 19:00:00,UNIT01039,LOT007,WAFER1039,PKG01039,13,FCT,OSAT,Functional Testing,FCT-02,A,FAIL,ABNORMAL,ABNORMAL,,,,,,,,,,,,,,,,,,,,,,3.575,,,1,fct_voltage_v=3.575,True,True,True
2026-01-12 18:16:00,UNIT01037,LOT007,WAFER1037,PKG01037,1,Wafer Inspection,ATMP,Wafer Metrology,WI-02,C,FAIL,ABNORMAL,ABNORMAL,715.795,4.521,11.532,52.914,114.036,,,,,,,,,,,,,,,,,,,,1,warp_um=52.914,True,True,True
2026-01-12 18:08:00,UNIT01036,LOT007,WAFER1036,PKG01036,9,Singulation,ATMP,Package Processing,SG-02,B,FAIL,ABNORMAL,ABNORMAL,,,,,,,,,,,,,,,,,11.324,,,,,,,,1,singulation_damage_score=11.324,True,True,True
2026-01-12 17:44:00,UNIT01035,LOT007,WAFER1035,PKG01035,1,Wafer Inspection,ATMP,Wafer Metrology,WI-01,A,FAIL,ABNORMAL,ABNORMAL,707.296,3.654,14.954,22.619,73.021,,,,,,,,,,,,,,,,,,,,1,tape_thickness_um=73.021,True,True,True
2026-01-12 16:50:00,UNIT01031,LOT007,WAFER1031,PKG01031,11,Burn-in,OSAT,Testing,BI-01,C,FAIL,ABNORMAL,ABNORMAL,,,,,,,,,,,,,,,,,,,119.282,4.242,,,,,1,burn_in_temperature_c=119.282,True,True,True
2026-01-12 16:08:00,UNIT01029,LOT007,WAFER1029,PKG01029,1,Wafer Inspection,ATMP,Wafer Metrology,WI-02,A,FAIL,ABNORMAL,ABNORMAL,752.037,5.852,35.377,31.094,99.841,,,,,,,,,,,,,,,,,,,,1,ttv_um=5.852,True,True,True
2026-01-12 16:06:00,UNIT01028,LOT007,WAFER1028,PKG01028,15,Final Inspection,ATMP,Final Inspection,FI-02,A,FAIL,ABNORMAL,ABNORMAL,,,,,,,,,,,,,,,,90.832,,9.743,,,,,,,1,package_dimension_mm=9.743,True,True,True
2026-01-12 15:36:00,UNIT01027,LOT007,WAFER1027,PKG01027,1,Wafer Inspection,ATMP,Wafer Metrology,WI-02,A,FAIL,ABNORMAL,ABNORMAL,769.489,4.088,-4.558,1.61,104.757,,,,,,,,,,,,,,,,,,,,1,bow_um=-4.558,True,True,True
2026-01-12 14:49:00,UNIT01024,LOT007,WAFER1024,PKG01024,2,Wafer Sort,OSAT,Wafer Test,WS-02,B,FAIL,ABNORMAL,ABNORMAL,,,,,,10.611,,,,,,,,,,,,,,,,,,,1,sort_current_a=10.611,True,True,True
2026-01-12 14:24:00,UNIT01022,LOT007,WAFER1022,PKG01022,9,Singulation,ATMP,Package Processing,SG-01,B,FAIL,ABNORMAL,ABNORMAL,,,,,,,,,,,,,,,,,-1.073,,,,,,,,1,singulation_damage_score=-1.073,True,True,True
2026-01-12 14:03:00,UNIT01021,LOT007,WAFER1021,PKG01021,4,Wafer Dicing,ATMP,Wafer Processing,WD-01,B,FAIL,ABNORMAL,ABNORMAL,,,,,,,,44.84,,,,,,,,,,,,,,,,,1,kerf_width_um=44.84,True,True,True
2026-01-12 13:28:00,UNIT01019,LOT007,WAFER1019,PKG01019,1,Wafer Inspection,ATMP,Wafer Metrology,WI-01,A,FAIL,ABNORMAL,ABNORMAL,689.276,3.046,0.324,49.486,94.558,,,,,,,,,,,,,,,,,,,,1,wafer_thickness_um=689.276,True,True,True
2026-01-12 13:05:00,UNIT01017,LOT007,WAFER1017,PKG01017,10,Package Inspection,OSAT/ATMP,Package Inspection,PI-02,C,FAIL,ABNORMAL,ABNORMAL,,,,,,,,,,,,,,,,,,9.76,,,,,,,1,package_dimension_mm=9.76,True,True,True
2026-01-12 12:44:00,UNIT01016,LOT007,WAFER1016,PKG01016,5,Die Attach,OSAT/ATMP,Assembly,DA-02,B,FAIL,ABNORMAL,ABNORMAL,,,,,,,,,12.044,38.802,,,,,,,,,,,,,,,1,attach_force_n=12.044,True,True,True
2026-01-12 12:26:00,UNIT01015,LOT007,WAFER1015,PKG01015,3,Back Grinding,ATMP,Wafer Processing,BG-01,B,FAIL,ABNORMAL,ABNORMAL,810.959,,,,,,0.848,,,,,,,,,,,,,,,,,,1,wafer_thickness_um=810.959,True,True,True
2026-01-12 12:08:00,UNIT01014,LOT007,WAFER1014,PKG01014,1,Wafer Inspection,ATMP,Wafer Metrology,WI-02,C,FAIL,ABNORMAL,ABNORMAL,688.762,1.795,28.31,11.896,119.546,,,,,,,,,,,,,,,,,,,,1,wafer_thickness_um=688.762,True,True,True
2026-01-12 11:32:00,UNIT01011,LOT007,WAFER1011,PKG01011,13,FCT,OSAT,Functional Testing,FCT-02,A,FAIL,ABNORMAL,ABNORMAL,,,,,,,,,,,,,,,,,,,,,,3.565,,,1,fct_voltage_v=3.565,True,True,True
2026-01-12 10:50:00,UNIT01009,LOT007,WAFER1009,PKG01009,3,Back Grinding,ATMP,Wafer Processing,BG-01,B,FAIL,ABNORMAL,ABNORMAL,805.453,,,,,,0.017,,,,,,,,,,,,,,,,,,1,wafer_thickness_um=805.453,True,True,True
2026-01-12 10:34:00,UNIT01008,LOT007,WAFER1008,PKG01008,3,Back Grinding,ATMP,Wafer Processing,BG-02,B,FAIL,ABNORMAL,ABNORMAL,752.518,,,,,,-0.165,,,,,,,,,,,,,,,,,,1,thickness_variation_um=-0.165,True,True,True
2026-01-12 10:18:00,UNIT01007,LOT007,WAFER1007,PKG01007,3,Back Grinding,ATMP,Wafer Processing,BG-02,B,FAIL,ABNORMAL,ABNORMAL,764.429,,,,,,-0.831,,,,,,,,,,,,,,,,,,1,thickness_variation_um=-0.831,True,True,True
2026-01-12 09:32:00,UNIT01004,LOT007,WAFER1004,PKG01004,5,Die Attach,OSAT/ATMP,Assembly,DA-01,A,FAIL,ABNORMAL,ABNORMAL,,,,,,,,,10.547,52.98,,,,,,,,,,,,,,,1,attach_offset_um=52.98,True,True,True
2026-01-12 09:12:00,UNIT01003,LOT007,WAFER1003,PKG01003,1,Wafer Inspection,ATMP,Wafer Metrology,WI-01,B,FAIL,ABNORMAL,ABNORMAL,703.319,2.585,9.834,37.892,125.13,,,,,,,,,,,,,,,,,,,,1,tape_thickness_um=125.13,True,True,True
2026-01-12 09:06:00,UNIT01002,LOT007,WAFER1002,PKG01002,11,Burn-in,OSAT,Testing,BI-01,C,FAIL,ABNORMAL,ABNORMAL,,,,,,,,,,,,,,,,,,,127.992,3.417,,,,,1,burn_in_hours=3.417,True,True,True
2026-01-12 08:41:00,UNIT01001,LOT007,WAFER1001,PKG01001,2,Wafer Sort,OSAT,Wafer Test,WS-02,C,FAIL,ABNORMAL,ABNORMAL,,,,,,9.466,,,,,,,,,,,,,,,,,,,1,sort_current_a=9.466,True,True,True
2026-01-12 08:07:00,UNIT00998,LOT007,WAFER0998,PKG00998,16,Packing / Dispatch,ATMP,Packaging,PK-01,C,FAIL,ABNORMAL,ABNORMAL,,,,,,,,,,,,,,,,,,,,,,,,11.164,1,packaging_damage_score=11.164,True,True,True
2026-01-12 07:44:00,UNIT00997,LOT007,WAFER0997,PKG00997,9,Singulation,ATMP,Package Processing,SG-02,A,FAIL,ABNORMAL,ABNORMAL,,,,,,,,,,,,,,,,,-0.037,,,,,,,,1,singulation_damage_score=-0.037,True,True,True
2026-01-12 07:25:00,UNIT00996,LOT007,WAFER0996,PKG00996,6,Wire Bonding,OSAT/ATMP,Assembly,WB-01,A,FAIL,ABNORMAL,ABNORMAL,,,,,,,,,,,59.027,8.048,,,,,,,,,,,,,1,wire_bond_force_n=59.027,True,True,True
2026-01-12 07:07:00,UNIT00995,LOT007,WAFER0995,PKG00995,4,Wafer Dicing,ATMP,Wafer Processing,WD-01,A,FAIL,ABNORMAL,ABNORMAL,,,,,,,,56.531,,,,,,,,,,,,,,,,,1,kerf_width_um=56.531,True,True,True
2026-01-12 06:32:00,UNIT00993,LOT007,WAFER0993,PKG00993,1,Wafer Inspection,ATMP,Wafer Metrology,WI-02,C,FAIL,ABNORMAL,ABNORMAL,793.309,1.128,30.721,1.4,127.454,,,,,,,,,,,,,,,,,,,,1,tape_thickness_um=127.454,True,True,True
2026-01-12 06:18:00,UNIT00992,LOT007,WAFER0992,PKG00992,3,Back Grinding,ATMP,Wafer Processing,BG-01,B,FAIL,ABNORMAL,ABNORMAL,802.814,,,,,,4.726,,,,,,,,,,,,,,,,,,1,wafer_thickness_um=802.814,True,True,True
2026-01-12 06:02:00,UNIT00991,LOT007,WAFER0991,PKG00991,3,Back Grinding,ATMP,Wafer Processing,BG-01,A,FAIL,ABNORMAL,ABNORMAL,800.337,,,,,,0.758,,,,,,,,,,,,,,,,,,1,wafer_thickness_um=800.337,True,True,True
2026-01-12 05:44:00,UNIT00990,LOT007,WAFER0990,PKG00990,1,Wafer Inspection,ATMP,Wafer Metrology,WI-01,B,FAIL,ABNORMAL,ABNORMAL,749.566,4.352,38.793,4.199,127.122,,,,,,,,,,,,,,,,,,,,1,tape_thickness_um=127.122,True,True,True
2026-01-12 05:28:00,UNIT00989,LOT007,WAFER0989,PKG00989,1,Wafer Inspection,ATMP,Wafer Metrology,WI-02,B,FAIL,ABNORMAL,ABNORMAL,771.698,2.913,7.166,22.27,122.841,,,,,,,,,,,,,,,,,,,,1,tape_thickness_um=122.841,True,True,True
2026-01-12 04:58:00,UNIT00987,LOT007,WAFER0987,PKG00987,3,Back Grinding,ATMP,Wafer Processing,BG-02,A,FAIL,ABNORMAL,ABNORMAL,696.975,,,,,,2.558,,,,,,,,,,,,,,,,,,1,wafer_thickness_um=696.975,True,True,True
2026-01-12 04:42:00,UNIT00986,LOT007,WAFER0986,PKG00986,3,Back Grinding,ATMP,Wafer Processing,BG-01,C,FAIL,ABNORMAL,ABNORMAL,691.308,,,,,,2.52,,,,,,,,,,,,,,,,,,1,wafer_thickness_um=691.308,True,True,True
2026-01-12 04:24:00,UNIT00985,LOT007,WAFER0985,PKG00985,1,Wafer Inspection,ATMP,Wafer Metrology,WI-02,A,FAIL,ABNORMAL,ABNORMAL,717.78,5.051,34.148,12.554,99.987,,,,,,,,,,,,,,,,,,,,1,ttv_um=5.051,True,True,True
2026-01-12 04:12:00,UNIT00984,LOT007,WAFER0984,PKG00984,5,Die Attach,OSAT/ATMP,Assembly,DA-01,A,FAIL,ABNORMAL,ABNORMAL,,,,,,,,,11.033,56.509,,,,,,,,,,,,,,,1,attach_offset_um=56.509,True,True,True
2026-01-12 03:56:00,UNIT00983,LOT007,WAFER0983,PKG00983,5,Die Attach,OSAT/ATMP,Assembly,DA-01,B,FAIL,ABNORMAL,ABNORMAL,,,,,,,,,7.499,57.608,,,,,,,,,,,,,,,2,attach_force_n=7.499; attach_offset_um=57.608,True,True,True
2026-01-12 03:46:00,UNIT00982,LOT007,WAFER0982,PKG00982,11,Burn-in,OSAT,Testing,BI-01,C,FAIL,ABNORMAL,ABNORMAL,,,,,,,,,,,,,,,,,,,130.417,4.651,,,,,1,burn_in_temperature_c=130.417,True,True,True
2026-01-12 03:20:00,UNIT00981,LOT007,WAFER0981,PKG00981,1,Wafer Inspection,ATMP,Wafer Metrology,WI-01,C,FAIL,ABNORMAL,ABNORMAL,745.209,1.503,55.714,7.499,111.356,,,,,,,,,,,,,,,,,,,,1,bow_um=55.714,True,True,True
2026-01-12 03:04:00,UNIT00980,LOT007,WAFER0980,PKG00980,1,Wafer Inspection,ATMP,Wafer Metrology,WI-01,C,FAIL,ABNORMAL,ABNORMAL,734.505,5.138,49.913,2.459,97.646,,,,,,,,,,,,,,,,,,,,1,ttv_um=5.138,True,True,True
2026-01-12 02:48:00,UNIT00979,LOT007,WAFER0979,PKG00979,1,Wafer Inspection,ATMP,Wafer Metrology,WI-02,B,FAIL,ABNORMAL,ABNORMAL,736.687,3.804,24.269,52.011,84.977,,,,,,,,,,,,,,,,,,,,1,warp_um=52.011,True,True,True
2026-01-12 02:42:00,UNIT00978,LOT007,WAFER0978,PKG00978,11,Burn-in,OSAT,Testing,BI-02,B,FAIL,ABNORMAL,ABNORMAL,,,,,,,,,,,,,,,,,,,119.547,7.356,,,,,1,burn_in_temperature_c=119.547,True,True,True
2026-01-12 02:22:00,UNIT00977,LOT007,WAFER0977,PKG00977,7,Encapsulation / Molding,OSAT/ATMP,Packaging,MO-02,A,FAIL,ABNORMAL,ABNORMAL,,,,,,,,,,,,,177.843,104.733,-0.219,,,,,,,,,,1,void_percentage=-0.219,True,True,True
2026-01-12 02:05:00,UNIT00976,LOT007,WAFER0976,PKG00976,6,Wire Bonding,OSAT/ATMP,Assembly,WB-02,B,FAIL,ABNORMAL,ABNORMAL,,,,,,,,,,,64.231,10.137,,,,,,,,,,,,,1,bond_pull_strength_gf=10.137,True,True,True
2026-01-12 01:32:00,UNIT00974,LOT007,WAFER0974,PKG00974,5,Die Attach,OSAT/ATMP,Assembly,DA-01,C,FAIL,ABNORMAL,ABNORMAL,,,,,,,,,11.369,-7.154,,,,,,,,,,,,,,,1,attach_offset_um=-7.154,True,True,True
2026-01-12 01:18:00,UNIT00973,LOT007,WAFER0973,PKG00973,7,Encapsulation / Molding,OSAT/ATMP,Packaging,MO-01,A,FAIL,ABNORMAL,ABNORMAL,,,,,,,,,,,,,189.775,123.754,-0.601,,,,,,,,,,1,void_percentage=-0.601,True,True,True
2026-01-12 01:01:00,UNIT00972,LOT007,WAFER0972,PKG00972,6,Wire Bonding,OSAT/ATMP,Assembly,WB-02,A,FAIL,ABNORMAL,ABNORMAL,,,,,,,,,,,68.104,4.428,,,,,,,,,,,,,1,bond_pull_strength_gf=4.428,True,True,True
2026-01-12 00:47:00,UNIT00971,LOT007,WAFER0971,PKG00971,8,Marking,ATMP,Package Marking,MK-01,A,FAIL,ABNORMAL,ABNORMAL,,,,,,,,,,,,,,,,100.67,,,,,,,,,1,marking_quality_score=100.67,True,True,True
2026-01-12 00:31:00,UNIT00970,LOT007,WAFER0970,PKG00970,8,Marking,ATMP,Package Marking,MK-02,C,FAIL,ABNORMAL,ABNORMAL,,,,,,,,,,,,,,,,100.281,,,,,,,,,1,marking_quality_score=100.281,True,True,True
2026-01-12 00:08:00,UNIT00969,LOT007,WAFER0969,PKG00969,1,Wafer Inspection,ATMP,Wafer Metrology,WI-02,C,FAIL,ABNORMAL,ABNORMAL,787.956,2.9,22.23,38.742,125.919,,,,,,,,,,,,,,,,,,,,1,tape_thickness_um=125.919,True,True,True
2026-01-11 23:57:00,UNIT00968,LOT007,WAFER0968,PKG00968,6,Wire Bonding,OSAT/ATMP,Assembly,WB-02,B,FAIL,ABNORMAL,ABNORMAL,,,,,,,,,,,68.958,10.956,,,,,,,,,,,,,1,bond_pull_strength_gf=10.956,True,True,True
2026-01-11 23:36:00,UNIT00967,LOT007,WAFER0967,PKG00967,1,Wafer Inspection,ATMP,Wafer Metrology,WI-01,B,FAIL,ABNORMAL,ABNORMAL,792.623,1.766,54.587,49.077,87.973,,,,,,,,,,,,,,,,,,,,1,bow_um=54.587,True,True,True
2026-01-11 23:06:00,UNIT00965,LOT007,WAFER0965,PKG00965,3,Back Grinding,ATMP,Wafer Processing,BG-01,C,FAIL,ABNORMAL,ABNORMAL,800.369,,,,,,0.31,,,,,,,,,,,,,,,,,,1,wafer_thickness_um=800.369,True,True,True
2026-01-11 22:48:00,UNIT00964,LOT007,WAFER0964,PKG00964,1,Wafer Inspection,ATMP,Wafer Metrology,WI-01,A,FAIL,ABNORMAL,ABNORMAL,698.31,4.263,28.992,26.017,117.229,,,,,,,,,,,,,,,,,,,,1,wafer_thickness_um=698.31,True,True,True
2026-01-11 22:32:00,UNIT00963,LOT007,WAFER0963,PKG00963,1,Wafer Inspection,ATMP,Wafer Metrology,WI-01,B,FAIL,ABNORMAL,ABNORMAL,734.344,5.613,4.784,17.728,90.044,,,,,,,,,,,,,,,,,,,,1,ttv_um=5.613,True,True,True
2026-01-11 22:16:00,UNIT00962,LOT007,WAFER0962,PKG00962,1,Wafer Inspection,ATMP,Wafer Metrology,WI-01,B,FAIL,ABNORMAL,ABNORMAL,690.672,0.671,46.631,44.726,87.6,,,,,,,,,,,,,,,,,,,,1,wafer_thickness_um=690.672,True,True,True
2026-01-11 22:00:00,UNIT00961,LOT007,WAFER0961,PKG00961,1,Wafer Inspection,ATMP,Wafer Metrology,WI-01,C,FAIL,ABNORMAL,ABNORMAL,801.121,2.043,2.63,27.525,92.292,,,,,,,,,,,,,,,,,,,,1,wafer_thickness_um=801.121,True,True,True
2026-01-11 21:57:00,UNIT00960,LOT007,WAFER0960,PKG00960,14,EOL,OSAT,Final Testing,EOL-01,C,FAIL,ABNORMAL,ABNORMAL,,,,,,,,,,,,,,,,,,,,,,,101.076,,1,eol_temperature_c=101.076,True,True,True
2026-01-11 21:35:00,UNIT00959,LOT007,WAFER0959,PKG00959,8,Marking,ATMP,Package Marking,MK-01,B,FAIL,ABNORMAL,ABNORMAL,,,,,,,,,,,,,,,,89.579,,,,,,,,,1,marking_quality_score=89.579,True,True,True
2026-01-11 21:13:00,UNIT00958,LOT007,WAFER0958,PKG00958,2,Wafer Sort,OSAT,Wafer Test,WS-02,C,FAIL,ABNORMAL,ABNORMAL,,,,,,10.611,,,,,,,,,,,,,,,,,,,1,sort_current_a=10.611,True,True,True
2026-01-11 21:02:00,UNIT00957,LOT007,WAFER0957,PKG00957,7,Encapsulation / Molding,OSAT/ATMP,Packaging,MO-01,B,FAIL,ABNORMAL,ABNORMAL,,,,,,,,,,,,,189.685,146.733,-0.211,,,,,,,,,,2,mold_cure_time_s=146.733; void_percentage=-0.211,True,True,True
2026-01-11 20:54:00,UNIT00956,LOT007,WAFER0956,PKG00956,15,Final Inspection,ATMP,Final Inspection,FI-02,B,FAIL,ABNORMAL,ABNORMAL,,,,,,,,,,,,,,,,89.574,,9.934,,,,,,,1,marking_quality_score=89.574,True,True,True
2026-01-11 20:38:00,UNIT00955,LOT007,WAFER0955,PKG00955,15,Final Inspection,ATMP,Final Inspection,FI-01,B,FAIL,ABNORMAL,ABNORMAL,,,,,,,,,,,,,,,,97.776,,10.239,,,,,,,1,package_dimension_mm=10.239,True,True,True
2026-01-11 19:38:00,UNIT00952,LOT007,WAFER0952,PKG00952,3,Back Grinding,ATMP,Wafer Processing,BG-02,B,FAIL,ABNORMAL,ABNORMAL,786.74,,,,,,-0.673,,,,,,,,,,,,,,,,,,1,thickness_variation_um=-0.673,True,True,True
2026-01-11 19:28:00,UNIT00951,LOT007,WAFER0951,PKG00951,9,Singulation,ATMP,Package Processing,SG-01,B,FAIL,ABNORMAL,ABNORMAL,,,,,,,,,,,,,,,,,11.965,,,,,,,,1,singulation_damage_score=11.965,True,True,True
2026-01-11 18:52:00,UNIT00949,LOT007,WAFER0949,PKG00949,5,Die Attach,OSAT/ATMP,Assembly,DA-01,A,FAIL,ABNORMAL,ABNORMAL,,,,,,,,,7.524,1.997,,,,,,,,,,,,,,,1,attach_force_n=7.524,True,True,True
2026-01-11 18:33:00,UNIT00948,LOT007,WAFER0948,PKG00948,2,Wafer Sort,OSAT,Wafer Test,WS-02,C,FAIL,ABNORMAL,ABNORMAL,,,,,,10.605,,,,,,,,,,,,,,,,,,,1,sort_current_a=10.605,True,True,True
2026-01-11 18:18:00,UNIT00947,LOT007,WAFER0947,PKG00947,3,Back Grinding,ATMP,Wafer Processing,BG-02,B,FAIL,ABNORMAL,ABNORMAL,691.702,,,,,,1.074,,,,,,,,,,,,,,,,,,1,wafer_thickness_um=691.702,True,True,True
2026-01-11 17:18:00,UNIT00943,LOT007,WAFER0943,PKG00943,7,Encapsulation / Molding,OSAT/ATMP,Packaging,MO-01,A,FAIL,ABNORMAL,ABNORMAL,,,,,,,,,,,,,176.092,101.425,-0.064,,,,,,,,,,1,void_percentage=-0.064,True,True,True
2026-01-11 17:01:00,UNIT00942,LOT007,WAFER0942,PKG00942,6,Wire Bonding,OSAT/ATMP,Assembly,WB-02,A,FAIL,ABNORMAL,ABNORMAL,,,,,,,,,,,71.713,5.378,,,,,,,,,,,,,1,wire_bond_force_n=71.713,True,True,True
2026-01-11 16:40:00,UNIT00941,LOT007,WAFER0941,PKG00941,1,Wafer Inspection,ATMP,Wafer Metrology,WI-02,C,FAIL,ABNORMAL,ABNORMAL,742.352,5.186,18.194,6.455,98.26,,,,,,,,,,,,,,,,,,,,1,ttv_um=5.186,True,True,True
2026-01-11 16:08:00,UNIT00939,LOT007,WAFER0939,PKG00939,1,Wafer Inspection,ATMP,Wafer Metrology,WI-02,B,FAIL,ABNORMAL,ABNORMAL,771.927,0.633,2.442,58.779,83.193,,,,,,,,,,,,,,,,,,,,1,warp_um=58.779,True,True,True
2026-01-11 15:49:00,UNIT00937,LOT007,WAFER0937,PKG00937,14,EOL,OSAT,Final Testing,EOL-02,B,FAIL,ABNORMAL,ABNORMAL,,,,,,,,,,,,,,,,,,,,,,,79.439,,1,eol_temperature_c=79.439,True,True,True
2026-01-11 14:48:00,UNIT00934,LOT007,WAFER0934,PKG00934,1,Wafer Inspection,ATMP,Wafer Metrology,WI-02,A,FAIL,ABNORMAL,ABNORMAL,764.272,-0.542,43.234,46.3,80.952,,,,,,,,,,,,,,,,,,,,1,ttv_um=-0.542,True,True,True
2026-01-11 14:16:00,UNIT00932,LOT007,WAFER0932,PKG00932,1,Wafer Inspection,ATMP,Wafer Metrology,WI-01,B,FAIL,ABNORMAL,ABNORMAL,781.64,4.661,43.815,-6.806,103.455,,,,,,,,,,,,,,,,,,,,1,warp_um=-6.806,True,True,True
2026-01-11 14:00:00,UNIT00931,LOT007,WAFER0931,PKG00931,1,Wafer Inspection,ATMP,Wafer Metrology,WI-01,A,FAIL,ABNORMAL,ABNORMAL,803.409,1.762,38.709,1.521,106.918,,,,,,,,,,,,,,,,,,,,1,wafer_thickness_um=803.409,True,True,True
2026-01-11 13:28:00,UNIT00929,LOT007,WAFER0929,PKG00929,1,Wafer Inspection,ATMP,Wafer Metrology,WI-02,A,FAIL,ABNORMAL,ABNORMAL,731.528,0.303,56.868,28.391,93.977,,,,,,,,,,,,,,,,,,,,1,bow_um=56.868,True,True,True
2026-01-11 13:16:00,UNIT00928,LOT007,WAFER0928,PKG00928,5,Die Attach,OSAT/ATMP,Assembly,DA-02,C,FAIL,ABNORMAL,ABNORMAL,,,,,,,,,10.819,-6.912,,,,,,,,,,,,,,,1,attach_offset_um=-6.912,True,True,True
2026-01-11 12:50:00,UNIT00926,LOT007,WAFER0926,PKG00926,11,Burn-in,OSAT,Testing,BI-02,B,FAIL,ABNORMAL,ABNORMAL,,,,,,,,,,,,,,,,,,,119.125,7.898,,,,,1,burn_in_temperature_c=119.125,True,True,True
2026-01-11 12:09:00,UNIT00924,LOT007,WAFER0924,PKG00924,2,Wafer Sort,OSAT,Wafer Test,WS-01,B,FAIL,ABNORMAL,ABNORMAL,,,,,,9.304,,,,,,,,,,,,,,,,,,,1,sort_current_a=9.304,True,True,True
2026-01-11 11:52:00,UNIT00923,LOT007,WAFER0923,PKG00923,1,Wafer Inspection,ATMP,Wafer Metrology,WI-02,A,FAIL,ABNORMAL,ABNORMAL,713.487,-0.974,7.64,56.269,82.945,,,,,,,,,,,,,,,,,,,,2,ttv_um=-0.974; warp_um=56.269,True,True,True
2026-01-11 11:36:00,UNIT00922,LOT007,WAFER0922,PKG00922,1,Wafer Inspection,ATMP,Wafer Metrology,WI-01,B,FAIL,ABNORMAL,ABNORMAL,757.437,3.842,52.888,20.45,100.959,,,,,,,,,,,,,,,,,,,,1,bow_um=52.888,True,True,True
2026-01-11 11:06:00,UNIT00920,LOT007,WAFER0920,PKG00920,3,Back Grinding,ATMP,Wafer Processing,BG-02,A,FAIL,ABNORMAL,ABNORMAL,698.325,,,,,,1.942,,,,,,,,,,,,,,,,,,1,wafer_thickness_um=698.325,True,True,True
2026-01-11 10:54:00,UNIT00919,LOT007,WAFER0919,PKG00919,7,Encapsulation / Molding,OSAT/ATMP,Packaging,MO-02,B,FAIL,ABNORMAL,ABNORMAL,,,,,,,,,,,,,169.663,119.918,1.994,,,,,,,,,,1,mold_temperature_c=169.663,True,True,True
2026-01-11 10:32:00,UNIT00918,LOT007,WAFER0918,PKG00918,1,Wafer Inspection,ATMP,Wafer Metrology,WI-02,C,FAIL,ABNORMAL,ABNORMAL,700.921,5.2,5.661,42.136,90.34,,,,,,,,,,,,,,,,,,,,1,ttv_um=5.2,True,True,True
2026-01-11 10:16:00,UNIT00917,LOT007,WAFER0917,PKG00917,1,Wafer Inspection,ATMP,Wafer Metrology,WI-01,A,FAIL,ABNORMAL,ABNORMAL,789.567,3.949,9.763,-4.003,93.287,,,,,,,,,,,,,,,,,,,,1,warp_um=-4.003,True,True,True
2026-01-11 09:53:00,UNIT00915,LOT007,WAFER0915,PKG00915,10,Package Inspection,OSAT/ATMP,Package Inspection,PI-01,C,FAIL,ABNORMAL,ABNORMAL,,,,,,,,,,,,,,,,,,9.793,,,,,,,1,package_dimension_mm=9.793,True,True,True
2026-01-11 09:26:00,UNIT00913,LOT007,WAFER0913,PKG00913,15,Final Inspection,ATMP,Final Inspection,FI-01,A,FAIL,ABNORMAL,ABNORMAL,,,,,,,,,,,,,,,,89.926,,9.849,,,,,,,1,marking_quality_score=89.926,True,True,True
2026-01-11 09:05:00,UNIT00912,LOT007,WAFER0912,PKG00912,10,Package Inspection,OSAT/ATMP,Package Inspection,PI-01,B,FAIL,ABNORMAL,ABNORMAL,,,,,,,,,,,,,,,,,,9.791,,,,,,,1,package_dimension_mm=9.791,True,True,True
2026-01-11 08:30:00,UNIT00910,LOT007,WAFER0910,PKG00910,7,Encapsulation / Molding,OSAT/ATMP,Packaging,MO-02,B,FAIL,ABNORMAL,ABNORMAL,,,,,,,,,,,,,174.831,119.618,-0.926,,,,,,,,,,1,void_percentage=-0.926,True,True,True
2026-01-11 08:08:00,UNIT00909,LOT007,WAFER0909,PKG00909,1,Wafer Inspection,ATMP,Wafer Metrology,WI-02,C,FAIL,ABNORMAL,ABNORMAL,727.146,5.292,6.163,40.288,80.37,,,,,,,,,,,,,,,,,,,,1,ttv_um=5.292,True,True,True
2026-01-11 07:54:00,UNIT00908,LOT007,WAFER0908,PKG00908,3,Back Grinding,ATMP,Wafer Processing,BG-02,B,FAIL,ABNORMAL,ABNORMAL,712.72,,,,,,5.396,,,,,,,,,,,,,,,,,,1,thickness_variation_um=5.396,True,True,True
2026-01-11 07:49:00,UNIT00907,LOT007,WAFER0907,PKG00907,14,EOL,OSAT,Final Testing,EOL-01,A,FAIL,ABNORMAL,ABNORMAL,,,,,,,,,,,,,,,,,,,,,,,103.635,,1,eol_temperature_c=103.635,True,True,True
2026-01-11 07:07:00,UNIT00905,LOT007,WAFER0905,PKG00905,4,Wafer Dicing,ATMP,Wafer Processing,WD-02,B,FAIL,ABNORMAL,ABNORMAL,,,,,,,,56.357,,,,,,,,,,,,,,,,,1,kerf_width_um=56.357,True,True,True
2026-01-11 06:16:00,UNIT00902,LOT007,WAFER0902,PKG00902,1,Wafer Inspection,ATMP,Wafer Metrology,WI-02,A,FAIL,ABNORMAL,ABNORMAL,794.122,4.248,42.183,25.614,78.316,,,,,,,,,,,,,,,,,,,,1,tape_thickness_um=78.316,True,True,True
2026-01-11 06:00:00,UNIT00901,LOT007,WAFER0901,PKG00901,1,Wafer Inspection,ATMP,Wafer Metrology,WI-01,A,FAIL,ABNORMAL,ABNORMAL,755.852,1.866,44.436,54.531,92.61,,,,,,,,,,,,,,,,,,,,1,warp_um=54.531,True,True,True
2026-01-11 05:48:00,UNIT00900,LOT006,WAFER0900,PKG00900,5,Die Attach,OSAT/ATMP,Assembly,DA-01,C,FAIL,ABNORMAL,ABNORMAL,,,,,,,,,9.146,-0.277,,,,,,,,,,,,,,,1,attach_offset_um=-0.277,True,True,True
2026-01-11 05:23:00,UNIT00898,LOT006,WAFER0898,PKG00898,12,ICT,OSAT,Electrical Testing,ICT-01,C,FAIL,ABNORMAL,ABNORMAL,,,,,,,,,,,,,,,,,,,,,10.65,,,,1,ict_current_a=10.65,True,True,True
2026-01-11 04:56:00,UNIT00897,LOT006,WAFER0897,PKG00897,1,Wafer Inspection,ATMP,Wafer Metrology,WI-02,A,FAIL,ABNORMAL,ABNORMAL,755.735,4.443,16.304,6.678,123.914,,,,,,,,,,,,,,,,,,,,1,tape_thickness_um=123.914,True,True,True
2026-01-11 04:47:00,UNIT00896,LOT006,WAFER0896,PKG00896,8,Marking,ATMP,Package Marking,MK-02,C,FAIL,ABNORMAL,ABNORMAL,,,,,,,,,,,,,,,,100.846,,,,,,,,,1,marking_quality_score=100.846,True,True,True
2026-01-11 04:30:00,UNIT00895,LOT006,WAFER0895,PKG00895,7,Encapsulation / Molding,OSAT/ATMP,Packaging,MO-02,B,FAIL,ABNORMAL,ABNORMAL,,,,,,,,,,,,,190.94,116.88,4.602,,,,,,,,,,1,mold_temperature_c=190.94,True,True,True
2026-01-11 04:11:00,UNIT00894,LOT006,WAFER0894,PKG00894,4,Wafer Dicing,ATMP,Wafer Processing,WD-01,B,FAIL,ABNORMAL,ABNORMAL,,,,,,,,43.629,,,,,,,,,,,,,,,,,1,kerf_width_um=43.629,True,True,True
2026-01-11 03:36:00,UNIT00892,LOT006,WAFER0892,PKG00892,1,Wafer Inspection,ATMP,Wafer Metrology,WI-01,B,FAIL,ABNORMAL,ABNORMAL,737.485,5.8,41.713,53.042,98.761,,,,,,,,,,,,,,,,,,,,2,ttv_um=5.8; warp_um=53.042,True,True,True
2026-01-11 02:35:00,UNIT00888,LOT006,WAFER0888,PKG00888,4,Wafer Dicing,ATMP,Wafer Processing,WD-01,A,FAIL,ABNORMAL,ABNORMAL,,,,,,,,43.841,,,,,,,,,,,,,,,,,1,kerf_width_um=43.841,True,True,True
2026-01-11 02:29:00,UNIT00887,LOT006,WAFER0887,PKG00887,14,EOL,OSAT,Final Testing,EOL-02,B,FAIL,ABNORMAL,ABNORMAL,,,,,,,,,,,,,,,,,,,,,,,103.553,,1,eol_temperature_c=103.553,True,True,True
2026-01-11 02:02:00,UNIT00886,LOT006,WAFER0886,PKG00886,3,Back Grinding,ATMP,Wafer Processing,BG-01,C,FAIL,ABNORMAL,ABNORMAL,793.347,,,,,,-0.78,,,,,,,,,,,,,,,,,,1,thickness_variation_um=-0.78,True,True,True
2026-01-11 01:43:00,UNIT00884,LOT006,WAFER0884,PKG00884,16,Packing / Dispatch,ATMP,Packaging,PK-01,A,FAIL,ABNORMAL,ABNORMAL,,,,,,,,,,,,,,,,,,,,,,,,11.215,1,packaging_damage_score=11.215,True,True,True
2026-01-11 01:08:00,UNIT00882,LOT006,WAFER0882,PKG00882,13,FCT,OSAT,Functional Testing,FCT-02,A,FAIL,ABNORMAL,ABNORMAL,,,,,,,,,,,,,,,,,,,,,,3.061,,,1,fct_voltage_v=3.061,True,True,True
2026-01-11 00:40:00,UNIT00881,LOT006,WAFER0881,PKG00881,1,Wafer Inspection,ATMP,Wafer Metrology,WI-02,C,FAIL,ABNORMAL,ABNORMAL,692.676,2.705,46.363,46.595,100.509,,,,,,,,,,,,,,,,,,,,1,wafer_thickness_um=692.676,True,True,True
2026-01-11 00:30:00,UNIT00880,LOT006,WAFER0880,PKG00880,7,Encapsulation / Molding,OSAT/ATMP,Packaging,MO-01,B,FAIL,ABNORMAL,ABNORMAL,,,,,,,,,,,,,168.146,133.414,3.079,,,,,,,,,,1,mold_temperature_c=168.146,True,True,True
2026-01-11 00:15:00,UNIT00879,LOT006,WAFER0879,PKG00879,8,Marking,ATMP,Package Marking,MK-01,A,FAIL,ABNORMAL,ABNORMAL,,,,,,,,,,,,,,,,100.583,,,,,,,,,1,marking_quality_score=100.583,True,True,True
2026-01-10 23:52:00,UNIT00878,LOT006,WAFER0878,PKG00878,1,Wafer Inspection,ATMP,Wafer Metrology,WI-01,B,FAIL,ABNORMAL,ABNORMAL,694.773,4.794,43.114,8.395,93.073,,,,,,,,,,,,,,,,,,,,1,wafer_thickness_um=694.773,True,True,True
2026-01-10 23:45:00,UNIT00877,LOT006,WAFER0877,PKG00877,10,Package Inspection,OSAT/ATMP,Package Inspection,PI-02,A,FAIL,ABNORMAL,ABNORMAL,,,,,,,,,,,,,,,,,,10.202,,,,,,,1,package_dimension_mm=10.202,True,True,True
2026-01-10 23:33:00,UNIT00876,LOT006,WAFER0876,PKG00876,14,EOL,OSAT,Final Testing,EOL-01,C,FAIL,ABNORMAL,ABNORMAL,,,,,,,,,,,,,,,,,,,,,,,100.679,,1,eol_temperature_c=100.679,True,True,True
2026-01-10 23:04:00,UNIT00875,LOT006,WAFER0875,PKG00875,1,Wafer Inspection,ATMP,Wafer Metrology,WI-02,C,FAIL,ABNORMAL,ABNORMAL,736.038,2.135,49.096,-2.161,115.888,,,,,,,,,,,,,,,,,,,,1,warp_um=-2.161,True,True,True
2026-01-10 22:48:00,UNIT00874,LOT006,WAFER0874,PKG00874,1,Wafer Inspection,ATMP,Wafer Metrology,WI-01,A,FAIL,ABNORMAL,ABNORMAL,680.644,2.313,15.674,33.254,113.585,,,,,,,,,,,,,,,,,,,,1,wafer_thickness_um=680.644,True,True,True
2026-01-10 22:32:00,UNIT00873,LOT006,WAFER0873,PKG00873,1,Wafer Inspection,ATMP,Wafer Metrology,WI-01,B,FAIL,ABNORMAL,ABNORMAL,785.534,-0.325,8.512,9.488,127.412,,,,,,,,,,,,,,,,,,,,2,ttv_um=-0.325; tape_thickness_um=127.412,True,True,True
2026-01-10 22:16:00,UNIT00872,LOT006,WAFER0872,PKG00872,1,Wafer Inspection,ATMP,Wafer Metrology,WI-02,B,FAIL,ABNORMAL,ABNORMAL,750.458,4.582,31.404,42.017,121.186,,,,,,,,,,,,,,,,,,,,1,tape_thickness_um=121.186,True,True,True
2026-01-10 22:00:00,UNIT00871,LOT006,WAFER0871,PKG00871,1,Wafer Inspection,ATMP,Wafer Metrology,WI-02,A,FAIL,ABNORMAL,ABNORMAL,683.718,0.024,25.456,27.776,112.998,,,,,,,,,,,,,,,,,,,,1,wafer_thickness_um=683.718,True,True,True
2026-01-10 21:31:00,UNIT00869,LOT006,WAFER0869,PKG00869,4,Wafer Dicing,ATMP,Wafer Processing,WD-01,C,FAIL,ABNORMAL,ABNORMAL,,,,,,,,55.868,,,,,,,,,,,,,,,,,1,kerf_width_um=55.868,True,True,True
2026-01-10 21:24:00,UNIT00868,LOT006,WAFER0868,PKG00868,13,FCT,OSAT,Functional Testing,FCT-01,A,FAIL,ABNORMAL,ABNORMAL,,,,,,,,,,,,,,,,,,,,,,3.543,,,1,fct_voltage_v=3.543,True,True,True
2026-01-10 20:28:00,UNIT00865,LOT006,WAFER0865,PKG00865,5,Die Attach,OSAT/ATMP,Assembly,DA-02,B,FAIL,ABNORMAL,ABNORMAL,,,,,,,,,12.182,0.205,,,,,,,,,,,,,,,1,attach_force_n=12.182,True,True,True
2026-01-10 20:09:00,UNIT00864,LOT006,WAFER0864,PKG00864,2,Wafer Sort,OSAT,Wafer Test,WS-02,B,FAIL,ABNORMAL,ABNORMAL,,,,,,9.49,,,,,,,,,,,,,,,,,,,1,sort_current_a=9.49,True,True,True
2026-01-10 19:54:00,UNIT00863,LOT006,WAFER0863,PKG00863,3,Back Grinding,ATMP,Wafer Processing,BG-02,B,FAIL,ABNORMAL,ABNORMAL,756.047,,,,,,-0.085,,,,,,,,,,,,,,,,,,1,thickness_variation_um=-0.085,True,True,True
2026-01-10 19:39:00,UNIT00862,LOT006,WAFER0862,PKG00862,4,Wafer Dicing,ATMP,Wafer Processing,WD-01,B,FAIL,ABNORMAL,ABNORMAL,,,,,,,,56.593,,,,,,,,,,,,,,,,,1,kerf_width_um=56.593,True,True,True
2026-01-10 19:18:00,UNIT00860,LOT006,WAFER0860,PKG00860,15,Final Inspection,ATMP,Final Inspection,FI-01,C,FAIL,ABNORMAL,ABNORMAL,,,,,,,,,,,,,,,,101.351,,10.02,,,,,,,1,marking_quality_score=101.351,True,True,True
2026-01-10 18:32:00,UNIT00858,LOT006,WAFER0858,PKG00858,1,Wafer Inspection,ATMP,Wafer Metrology,WI-02,C,FAIL,ABNORMAL,ABNORMAL,773.057,3.122,11.881,55.033,117.049,,,,,,,,,,,,,,,,,,,,1,warp_um=55.033,True,True,True
2026-01-10 18:03:00,UNIT00856,LOT006,WAFER0856,PKG00856,4,Wafer Dicing,ATMP,Wafer Processing,WD-01,C,FAIL,ABNORMAL,ABNORMAL,,,,,,,,55.571,,,,,,,,,,,,,,,,,1,kerf_width_um=55.571,True,True,True
2026-01-10 17:57:00,UNIT00855,LOT006,WAFER0855,PKG00855,14,EOL,OSAT,Final Testing,EOL-02,B,FAIL,ABNORMAL,ABNORMAL,,,,,,,,,,,,,,,,,,,,,,,101.808,,1,eol_temperature_c=101.808,True,True,True
2026-01-10 17:14:00,UNIT00853,LOT006,WAFER0853,PKG00853,3,Back Grinding,ATMP,Wafer Processing,BG-02,B,FAIL,ABNORMAL,ABNORMAL,810.93,,,,,,1.026,,,,,,,,,,,,,,,,,,1,wafer_thickness_um=810.93,True,True,True
2026-01-10 16:56:00,UNIT00852,LOT006,WAFER0852,PKG00852,1,Wafer Inspection,ATMP,Wafer Metrology,WI-02,B,FAIL,ABNORMAL,ABNORMAL,803.574,2.925,33.26,35.636,115.28,,,,,,,,,,,,,,,,,,,,1,wafer_thickness_um=803.574,True,True,True
2026-01-10 16:45:00,UNIT00851,LOT006,WAFER0851,PKG00851,6,Wire Bonding,OSAT/ATMP,Assembly,WB-01,A,FAIL,ABNORMAL,ABNORMAL,,,,,,,,,,,59.558,6.701,,,,,,,,,,,,,1,wire_bond_force_n=59.558,True,True,True
2026-01-10 16:28:00,UNIT00850,LOT006,WAFER0850,PKG00850,5,Die Attach,OSAT/ATMP,Assembly,DA-01,C,FAIL,ABNORMAL,ABNORMAL,,,,,,,,,12.701,26.376,,,,,,,,,,,,,,,1,attach_force_n=12.701,True,True,True
2026-01-10 15:59:00,UNIT00848,LOT006,WAFER0848,PKG00848,8,Marking,ATMP,Package Marking,MK-01,A,FAIL,ABNORMAL,ABNORMAL,,,,,,,,,,,,,,,,88.202,,,,,,,,,1,marking_quality_score=88.202,True,True,True
2026-01-10 15:20:00,UNIT00846,LOT006,WAFER0846,PKG00846,1,Wafer Inspection,ATMP,Wafer Metrology,WI-02,A,FAIL,ABNORMAL,ABNORMAL,793.525,1.495,-6.408,35.885,104.452,,,,,,,,,,,,,,,,,,,,1,bow_um=-6.408,True,True,True
2026-01-10 15:04:00,UNIT00845,LOT006,WAFER0845,PKG00845,1,Wafer Inspection,ATMP,Wafer Metrology,WI-01,B,FAIL,ABNORMAL,ABNORMAL,741.987,5.613,38.084,27.285,125.021,,,,,,,,,,,,,,,,,,,,2,ttv_um=5.613; tape_thickness_um=125.021,True,True,True
2026-01-10 14:48:00,UNIT00844,LOT006,WAFER0844,PKG00844,1,Wafer Inspection,ATMP,Wafer Metrology,WI-01,C,FAIL,ABNORMAL,ABNORMAL,787.458,1.067,53.254,7.537,104.822,,,,,,,,,,,,,,,,,,,,1,bow_um=53.254,True,True,True
2026-01-10 14:06:00,UNIT00841,LOT006,WAFER0841,PKG00841,7,Encapsulation / Molding,OSAT/ATMP,Packaging,MO-02,A,FAIL,ABNORMAL,ABNORMAL,,,,,,,,,,,,,179.765,110.356,5.755,,,,,,,,,,1,void_percentage=5.755,True,True,True
2026-01-10 13:12:00,UNIT00838,LOT006,WAFER0838,PKG00838,1,Wafer Inspection,ATMP,Wafer Metrology,WI-02,C,FAIL,ABNORMAL,ABNORMAL,757.511,5.738,24.506,1.443,82.568,,,,,,,,,,,,,,,,,,,,1,ttv_um=5.738,True,True,True
2026-01-10 12:58:00,UNIT00837,LOT006,WAFER0837,PKG00837,3,Back Grinding,ATMP,Wafer Processing,BG-01,A,FAIL,ABNORMAL,ABNORMAL,735.876,,,,,,-0.085,,,,,,,,,,,,,,,,,,1,thickness_variation_um=-0.085,True,True,True
2026-01-10 12:46:00,UNIT00836,LOT006,WAFER0836,PKG00836,7,Encapsulation / Molding,OSAT/ATMP,Packaging,MO-01,A,FAIL,ABNORMAL,ABNORMAL,,,,,,,,,,,,,166.542,106.227,3.152,,,,,,,,,,1,mold_temperature_c=166.542,True,True,True
2026-01-10 12:08:00,UNIT00834,LOT006,WAFER0834,PKG00834,1,Wafer Inspection,ATMP,Wafer Metrology,WI-01,A,FAIL,ABNORMAL,ABNORMAL,710.972,-0.878,29.724,17.244,81.396,,,,,,,,,,,,,,,,,,,,1,ttv_um=-0.878,True,True,True
2026-01-10 11:37:00,UNIT00832,LOT006,WAFER0832,PKG00832,2,Wafer Sort,OSAT,Wafer Test,WS-02,A,FAIL,ABNORMAL,ABNORMAL,,,,,,10.551,,,,,,,,,,,,,,,,,,,1,sort_current_a=10.551,True,True,True
2026-01-10 10:53:00,UNIT00829,LOT006,WAFER0829,PKG00829,6,Wire Bonding,OSAT/ATMP,Assembly,WB-01,A,FAIL,ABNORMAL,ABNORMAL,,,,,,,,,,,58.13,4.739,,,,,,,,,,,,,2,wire_bond_force_n=58.13; bond_pull_strength_gf=4.739,True,True,True
2026-01-10 10:36:00,UNIT00828,LOT006,WAFER0828,PKG00828,5,Die Attach,OSAT/ATMP,Assembly,DA-02,B,FAIL,ABNORMAL,ABNORMAL,,,,,,,,,7.764,34.011,,,,,,,,,,,,,,,1,attach_force_n=7.764,True,True,True
2026-01-10 10:06:00,UNIT00826,LOT006,WAFER0826,PKG00826,7,Encapsulation / Molding,OSAT/ATMP,Packaging,MO-01,B,FAIL,ABNORMAL,ABNORMAL,,,,,,,,,,,,,166.196,135.461,2.811,,,,,,,,,,1,mold_temperature_c=166.196,True,True,True
2026-01-10 09:44:00,UNIT00825,LOT006,WAFER0825,PKG00825,1,Wafer Inspection,ATMP,Wafer Metrology,WI-01,C,FAIL,ABNORMAL,ABNORMAL,797.204,0.714,5.056,-8.878,102.925,,,,,,,,,,,,,,,,,,,,1,warp_um=-8.878,True,True,True
2026-01-10 09:23:00,UNIT00823,LOT006,WAFER0823,PKG00823,12,ICT,OSAT,Electrical Testing,ICT-01,C,FAIL,ABNORMAL,ABNORMAL,,,,,,,,,,,,,,,,,,,,,9.341,,,,1,ict_current_a=9.341,True,True,True
2026-01-10 09:01:00,UNIT00822,LOT006,WAFER0822,PKG00822,6,Wire Bonding,OSAT/ATMP,Assembly,WB-01,A,FAIL,ABNORMAL,ABNORMAL,,,,,,,,,,,66.331,4.05,,,,,,,,,,,,,1,bond_pull_strength_gf=4.05,True,True,True
2026-01-10 08:46:00,UNIT00821,LOT006,WAFER0821,PKG00821,7,Encapsulation / Molding,OSAT/ATMP,Packaging,MO-01,C,FAIL,ABNORMAL,ABNORMAL,,,,,,,,,,,,,171.285,93.552,3.281,,,,,,,,,,1,mold_cure_time_s=93.552,True,True,True
2026-01-10 08:34:00,UNIT00820,LOT006,WAFER0820,PKG00820,11,Burn-in,OSAT,Testing,BI-02,C,FAIL,ABNORMAL,ABNORMAL,,,,,,,,,,,,,,,,,,,131.913,5.37,,,,,1,burn_in_temperature_c=131.913,True,True,True
2026-01-10 08:12:00,UNIT00819,LOT006,WAFER0819,PKG00819,5,Die Attach,OSAT/ATMP,Assembly,DA-01,B,FAIL,ABNORMAL,ABNORMAL,,,,,,,,,7.481,15.694,,,,,,,,,,,,,,,1,attach_force_n=7.481,True,True,True
2026-01-10 07:57:00,UNIT00818,LOT006,WAFER0818,PKG00818,6,Wire Bonding,OSAT/ATMP,Assembly,WB-01,C,FAIL,ABNORMAL,ABNORMAL,,,,,,,,,,,65.895,4.345,,,,,,,,,,,,,1,bond_pull_strength_gf=4.345,True,True,True
2026-01-10 07:20:00,UNIT00816,LOT006,WAFER0816,PKG00816,1,Wafer Inspection,ATMP,Wafer Metrology,WI-01,C,FAIL,ABNORMAL,ABNORMAL,753.351,4.117,59.817,20.552,110.536,,,,,,,,,,,,,,,,,,,,1,bow_um=59.817,True,True,True
2026-01-10 07:04:00,UNIT00815,LOT006,WAFER0815,PKG00815,1,Wafer Inspection,ATMP,Wafer Metrology,WI-02,A,FAIL,ABNORMAL,ABNORMAL,753.507,3.987,55.958,15.727,102.444,,,,,,,,,,,,,,,,,,,,1,bow_um=55.958,True,True,True
2026-01-10 06:50:00,UNIT00814,LOT006,WAFER0814,PKG00814,3,Back Grinding,ATMP,Wafer Processing,BG-01,A,FAIL,ABNORMAL,ABNORMAL,777.855,,,,,,-0.224,,,,,,,,,,,,,,,,,,1,thickness_variation_um=-0.224,True,True,True
2026-01-10 06:00:00,UNIT00811,LOT006,WAFER0811,PKG00811,1,Wafer Inspection,ATMP,Wafer Metrology,WI-02,C,FAIL,ABNORMAL,ABNORMAL,814.057,5.614,25.513,21.689,103.731,,,,,,,,,,,,,,,,,,,,2,wafer_thickness_um=814.057; ttv_um=5.614,True,True,True
2026-01-10 05:44:00,UNIT00810,LOT006,WAFER0810,PKG00810,1,Wafer Inspection,ATMP,Wafer Metrology,WI-02,B,FAIL,ABNORMAL,ABNORMAL,697.806,2.75,20.671,3.634,125.713,,,,,,,,,,,,,,,,,,,,2,wafer_thickness_um=697.806; tape_thickness_um=125.713,True,True,True
2026-01-10 05:32:00,UNIT00809,LOT006,WAFER0809,PKG00809,5,Die Attach,OSAT/ATMP,Assembly,DA-01,C,FAIL,ABNORMAL,ABNORMAL,,,,,,,,,12.085,13.896,,,,,,,,,,,,,,,1,attach_force_n=12.085,True,True,True
2026-01-10 05:14:00,UNIT00808,LOT006,WAFER0808,PKG00808,3,Back Grinding,ATMP,Wafer Processing,BG-02,A,FAIL,ABNORMAL,ABNORMAL,755.34,,,,,,5.362,,,,,,,,,,,,,,,,,,1,thickness_variation_um=5.362,True,True,True
2026-01-10 04:58:00,UNIT00807,LOT006,WAFER0807,PKG00807,3,Back Grinding,ATMP,Wafer Processing,BG-02,A,FAIL,ABNORMAL,ABNORMAL,737.682,,,,,,-0.372,,,,,,,,,,,,,,,,,,1,thickness_variation_um=-0.372,True,True,True
2026-01-10 04:24:00,UNIT00805,LOT006,WAFER0805,PKG00805,1,Wafer Inspection,ATMP,Wafer Metrology,WI-01,A,FAIL,ABNORMAL,ABNORMAL,691.899,4.87,16.377,46.157,90.774,,,,,,,,,,,,,,,,,,,,1,wafer_thickness_um=691.899,True,True,True
2026-01-10 04:16:00,UNIT00804,LOT006,WAFER0804,PKG00804,9,Singulation,ATMP,Package Processing,SG-02,B,FAIL,ABNORMAL,ABNORMAL,,,,,,,,,,,,,,,,,-1.092,,,,,,,,1,singulation_damage_score=-1.092,True,True,True
2026-01-10 03:57:00,UNIT00803,LOT006,WAFER0803,PKG00803,6,Wire Bonding,OSAT/ATMP,Assembly,WB-01,C,FAIL,ABNORMAL,ABNORMAL,,,,,,,,,,,69.795,4.797,,,,,,,,,,,,,1,bond_pull_strength_gf=4.797,True,True,True
2026-01-10 03:20:00,UNIT00801,LOT006,WAFER0801,PKG00801,1,Wafer Inspection,ATMP,Wafer Metrology,WI-01,C,FAIL,ABNORMAL,ABNORMAL,756.444,-0.048,39.65,-4.213,105.872,,,,,,,,,,,,,,,,,,,,2,ttv_um=-0.048; warp_um=-4.213,True,True,True
2026-01-10 03:08:00,UNIT00800,LOT006,WAFER0800,PKG00800,5,Die Attach,OSAT/ATMP,Assembly,DA-01,B,FAIL,ABNORMAL,ABNORMAL,,,,,,,,,12.35,6.194,,,,,,,,,,,,,,,1,attach_force_n=12.35,True,True,True
2026-01-10 02:49:00,UNIT00799,LOT006,WAFER0799,PKG00799,2,Wafer Sort,OSAT,Wafer Test,WS-01,C,FAIL,ABNORMAL,ABNORMAL,,,,,,9.497,,,,,,,,,,,,,,,,,,,1,sort_current_a=9.497,True,True,True
2026-01-10 02:40:00,UNIT00798,LOT006,WAFER0798,PKG00798,9,Singulation,ATMP,Package Processing,SG-01,B,FAIL,ABNORMAL,ABNORMAL,,,,,,,,,,,,,,,,,10.715,,,,,,,,1,singulation_damage_score=10.715,True,True,True
2026-01-10 02:21:00,UNIT00797,LOT006,WAFER0797,PKG00797,6,Wire Bonding,OSAT/ATMP,Assembly,WB-02,B,FAIL,ABNORMAL,ABNORMAL,,,,,,,,,,,68.549,10.974,,,,,,,,,,,,,1,bond_pull_strength_gf=10.974,True,True,True
2026-01-10 02:04:00,UNIT00796,LOT006,WAFER0796,PKG00796,5,Die Attach,OSAT/ATMP,Assembly,DA-01,C,FAIL,ABNORMAL,ABNORMAL,,,,,,,,,12.783,47.992,,,,,,,,,,,,,,,1,attach_force_n=12.783,True,True,True
2026-01-10 01:46:00,UNIT00795,LOT006,WAFER0795,PKG00795,3,Back Grinding,ATMP,Wafer Processing,BG-01,B,FAIL,ABNORMAL,ABNORMAL,698.772,,,,,,-0.683,,,,,,,,,,,,,,,,,,2,wafer_thickness_um=698.772; thickness_variation_um=-0.683,True,True,True
2026-01-10 01:29:00,UNIT00794,LOT006,WAFER0794,PKG00794,2,Wafer Sort,OSAT,Wafer Test,WS-01,C,FAIL,ABNORMAL,ABNORMAL,,,,,,9.331,,,,,,,,,,,,,,,,,,,1,sort_current_a=9.331,True,True,True
2026-01-10 01:26:00,UNIT00793,LOT006,WAFER0793,PKG00793,15,Final Inspection,ATMP,Final Inspection,FI-02,B,FAIL,ABNORMAL,ABNORMAL,,,,,,,,,,,,,,,,88.783,,10.036,,,,,,,1,marking_quality_score=88.783,True,True,True
2026-01-10 01:02:00,UNIT00792,LOT006,WAFER0792,PKG00792,7,Encapsulation / Molding,OSAT/ATMP,Packaging,MO-01,C,FAIL,ABNORMAL,ABNORMAL,,,,,,,,,,,,,169.816,120.44,4.569,,,,,,,,,,1,mold_temperature_c=169.816,True,True,True
2026-01-10 00:45:00,UNIT00791,LOT006,WAFER0791,PKG00791,6,Wire Bonding,OSAT/ATMP,Assembly,WB-02,B,FAIL,ABNORMAL,ABNORMAL,,,,,,,,,,,58.479,9.298,,,,,,,,,,,,,1,wire_bond_force_n=58.479,True,True,True
2026-01-10 00:24:00,UNIT00790,LOT006,WAFER0790,PKG00790,1,Wafer Inspection,ATMP,Wafer Metrology,WI-02,C,FAIL,ABNORMAL,ABNORMAL,700.413,5.021,23.294,11.936,107.594,,,,,,,,,,,,,,,,,,,,1,ttv_um=5.021,True,True,True
2026-01-10 00:13:00,UNIT00789,LOT006,WAFER0789,PKG00789,6,Wire Bonding,OSAT/ATMP,Assembly,WB-01,A,FAIL,ABNORMAL,ABNORMAL,,,,,,,,,,,70.592,9.354,,,,,,,,,,,,,1,wire_bond_force_n=70.592,True,True,True
2026-01-09 23:36:00,UNIT00787,LOT006,WAFER0787,PKG00787,1,Wafer Inspection,ATMP,Wafer Metrology,WI-01,C,FAIL,ABNORMAL,ABNORMAL,721.669,0.849,0.008,57.182,84.444,,,,,,,,,,,,,,,,,,,,1,warp_um=57.182,True,True,True
2026-01-09 23:17:00,UNIT00785,LOT006,WAFER0785,PKG00785,14,EOL,OSAT,Final Testing,EOL-01,A,FAIL,ABNORMAL,ABNORMAL,,,,,,,,,,,,,,,,,,,,,,,103.031,,1,eol_temperature_c=103.031,True,True,True
2026-01-09 22:48:00,UNIT00784,LOT006,WAFER0784,PKG00784,1,Wafer Inspection,ATMP,Wafer Metrology,WI-02,C,FAIL,ABNORMAL,ABNORMAL,685.81,1.699,46.798,8.237,81.686,,,,,,,,,,,,,,,,,,,,1,wafer_thickness_um=685.81,True,True,True
2026-01-09 22:16:00,UNIT00782,LOT006,WAFER0782,PKG00782,1,Wafer Inspection,ATMP,Wafer Metrology,WI-01,C,FAIL,ABNORMAL,ABNORMAL,718.289,2.351,-1.28,11.252,99.072,,,,,,,,,,,,,,,,,,,,1,bow_um=-1.28,True,True,True
2026-01-09 22:00:00,UNIT00781,LOT006,WAFER0781,PKG00781,1,Wafer Inspection,ATMP,Wafer Metrology,WI-01,C,FAIL,ABNORMAL,ABNORMAL,742.986,3.208,40.911,0.283,127.936,,,,,,,,,,,,,,,,,,,,1,tape_thickness_um=127.936,True,True,True
2026-01-09 21:50:00,UNIT00780,LOT006,WAFER0780,PKG00780,7,Encapsulation / Molding,OSAT/ATMP,Packaging,MO-01,C,FAIL,ABNORMAL,ABNORMAL,,,,,,,,,,,,,187.416,146.961,2.895,,,,,,,,,,1,mold_cure_time_s=146.961,True,True,True
2026-01-09 21:29:00,UNIT00779,LOT006,WAFER0779,PKG00779,2,Wafer Sort,OSAT,Wafer Test,WS-02,A,FAIL,ABNORMAL,ABNORMAL,,,,,,9.322,,,,,,,,,,,,,,,,,,,1,sort_current_a=9.322,True,True,True
2026-01-09 21:07:00,UNIT00777,LOT006,WAFER0777,PKG00777,12,ICT,OSAT,Electrical Testing,ICT-02,C,FAIL,ABNORMAL,ABNORMAL,,,,,,,,,,,,,,,,,,,,,9.443,,,,1,ict_current_a=9.443,True,True,True
2026-01-09 20:40:00,UNIT00776,LOT006,WAFER0776,PKG00776,1,Wafer Inspection,ATMP,Wafer Metrology,WI-01,C,FAIL,ABNORMAL,ABNORMAL,768.956,2.044,10.307,54.028,83.038,,,,,,,,,,,,,,,,,,,,1,warp_um=54.028,True,True,True
2026-01-09 20:24:00,UNIT00775,LOT006,WAFER0775,PKG00775,1,Wafer Inspection,ATMP,Wafer Metrology,WI-01,B,FAIL,ABNORMAL,ABNORMAL,699.935,1.876,29.951,42.813,84.698,,,,,,,,,,,,,,,,,,,,1,wafer_thickness_um=699.935,True,True,True
2026-01-09 20:08:00,UNIT00774,LOT006,WAFER0774,PKG00774,1,Wafer Inspection,ATMP,Wafer Metrology,WI-01,C,FAIL,ABNORMAL,ABNORMAL,802.132,1.728,7.419,31.802,117.98,,,,,,,,,,,,,,,,,,,,1,wafer_thickness_um=802.132,True,True,True
2026-01-09 19:52:00,UNIT00773,LOT006,WAFER0773,PKG00773,1,Wafer Inspection,ATMP,Wafer Metrology,WI-01,C,FAIL,ABNORMAL,ABNORMAL,792.717,4.507,4.494,6.596,123.964,,,,,,,,,,,,,,,,,,,,1,tape_thickness_um=123.964,True,True,True
2026-01-09 18:52:00,UNIT00769,LOT006,WAFER0769,PKG00769,5,Die Attach,OSAT/ATMP,Assembly,DA-02,C,FAIL,ABNORMAL,ABNORMAL,,,,,,,,,8.1,57.858,,,,,,,,,,,,,,,1,attach_offset_um=57.858,True,True,True
2026-01-09 18:32:00,UNIT00768,LOT006,WAFER0768,PKG00768,1,Wafer Inspection,ATMP,Wafer Metrology,WI-02,B,FAIL,ABNORMAL,ABNORMAL,738.504,4.182,47.498,40.282,75.02,,,,,,,,,,,,,,,,,,,,1,tape_thickness_um=75.02,True,True,True
2026-01-09 18:29:00,UNIT00767,LOT006,WAFER0767,PKG00767,14,EOL,OSAT,Final Testing,EOL-01,C,FAIL,ABNORMAL,ABNORMAL,,,,,,,,,,,,,,,,,,,,,,,102.625,,1,eol_temperature_c=102.625,True,True,True
2026-01-09 17:32:00,UNIT00764,LOT006,WAFER0764,PKG00764,5,Die Attach,OSAT/ATMP,Assembly,DA-01,A,FAIL,ABNORMAL,ABNORMAL,,,,,,,,,7.749,0.894,,,,,,,,,,,,,,,1,attach_force_n=7.749,True,True,True
2026-01-09 17:17:00,UNIT00763,LOT006,WAFER0763,PKG00763,6,Wire Bonding,OSAT/ATMP,Assembly,WB-01,C,FAIL,ABNORMAL,ABNORMAL,,,,,,,,,,,63.352,4.042,,,,,,,,,,,,,1,bond_pull_strength_gf=4.042,True,True,True
2026-01-09 17:09:00,UNIT00762,LOT006,WAFER0762,PKG00762,14,EOL,OSAT,Final Testing,EOL-02,C,FAIL,ABNORMAL,ABNORMAL,,,,,,,,,,,,,,,,,,,,,,,101.594,,1,eol_temperature_c=101.594,True,True,True
2026-01-09 16:42:00,UNIT00761,LOT006,WAFER0761,PKG00761,3,Back Grinding,ATMP,Wafer Processing,BG-01,B,FAIL,ABNORMAL,ABNORMAL,699.971,,,,,,2.165,,,,,,,,,,,,,,,,,,1,wafer_thickness_um=699.971,True,True,True
2026-01-09 16:08:00,UNIT00759,LOT006,WAFER0759,PKG00759,1,Wafer Inspection,ATMP,Wafer Metrology,WI-01,C,FAIL,ABNORMAL,ABNORMAL,696.35,2.539,24.792,46.521,115.599,,,,,,,,,,,,,,,,,,,,1,wafer_thickness_um=696.35,True,True,True
2026-01-09 15:52:00,UNIT00758,LOT006,WAFER0758,PKG00758,1,Wafer Inspection,ATMP,Wafer Metrology,WI-01,A,FAIL,ABNORMAL,ABNORMAL,747.529,0.964,31.369,48.971,123.715,,,,,,,,,,,,,,,,,,,,1,tape_thickness_um=123.715,True,True,True
2026-01-09 15:36:00,UNIT00757,LOT006,WAFER0757,PKG00757,1,Wafer Inspection,ATMP,Wafer Metrology,WI-01,B,FAIL,ABNORMAL,ABNORMAL,783.132,1.825,5.011,56.737,80.31,,,,,,,,,,,,,,,,,,,,1,warp_um=56.737,True,True,True
2026-01-09 15:32:00,UNIT00756,LOT006,WAFER0756,PKG00756,13,FCT,OSAT,Functional Testing,FCT-01,B,FAIL,ABNORMAL,ABNORMAL,,,,,,,,,,,,,,,,,,,,,,3.062,,,1,fct_voltage_v=3.062,True,True,True
2026-01-09 15:08:00,UNIT00755,LOT006,WAFER0755,PKG00755,5,Die Attach,OSAT/ATMP,Assembly,DA-01,A,FAIL,ABNORMAL,ABNORMAL,,,,,,,,,10.182,51.473,,,,,,,,,,,,,,,1,attach_offset_um=51.473,True,True,True
2026-01-09 14:54:00,UNIT00754,LOT006,WAFER0754,PKG00754,7,Encapsulation / Molding,OSAT/ATMP,Packaging,MO-01,A,FAIL,ABNORMAL,ABNORMAL,,,,,,,,,,,,,186.351,139.596,5.407,,,,,,,,,,1,void_percentage=5.407,True,True,True
2026-01-09 14:34:00,UNIT00753,LOT006,WAFER0753,PKG00753,3,Back Grinding,ATMP,Wafer Processing,BG-01,B,FAIL,ABNORMAL,ABNORMAL,779.822,,,,,,-0.567,,,,,,,,,,,,,,,,,,1,thickness_variation_um=-0.567,True,True,True
2026-01-09 14:16:00,UNIT00752,LOT006,WAFER0752,PKG00752,1,Wafer Inspection,ATMP,Wafer Metrology,WI-01,C,FAIL,ABNORMAL,ABNORMAL,808.577,3.792,18.59,12.205,109.161,,,,,,,,,,,,,,,,,,,,1,wafer_thickness_um=808.577,True,True,True
2026-01-09 14:14:00,UNIT00751,LOT006,WAFER0751,PKG00751,15,Final Inspection,ATMP,Final Inspection,FI-02,A,FAIL,ABNORMAL,ABNORMAL,,,,,,,,,,,,,,,,95.898,,9.782,,,,,,,1,package_dimension_mm=9.782,True,True,True
2026-01-09 13:44:00,UNIT00750,LOT005,WAFER0750,PKG00750,1,Wafer Inspection,ATMP,Wafer Metrology,WI-01,A,FAIL,ABNORMAL,ABNORMAL,783.399,0.701,-1.134,36.489,86.587,,,,,,,,,,,,,,,,,,,,1,bow_um=-1.134,True,True,True
2026-01-09 13:34:00,UNIT00749,LOT005,WAFER0749,PKG00749,7,Encapsulation / Molding,OSAT/ATMP,Packaging,MO-02,A,FAIL,ABNORMAL,ABNORMAL,,,,,,,,,,,,,190.459,133.477,0.138,,,,,,,,,,1,mold_temperature_c=190.459,True,True,True
2026-01-09 12:56:00,UNIT00747,LOT005,WAFER0747,PKG00747,1,Wafer Inspection,ATMP,Wafer Metrology,WI-01,C,FAIL,ABNORMAL,ABNORMAL,796.579,5.008,43.986,9.986,117.891,,,,,,,,,,,,,,,,,,,,1,ttv_um=5.008,True,True,True
2026-01-09 12:42:00,UNIT00746,LOT005,WAFER0746,PKG00746,3,Back Grinding,ATMP,Wafer Processing,BG-02,C,FAIL,ABNORMAL,ABNORMAL,805.25,,,,,,1.227,,,,,,,,,,,,,,,,,,1,wafer_thickness_um=805.25,True,True,True
2026-01-09 12:08:00,UNIT00744,LOT005,WAFER0744,PKG00744,1,Wafer Inspection,ATMP,Wafer Metrology,WI-01,A,FAIL,ABNORMAL,ABNORMAL,717.101,2.129,9.359,-2.267,98.975,,,,,,,,,,,,,,,,,,,,1,warp_um=-2.267,True,True,True
2026-01-09 11:30:00,UNIT00741,LOT005,WAFER0741,PKG00741,11,Burn-in,OSAT,Testing,BI-01,B,FAIL,ABNORMAL,ABNORMAL,,,,,,,,,,,,,,,,,,,120.907,3.734,,,,,1,burn_in_hours=3.734,True,True,True
2026-01-09 10:48:00,UNIT00739,LOT005,WAFER0739,PKG00739,1,Wafer Inspection,ATMP,Wafer Metrology,WI-01,A,FAIL,ABNORMAL,ABNORMAL,716.223,1.55,44.999,34.409,79.888,,,,,,,,,,,,,,,,,,,,1,tape_thickness_um=79.888,True,True,True
2026-01-09 10:38:00,UNIT00738,LOT005,WAFER0738,PKG00738,7,Encapsulation / Molding,OSAT/ATMP,Packaging,MO-01,C,FAIL,ABNORMAL,ABNORMAL,,,,,,,,,,,,,167.296,127.155,2.816,,,,,,,,,,1,mold_temperature_c=167.296,True,True,True
2026-01-09 10:16:00,UNIT00737,LOT005,WAFER0737,PKG00737,1,Wafer Inspection,ATMP,Wafer Metrology,WI-02,A,FAIL,ABNORMAL,ABNORMAL,756.951,4.383,-0.718,26.44,110.152,,,,,,,,,,,,,,,,,,,,1,bow_um=-0.718,True,True,True
2026-01-09 10:13:00,UNIT00736,LOT005,WAFER0736,PKG00736,14,EOL,OSAT,Final Testing,EOL-02,C,FAIL,ABNORMAL,ABNORMAL,,,,,,,,,,,,,,,,,,,,,,,101.734,,1,eol_temperature_c=101.734,True,True,True
2026-01-09 09:44:00,UNIT00735,LOT005,WAFER0735,PKG00735,1,Wafer Inspection,ATMP,Wafer Metrology,WI-02,B,FAIL,ABNORMAL,ABNORMAL,739.203,-0.095,28.0,22.52,105.867,,,,,,,,,,,,,,,,,,,,1,ttv_um=-0.095,True,True,True
2026-01-09 09:39:00,UNIT00734,LOT005,WAFER0734,PKG00734,12,ICT,OSAT,Electrical Testing,ICT-02,C,FAIL,ABNORMAL,ABNORMAL,,,,,,,,,,,,,,,,,,,,,10.644,,,,1,ict_current_a=10.644,True,True,True
2026-01-09 09:19:00,UNIT00733,LOT005,WAFER0733,PKG00733,8,Marking,ATMP,Package Marking,MK-02,A,FAIL,ABNORMAL,ABNORMAL,,,,,,,,,,,,,,,,101.722,,,,,,,,,1,marking_quality_score=101.722,True,True,True
2026-01-09 09:01:00,UNIT00732,LOT005,WAFER0732,PKG00732,6,Wire Bonding,OSAT/ATMP,Assembly,WB-02,B,FAIL,ABNORMAL,ABNORMAL,,,,,,,,,,,70.737,8.565,,,,,,,,,,,,,1,wire_bond_force_n=70.737,True,True,True
2026-01-09 08:54:00,UNIT00731,LOT005,WAFER0731,PKG00731,15,Final Inspection,ATMP,Final Inspection,FI-02,C,FAIL,ABNORMAL,ABNORMAL,,,,,,,,,,,,,,,,88.005,,9.966,,,,,,,1,marking_quality_score=88.005,True,True,True
2026-01-09 08:35:00,UNIT00730,LOT005,WAFER0730,PKG00730,12,ICT,OSAT,Electrical Testing,ICT-02,A,FAIL,ABNORMAL,ABNORMAL,,,,,,,,,,,,,,,,,,,,,9.428,,,,1,ict_current_a=9.428,True,True,True
2026-01-09 08:10:00,UNIT00729,LOT005,WAFER0729,PKG00729,3,Back Grinding,ATMP,Wafer Processing,BG-01,C,FAIL,ABNORMAL,ABNORMAL,735.689,,,,,,-0.7,,,,,,,,,,,,,,,,,,1,thickness_variation_um=-0.7,True,True,True
2026-01-09 07:54:00,UNIT00728,LOT005,WAFER0728,PKG00728,3,Back Grinding,ATMP,Wafer Processing,BG-02,A,FAIL,ABNORMAL,ABNORMAL,688.963,,,,,,4.688,,,,,,,,,,,,,,,,,,1,wafer_thickness_um=688.963,True,True,True
2026-01-09 07:39:00,UNIT00727,LOT005,WAFER0727,PKG00727,4,Wafer Dicing,ATMP,Wafer Processing,WD-01,B,FAIL,ABNORMAL,ABNORMAL,,,,,,,,44.315,,,,,,,,,,,,,,,,,1,kerf_width_um=44.315,True,True,True
2026-01-09 07:29:00,UNIT00726,LOT005,WAFER0726,PKG00726,10,Package Inspection,OSAT/ATMP,Package Inspection,PI-02,A,FAIL,ABNORMAL,ABNORMAL,,,,,,,,,,,,,,,,,,9.788,,,,,,,1,package_dimension_mm=9.788,True,True,True
2026-01-09 07:04:00,UNIT00725,LOT005,WAFER0725,PKG00725,1,Wafer Inspection,ATMP,Wafer Metrology,WI-01,B,FAIL,ABNORMAL,ABNORMAL,818.089,0.991,1.29,1.014,104.893,,,,,,,,,,,,,,,,,,,,1,wafer_thickness_um=818.089,True,True,True
2026-01-09 06:55:00,UNIT00724,LOT005,WAFER0724,PKG00724,8,Marking,ATMP,Package Marking,MK-01,C,FAIL,ABNORMAL,ABNORMAL,,,,,,,,,,,,,,,,88.384,,,,,,,,,1,marking_quality_score=88.384,True,True,True
2026-01-09 06:45:00,UNIT00723,LOT005,WAFER0723,PKG00723,14,EOL,OSAT,Final Testing,EOL-02,C,FAIL,ABNORMAL,ABNORMAL,,,,,,,,,,,,,,,,,,,,,,,78.437,,1,eol_temperature_c=78.437,True,True,True
2026-01-09 06:05:00,UNIT00721,LOT005,WAFER0721,PKG00721,6,Wire Bonding,OSAT/ATMP,Assembly,WB-02,B,FAIL,ABNORMAL,ABNORMAL,,,,,,,,,,,60.387,10.754,,,,,,,,,,,,,1,bond_pull_strength_gf=10.754,True,True,True
2026-01-09 05:44:00,UNIT00720,LOT005,WAFER0720,PKG00720,1,Wafer Inspection,ATMP,Wafer Metrology,WI-01,A,FAIL,ABNORMAL,ABNORMAL,810.019,1.875,31.293,39.68,91.224,,,,,,,,,,,,,,,,,,,,1,wafer_thickness_um=810.019,True,True,True
2026-01-09 05:12:00,UNIT00718,LOT005,WAFER0718,PKG00718,1,Wafer Inspection,ATMP,Wafer Metrology,WI-02,B,FAIL,ABNORMAL,ABNORMAL,720.17,2.149,24.702,2.761,127.637,,,,,,,,,,,,,,,,,,,,1,tape_thickness_um=127.637,True,True,True
2026-01-09 04:28:00,UNIT00715,LOT005,WAFER0715,PKG00715,5,Die Attach,OSAT/ATMP,Assembly,DA-02,C,FAIL,ABNORMAL,ABNORMAL,,,,,,,,,10.82,-7.731,,,,,,,,,,,,,,,1,attach_offset_um=-7.731,True,True,True
2026-01-09 04:11:00,UNIT00714,LOT005,WAFER0714,PKG00714,4,Wafer Dicing,ATMP,Wafer Processing,WD-01,B,FAIL,ABNORMAL,ABNORMAL,,,,,,,,44.116,,,,,,,,,,,,,,,,,1,kerf_width_um=44.116,True,True,True
2026-01-09 03:52:00,UNIT00713,LOT005,WAFER0713,PKG00713,1,Wafer Inspection,ATMP,Wafer Metrology,WI-02,C,FAIL,ABNORMAL,ABNORMAL,719.517,0.827,57.772,11.449,101.066,,,,,,,,,,,,,,,,,,,,1,bow_um=57.772,True,True,True
2026-01-09 03:10:00,UNIT00710,LOT005,WAFER0710,PKG00710,7,Encapsulation / Molding,OSAT/ATMP,Packaging,MO-02,B,FAIL,ABNORMAL,ABNORMAL,,,,,,,,,,,,,166.989,129.266,2.197,,,,,,,,,,1,mold_temperature_c=166.989,True,True,True
2026-01-09 02:48:00,UNIT00709,LOT005,WAFER0709,PKG00709,1,Wafer Inspection,ATMP,Wafer Metrology,WI-01,B,FAIL,ABNORMAL,ABNORMAL,758.894,5.139,0.169,-7.547,108.183,,,,,,,,,,,,,,,,,,,,2,ttv_um=5.139; warp_um=-7.547,True,True,True
2026-01-09 02:33:00,UNIT00708,LOT005,WAFER0708,PKG00708,2,Wafer Sort,OSAT,Wafer Test,WS-02,B,FAIL,ABNORMAL,ABNORMAL,,,,,,10.589,,,,,,,,,,,,,,,,,,,1,sort_current_a=10.589,True,True,True
2026-01-09 01:44:00,UNIT00705,LOT005,WAFER0705,PKG00705,1,Wafer Inspection,ATMP,Wafer Metrology,WI-02,A,FAIL,ABNORMAL,ABNORMAL,747.392,0.969,10.419,33.065,127.29,,,,,,,,,,,,,,,,,,,,1,tape_thickness_um=127.29,True,True,True
2026-01-09 01:24:00,UNIT00703,LOT005,WAFER0703,PKG00703,13,FCT,OSAT,Functional Testing,FCT-02,B,FAIL,ABNORMAL,ABNORMAL,,,,,,,,,,,,,,,,,,,,,,3.568,,,1,fct_voltage_v=3.568,True,True,True
2026-01-09 00:56:00,UNIT00702,LOT005,WAFER0702,PKG00702,1,Wafer Inspection,ATMP,Wafer Metrology,WI-01,B,FAIL,ABNORMAL,ABNORMAL,790.537,5.409,47.654,43.271,91.86,,,,,,,,,,,,,,,,,,,,1,ttv_um=5.409,True,True,True
2026-01-09 00:46:00,UNIT00701,LOT005,WAFER0701,PKG00701,7,Encapsulation / Molding,OSAT/ATMP,Packaging,MO-02,B,FAIL,ABNORMAL,ABNORMAL,,,,,,,,,,,,,182.25,129.518,-0.233,,,,,,,,,,1,void_percentage=-0.233,True,True,True
2026-01-09 00:31:00,UNIT00700,LOT005,WAFER0700,PKG00700,8,Marking,ATMP,Package Marking,MK-01,B,FAIL,ABNORMAL,ABNORMAL,,,,,,,,,,,,,,,,88.142,,,,,,,,,1,marking_quality_score=88.142,True,True,True
2026-01-09 00:08:00,UNIT00699,LOT005,WAFER0699,PKG00699,1,Wafer Inspection,ATMP,Wafer Metrology,WI-02,A,FAIL,ABNORMAL,ABNORMAL,745.3,5.513,35.652,13.675,72.973,,,,,,,,,,,,,,,,,,,,2,ttv_um=5.513; tape_thickness_um=72.973,True,True,True
2026-01-08 23:58:00,UNIT00698,LOT005,WAFER0698,PKG00698,7,Encapsulation / Molding,OSAT/ATMP,Packaging,MO-01,C,FAIL,ABNORMAL,ABNORMAL,,,,,,,,,,,,,176.36,131.852,-0.568,,,,,,,,,,1,void_percentage=-0.568,True,True,True
2026-01-08 23:36:00,UNIT00697,LOT005,WAFER0697,PKG00697,1,Wafer Inspection,ATMP,Wafer Metrology,WI-02,C,FAIL,ABNORMAL,ABNORMAL,784.875,-0.99,46.856,31.381,92.874,,,,,,,,,,,,,,,,,,,,1,ttv_um=-0.99,True,True,True
2026-01-08 23:26:00,UNIT00696,LOT005,WAFER0696,PKG00696,7,Encapsulation / Molding,OSAT/ATMP,Packaging,MO-02,B,FAIL,ABNORMAL,ABNORMAL,,,,,,,,,,,,,185.39,141.958,0.247,,,,,,,,,,1,mold_cure_time_s=141.958,True,True,True
2026-01-08 23:08:00,UNIT00695,LOT005,WAFER0695,PKG00695,5,Die Attach,OSAT/ATMP,Assembly,DA-01,B,FAIL,ABNORMAL,ABNORMAL,,,,,,,,,7.488,39.925,,,,,,,,,,,,,,,1,attach_force_n=7.488,True,True,True
2026-01-08 22:50:00,UNIT00694,LOT005,WAFER0694,PKG00694,3,Back Grinding,ATMP,Wafer Processing,BG-02,C,FAIL,ABNORMAL,ABNORMAL,685.036,,,,,,1.852,,,,,,,,,,,,,,,,,,1,wafer_thickness_um=685.036,True,True,True
2026-01-08 22:32:00,UNIT00693,LOT005,WAFER0693,PKG00693,1,Wafer Inspection,ATMP,Wafer Metrology,WI-02,B,FAIL,ABNORMAL,ABNORMAL,771.609,1.971,33.854,23.799,127.95,,,,,,,,,,,,,,,,,,,,1,tape_thickness_um=127.95,True,True,True
2026-01-08 22:29:00,UNIT00692,LOT005,WAFER0692,PKG00692,14,EOL,OSAT,Final Testing,EOL-01,B,FAIL,ABNORMAL,ABNORMAL,,,,,,,,,,,,,,,,,,,,,,,77.067,,1,eol_temperature_c=77.067,True,True,True
2026-01-08 22:05:00,UNIT00691,LOT005,WAFER0691,PKG00691,6,Wire Bonding,OSAT/ATMP,Assembly,WB-02,A,FAIL,ABNORMAL,ABNORMAL,,,,,,,,,,,71.119,5.937,,,,,,,,,,,,,1,wire_bond_force_n=71.119,True,True,True
2026-01-08 21:46:00,UNIT00690,LOT005,WAFER0690,PKG00690,3,Back Grinding,ATMP,Wafer Processing,BG-02,B,FAIL,ABNORMAL,ABNORMAL,726.927,,,,,,-0.409,,,,,,,,,,,,,,,,,,1,thickness_variation_um=-0.409,True,True,True
2026-01-08 21:37:00,UNIT00689,LOT005,WAFER0689,PKG00689,10,Package Inspection,OSAT/ATMP,Package Inspection,PI-01,C,FAIL,ABNORMAL,ABNORMAL,,,,,,,,,,,,,,,,,,10.239,,,,,,,1,package_dimension_mm=10.239,True,True,True
2026-01-08 21:14:00,UNIT00688,LOT005,WAFER0688,PKG00688,3,Back Grinding,ATMP,Wafer Processing,BG-02,A,FAIL,ABNORMAL,ABNORMAL,695.537,,,,,,3.943,,,,,,,,,,,,,,,,,,1,wafer_thickness_um=695.537,True,True,True
2026-01-08 21:02:00,UNIT00687,LOT005,WAFER0687,PKG00687,7,Encapsulation / Molding,OSAT/ATMP,Packaging,MO-02,B,FAIL,ABNORMAL,ABNORMAL,,,,,,,,,,,,,177.301,99.236,-0.497,,,,,,,,,,2,mold_cure_time_s=99.236; void_percentage=-0.497,True,True,True
2026-01-08 20:50:00,UNIT00686,LOT005,WAFER0686,PKG00686,11,Burn-in,OSAT,Testing,BI-02,A,FAIL,ABNORMAL,ABNORMAL,,,,,,,,,,,,,,,,,,,120.723,8.629,,,,,1,burn_in_hours=8.629,True,True,True
2026-01-08 20:30:00,UNIT00685,LOT005,WAFER0685,PKG00685,7,Encapsulation / Molding,OSAT/ATMP,Packaging,MO-02,B,FAIL,ABNORMAL,ABNORMAL,,,,,,,,,,,,,168.776,106.657,3.932,,,,,,,,,,1,mold_temperature_c=168.776,True,True,True
2026-01-08 20:11:00,UNIT00684,LOT005,WAFER0684,PKG00684,4,Wafer Dicing,ATMP,Wafer Processing,WD-01,A,FAIL,ABNORMAL,ABNORMAL,,,,,,,,43.382,,,,,,,,,,,,,,,,,1,kerf_width_um=43.382,True,True,True
2026-01-08 19:36:00,UNIT00682,LOT005,WAFER0682,PKG00682,1,Wafer Inspection,ATMP,Wafer Metrology,WI-01,C,FAIL,ABNORMAL,ABNORMAL,743.042,5.41,53.747,46.276,113.157,,,,,,,,,,,,,,,,,,,,2,ttv_um=5.41; bow_um=53.747,True,True,True
2026-01-08 19:21:00,UNIT00681,LOT005,WAFER0681,PKG00681,2,Wafer Sort,OSAT,Wafer Test,WS-02,C,FAIL,ABNORMAL,ABNORMAL,,,,,,9.372,,,,,,,,,,,,,,,,,,,1,sort_current_a=9.372,True,True,True
2026-01-08 19:14:00,UNIT00680,LOT005,WAFER0680,PKG00680,11,Burn-in,OSAT,Testing,BI-01,A,FAIL,ABNORMAL,ABNORMAL,,,,,,,,,,,,,,,,,,,130.865,7.917,,,,,1,burn_in_temperature_c=130.865,True,True,True
2026-01-08 18:32:00,UNIT00678,LOT005,WAFER0678,PKG00678,1,Wafer Inspection,ATMP,Wafer Metrology,WI-02,C,FAIL,ABNORMAL,ABNORMAL,813.579,3.625,48.252,13.02,80.738,,,,,,,,,,,,,,,,,,,,1,wafer_thickness_um=813.579,True,True,True
2026-01-08 18:20:00,UNIT00677,LOT005,WAFER0677,PKG00677,5,Die Attach,OSAT/ATMP,Assembly,DA-01,A,FAIL,ABNORMAL,ABNORMAL,,,,,,,,,10.168,50.912,,,,,,,,,,,,,,,1,attach_offset_um=50.912,True,True,True
2026-01-08 18:10:00,UNIT00676,LOT005,WAFER0676,PKG00676,11,Burn-in,OSAT,Testing,BI-02,B,FAIL,ABNORMAL,ABNORMAL,,,,,,,,,,,,,,,,,,,121.672,8.023,,,,,1,burn_in_hours=8.023,True,True,True
2026-01-08 17:55:00,UNIT00675,LOT005,WAFER0675,PKG00675,12,ICT,OSAT,Electrical Testing,ICT-01,C,FAIL,ABNORMAL,ABNORMAL,,,,,,,,,,,,,,,,,,,,,9.475,,,,1,ict_current_a=9.475,True,True,True
2026-01-08 17:29:00,UNIT00674,LOT005,WAFER0674,PKG00674,2,Wafer Sort,OSAT,Wafer Test,WS-01,C,FAIL,ABNORMAL,ABNORMAL,,,,,,10.525,,,,,,,,,,,,,,,,,,,1,sort_current_a=10.525,True,True,True
2026-01-08 17:12:00,UNIT00673,LOT005,WAFER0673,PKG00673,1,Wafer Inspection,ATMP,Wafer Metrology,WI-02,C,FAIL,ABNORMAL,ABNORMAL,741.706,1.146,11.59,45.07,126.671,,,,,,,,,,,,,,,,,,,,1,tape_thickness_um=126.671,True,True,True
2026-01-08 16:58:00,UNIT00672,LOT005,WAFER0672,PKG00672,3,Back Grinding,ATMP,Wafer Processing,BG-01,B,FAIL,ABNORMAL,ABNORMAL,801.062,,,,,,3.978,,,,,,,,,,,,,,,,,,1,wafer_thickness_um=801.062,True,True,True
2026-01-08 16:33:00,UNIT00670,LOT005,WAFER0670,PKG00670,10,Package Inspection,OSAT/ATMP,Package Inspection,PI-02,B,FAIL,ABNORMAL,ABNORMAL,,,,,,,,,,,,,,,,,,9.78,,,,,,,1,package_dimension_mm=9.78,True,True,True
2026-01-08 15:40:00,UNIT00667,LOT005,WAFER0667,PKG00667,5,Die Attach,OSAT/ATMP,Assembly,DA-02,A,FAIL,ABNORMAL,ABNORMAL,,,,,,,,,10.477,-7.679,,,,,,,,,,,,,,,1,attach_offset_um=-7.679,True,True,True
2026-01-08 15:22:00,UNIT00666,LOT005,WAFER0666,PKG00666,3,Back Grinding,ATMP,Wafer Processing,BG-01,C,FAIL,ABNORMAL,ABNORMAL,813.185,,,,,,1.724,,,,,,,,,,,,,,,,,,1,wafer_thickness_um=813.185,True,True,True
2026-01-08 15:11:00,UNIT00665,LOT005,WAFER0665,PKG00665,8,Marking,ATMP,Package Marking,MK-01,A,FAIL,ABNORMAL,ABNORMAL,,,,,,,,,,,,,,,,89.786,,,,,,,,,1,marking_quality_score=89.786,True,True,True
2026-01-08 14:48:00,UNIT00664,LOT005,WAFER0664,PKG00664,1,Wafer Inspection,ATMP,Wafer Metrology,WI-01,A,FAIL,ABNORMAL,ABNORMAL,703.211,-0.356,38.147,37.974,115.443,,,,,,,,,,,,,,,,,,,,1,ttv_um=-0.356,True,True,True
2026-01-08 14:32:00,UNIT00663,LOT005,WAFER0663,PKG00663,1,Wafer Inspection,ATMP,Wafer Metrology,WI-01,C,FAIL,ABNORMAL,ABNORMAL,733.291,0.881,56.073,23.831,114.628,,,,,,,,,,,,,,,,,,,,1,bow_um=56.073,True,True,True
2026-01-08 14:22:00,UNIT00662,LOT005,WAFER0662,PKG00662,7,Encapsulation / Molding,OSAT/ATMP,Packaging,MO-02,C,FAIL,ABNORMAL,ABNORMAL,,,,,,,,,,,,,177.95,108.686,5.374,,,,,,,,,,1,void_percentage=5.374,True,True,True
2026-01-08 14:00:00,UNIT00661,LOT005,WAFER0661,PKG00661,1,Wafer Inspection,ATMP,Wafer Metrology,WI-01,C,FAIL,ABNORMAL,ABNORMAL,687.078,3.017,15.6,45.491,114.816,,,,,,,,,,,,,,,,,,,,1,wafer_thickness_um=687.078,True,True,True
2026-01-08 13:44:00,UNIT00660,LOT005,WAFER0660,PKG00660,1,Wafer Inspection,ATMP,Wafer Metrology,WI-01,C,FAIL,ABNORMAL,ABNORMAL,718.624,-0.515,41.509,47.531,105.37,,,,,,,,,,,,,,,,,,,,1,ttv_um=-0.515,True,True,True
2026-01-08 13:14:00,UNIT00658,LOT005,WAFER0658,PKG00658,3,Back Grinding,ATMP,Wafer Processing,BG-01,B,FAIL,ABNORMAL,ABNORMAL,733.089,,,,,,-0.73,,,,,,,,,,,,,,,,,,1,thickness_variation_um=-0.73,True,True,True
2026-01-08 13:01:00,UNIT00657,LOT005,WAFER0657,PKG00657,6,Wire Bonding,OSAT/ATMP,Assembly,WB-01,B,FAIL,ABNORMAL,ABNORMAL,,,,,,,,,,,71.749,8.746,,,,,,,,,,,,,1,wire_bond_force_n=71.749,True,True,True
2026-01-08 12:44:00,UNIT00656,LOT005,WAFER0656,PKG00656,5,Die Attach,OSAT/ATMP,Assembly,DA-01,A,FAIL,ABNORMAL,ABNORMAL,,,,,,,,,8.367,54.45,,,,,,,,,,,,,,,1,attach_offset_um=54.45,True,True,True
2026-01-08 12:33:00,UNIT00655,LOT005,WAFER0655,PKG00655,10,Package Inspection,OSAT/ATMP,Package Inspection,PI-02,A,FAIL,ABNORMAL,ABNORMAL,,,,,,,,,,,,,,,,,,10.275,,,,,,,1,package_dimension_mm=10.275,True,True,True
2026-01-08 12:08:00,UNIT00654,LOT005,WAFER0654,PKG00654,1,Wafer Inspection,ATMP,Wafer Metrology,WI-02,B,FAIL,ABNORMAL,ABNORMAL,781.186,-0.281,36.48,5.012,108.71,,,,,,,,,,,,,,,,,,,,1,ttv_um=-0.281,True,True,True
2026-01-08 11:55:00,UNIT00653,LOT005,WAFER0653,PKG00653,4,Wafer Dicing,ATMP,Wafer Processing,WD-01,C,FAIL,ABNORMAL,ABNORMAL,,,,,,,,43.169,,,,,,,,,,,,,,,,,1,kerf_width_um=43.169,True,True,True
2026-01-08 11:45:00,UNIT00652,LOT005,WAFER0652,PKG00652,10,Package Inspection,OSAT/ATMP,Package Inspection,PI-01,C,FAIL,ABNORMAL,ABNORMAL,,,,,,,,,,,,,,,,,,9.749,,,,,,,1,package_dimension_mm=9.749,True,True,True
2026-01-08 11:25:00,UNIT00651,LOT005,WAFER0651,PKG00651,6,Wire Bonding,OSAT/ATMP,Assembly,WB-02,B,FAIL,ABNORMAL,ABNORMAL,,,,,,,,,,,59.867,9.03,,,,,,,,,,,,,1,wire_bond_force_n=59.867,True,True,True
2026-01-08 11:06:00,UNIT00650,LOT005,WAFER0650,PKG00650,3,Back Grinding,ATMP,Wafer Processing,BG-02,C,FAIL,ABNORMAL,ABNORMAL,750.377,,,,,,5.646,,,,,,,,,,,,,,,,,,1,thickness_variation_um=5.646,True,True,True
2026-01-08 10:48:00,UNIT00649,LOT005,WAFER0649,PKG00649,1,Wafer Inspection,ATMP,Wafer Metrology,WI-02,B,FAIL,ABNORMAL,ABNORMAL,772.97,4.055,42.949,49.58,122.352,,,,,,,,,,,,,,,,,,,,1,tape_thickness_um=122.352,True,True,True
2026-01-08 10:32:00,UNIT00648,LOT005,WAFER0648,PKG00648,1,Wafer Inspection,ATMP,Wafer Metrology,WI-01,C,FAIL,ABNORMAL,ABNORMAL,799.552,0.594,0.747,44.501,73.96,,,,,,,,,,,,,,,,,,,,1,tape_thickness_um=73.96,True,True,True
2026-01-08 10:00:00,UNIT00646,LOT005,WAFER0646,PKG00646,1,Wafer Inspection,ATMP,Wafer Metrology,WI-01,B,FAIL,ABNORMAL,ABNORMAL,804.0,0.654,-3.242,27.994,78.317,,,,,,,,,,,,,,,,,,,,3,wafer_thickness_um=804.0; bow_um=-3.242; tape_thickness_um=78.317,True,True,True
2026-01-08 09:50:00,UNIT00645,LOT005,WAFER0645,PKG00645,7,Encapsulation / Molding,OSAT/ATMP,Packaging,MO-01,A,FAIL,ABNORMAL,ABNORMAL,,,,,,,,,,,,,178.295,99.443,3.924,,,,,,,,,,1,mold_cure_time_s=99.443,True,True,True
2026-01-08 09:28:00,UNIT00644,LOT005,WAFER0644,PKG00644,1,Wafer Inspection,ATMP,Wafer Metrology,WI-01,B,FAIL,ABNORMAL,ABNORMAL,807.305,1.964,34.782,46.894,101.694,,,,,,,,,,,,,,,,,,,,1,wafer_thickness_um=807.305,True,True,True
2026-01-08 09:18:00,UNIT00643,LOT005,WAFER0643,PKG00643,7,Encapsulation / Molding,OSAT/ATMP,Packaging,MO-02,C,FAIL,ABNORMAL,ABNORMAL,,,,,,,,,,,,,189.903,95.193,3.077,,,,,,,,,,1,mold_cure_time_s=95.193,True,True,True
2026-01-08 09:00:00,UNIT00642,LOT005,WAFER0642,PKG00642,5,Die Attach,OSAT/ATMP,Assembly,DA-01,A,FAIL,ABNORMAL,ABNORMAL,,,,,,,,,11.883,59.475,,,,,,,,,,,,,,,1,attach_offset_um=59.475,True,True,True
2026-01-08 08:47:00,UNIT00641,LOT005,WAFER0641,PKG00641,8,Marking,ATMP,Package Marking,MK-01,B,FAIL,ABNORMAL,ABNORMAL,,,,,,,,,,,,,,,,88.984,,,,,,,,,1,marking_quality_score=88.984,True,True,True
2026-01-08 08:26:00,UNIT00640,LOT005,WAFER0640,PKG00640,3,Back Grinding,ATMP,Wafer Processing,BG-02,B,FAIL,ABNORMAL,ABNORMAL,774.625,,,,,,5.605,,,,,,,,,,,,,,,,,,1,thickness_variation_um=5.605,True,True,True
2026-01-08 08:08:00,UNIT00639,LOT005,WAFER0639,PKG00639,1,Wafer Inspection,ATMP,Wafer Metrology,WI-01,A,FAIL,ABNORMAL,ABNORMAL,694.719,0.691,48.309,41.052,88.179,,,,,,,,,,,,,,,,,,,,1,wafer_thickness_um=694.719,True,True,True
2026-01-08 07:56:00,UNIT00638,LOT005,WAFER0638,PKG00638,5,Die Attach,OSAT/ATMP,Assembly,DA-02,B,FAIL,ABNORMAL,ABNORMAL,,,,,,,,,9.849,57.141,,,,,,,,,,,,,,,1,attach_offset_um=57.141,True,True,True
2026-01-08 07:38:00,UNIT00637,LOT005,WAFER0637,PKG00637,3,Back Grinding,ATMP,Wafer Processing,BG-01,C,FAIL,ABNORMAL,ABNORMAL,683.761,,,,,,4.298,,,,,,,,,,,,,,,,,,1,wafer_thickness_um=683.761,True,True,True
2026-01-08 07:20:00,UNIT00636,LOT005,WAFER0636,PKG00636,1,Wafer Inspection,ATMP,Wafer Metrology,WI-01,C,FAIL,ABNORMAL,ABNORMAL,780.903,3.904,10.75,-2.844,112.002,,,,,,,,,,,,,,,,,,,,1,warp_um=-2.844,True,True,True
2026-01-08 07:04:00,UNIT00635,LOT005,WAFER0635,PKG00635,1,Wafer Inspection,ATMP,Wafer Metrology,WI-02,C,FAIL,ABNORMAL,ABNORMAL,688.538,2.76,11.547,37.175,101.28,,,,,,,,,,,,,,,,,,,,1,wafer_thickness_um=688.538,True,True,True
2026-01-08 06:32:00,UNIT00633,LOT005,WAFER0633,PKG00633,1,Wafer Inspection,ATMP,Wafer Metrology,WI-02,C,FAIL,ABNORMAL,ABNORMAL,726.255,0.196,53.054,-2.554,81.901,,,,,,,,,,,,,,,,,,,,2,bow_um=53.054; warp_um=-2.554,True,True,True
2026-01-08 06:17:00,UNIT00632,LOT005,WAFER0632,PKG00632,2,Wafer Sort,OSAT,Wafer Test,WS-01,B,FAIL,ABNORMAL,ABNORMAL,,,,,,9.351,,,,,,,,,,,,,,,,,,,1,sort_current_a=9.351,True,True,True
2026-01-08 06:09:00,UNIT00631,LOT005,WAFER0631,PKG00631,10,Package Inspection,OSAT/ATMP,Package Inspection,PI-02,A,FAIL,ABNORMAL,ABNORMAL,,,,,,,,,,,,,,,,,,10.245,,,,,,,1,package_dimension_mm=10.245,True,True,True
2026-01-08 05:51:00,UNIT00630,LOT005,WAFER0630,PKG00630,8,Marking,ATMP,Package Marking,MK-02,A,FAIL,ABNORMAL,ABNORMAL,,,,,,,,,,,,,,,,89.873,,,,,,,,,1,marking_quality_score=89.873,True,True,True
2026-01-08 05:22:00,UNIT00628,LOT005,WAFER0628,PKG00628,11,Burn-in,OSAT,Testing,BI-02,C,FAIL,ABNORMAL,ABNORMAL,,,,,,,,,,,,,,,,,,,121.278,3.791,,,,,1,burn_in_hours=3.791,True,True,True
2026-01-08 05:09:00,UNIT00627,LOT005,WAFER0627,PKG00627,14,EOL,OSAT,Final Testing,EOL-01,C,FAIL,ABNORMAL,ABNORMAL,,,,,,,,,,,,,,,,,,,,,,,76.41,,1,eol_temperature_c=76.41,True,True,True
2026-01-08 04:42:00,UNIT00626,LOT005,WAFER0626,PKG00626,3,Back Grinding,ATMP,Wafer Processing,BG-02,C,FAIL,ABNORMAL,ABNORMAL,714.563,,,,,,5.033,,,,,,,,,,,,,,,,,,1,thickness_variation_um=5.033,True,True,True
2026-01-08 04:28:00,UNIT00625,LOT005,WAFER0625,PKG00625,5,Die Attach,OSAT/ATMP,Assembly,DA-01,B,FAIL,ABNORMAL,ABNORMAL,,,,,,,,,7.227,29.658,,,,,,,,,,,,,,,1,attach_force_n=7.227,True,True,True
2026-01-08 04:05:00,UNIT00623,LOT005,WAFER0623,PKG00623,14,EOL,OSAT,Final Testing,EOL-01,A,FAIL,ABNORMAL,ABNORMAL,,,,,,,,,,,,,,,,,,,,,,,78.944,,1,eol_temperature_c=78.944,True,True,True
2026-01-08 03:36:00,UNIT00622,LOT005,WAFER0622,PKG00622,1,Wafer Inspection,ATMP,Wafer Metrology,WI-01,C,FAIL,ABNORMAL,ABNORMAL,684.14,4.591,40.759,48.943,115.21,,,,,,,,,,,,,,,,,,,,1,wafer_thickness_um=684.14,True,True,True
2026-01-08 03:22:00,UNIT00621,LOT005,WAFER0621,PKG00621,3,Back Grinding,ATMP,Wafer Processing,BG-01,B,FAIL,ABNORMAL,ABNORMAL,768.99,,,,,,-0.116,,,,,,,,,,,,,,,,,,1,thickness_variation_um=-0.116,True,True,True
2026-01-08 03:13:00,UNIT00620,LOT005,WAFER0620,PKG00620,10,Package Inspection,OSAT/ATMP,Package Inspection,PI-01,A,FAIL,ABNORMAL,ABNORMAL,,,,,,,,,,,,,,,,,,10.265,,,,,,,1,package_dimension_mm=10.265,True,True,True
2026-01-08 02:43:00,UNIT00618,LOT005,WAFER0618,PKG00618,12,ICT,OSAT,Electrical Testing,ICT-01,C,FAIL,ABNORMAL,ABNORMAL,,,,,,,,,,,,,,,,,,,,,9.406,,,,1,ict_current_a=9.406,True,True,True
2026-01-08 02:16:00,UNIT00617,LOT005,WAFER0617,PKG00617,1,Wafer Inspection,ATMP,Wafer Metrology,WI-01,C,FAIL,ABNORMAL,ABNORMAL,723.541,3.635,18.902,-9.919,80.37,,,,,,,,,,,,,,,,,,,,1,warp_um=-9.919,True,True,True
2026-01-08 01:44:00,UNIT00615,LOT005,WAFER0615,PKG00615,1,Wafer Inspection,ATMP,Wafer Metrology,WI-01,A,FAIL,ABNORMAL,ABNORMAL,752.008,4.151,20.962,-8.06,91.394,,,,,,,,,,,,,,,,,,,,1,warp_um=-8.06,True,True,True
2026-01-08 01:38:00,UNIT00614,LOT005,WAFER0614,PKG00614,11,Burn-in,OSAT,Testing,BI-02,C,FAIL,ABNORMAL,ABNORMAL,,,,,,,,,,,,,,,,,,,131.709,6.747,,,,,1,burn_in_temperature_c=131.709,True,True,True
2026-01-08 01:17:00,UNIT00613,LOT005,WAFER0613,PKG00613,6,Wire Bonding,OSAT/ATMP,Assembly,WB-02,B,FAIL,ABNORMAL,ABNORMAL,,,,,,,,,,,71.952,6.553,,,,,,,,,,,,,1,wire_bond_force_n=71.952,True,True,True
2026-01-08 01:09:00,UNIT00612,LOT005,WAFER0612,PKG00612,14,EOL,OSAT,Final Testing,EOL-01,B,FAIL,ABNORMAL,ABNORMAL,,,,,,,,,,,,,,,,,,,,,,,79.769,,1,eol_temperature_c=79.769,True,True,True
2026-01-08 00:51:00,UNIT00611,LOT005,WAFER0611,PKG00611,12,ICT,OSAT,Electrical Testing,ICT-01,C,FAIL,ABNORMAL,ABNORMAL,,,,,,,,,,,,,,,,,,,,,9.399,,,,1,ict_current_a=9.399,True,True,True
2026-01-08 00:24:00,UNIT00610,LOT005,WAFER0610,PKG00610,1,Wafer Inspection,ATMP,Wafer Metrology,WI-01,C,FAIL,ABNORMAL,ABNORMAL,733.617,1.451,27.059,1.186,120.638,,,,,,,,,,,,,,,,,,,,1,tape_thickness_um=120.638,True,True,True
2026-01-08 00:13:00,UNIT00609,LOT005,WAFER0609,PKG00609,6,Wire Bonding,OSAT/ATMP,Assembly,WB-02,B,FAIL,ABNORMAL,ABNORMAL,,,,,,,,,,,70.762,8.597,,,,,,,,,,,,,1,wire_bond_force_n=70.762,True,True,True
2026-01-07 22:48:00,UNIT00604,LOT005,WAFER0604,PKG00604,1,Wafer Inspection,ATMP,Wafer Metrology,WI-02,A,FAIL,ABNORMAL,ABNORMAL,754.418,2.717,-5.028,6.739,123.969,,,,,,,,,,,,,,,,,,,,2,bow_um=-5.028; tape_thickness_um=123.969,True,True,True
2026-01-07 22:31:00,UNIT00602,LOT005,WAFER0602,PKG00602,16,Packing / Dispatch,ATMP,Packaging,PK-01,A,FAIL,ABNORMAL,ABNORMAL,,,,,,,,,,,,,,,,,,,,,,,,-1.064,1,packaging_damage_score=-1.064,True,True,True
2026-01-07 22:00:00,UNIT00601,LOT005,WAFER0601,PKG00601,1,Wafer Inspection,ATMP,Wafer Metrology,WI-01,C,FAIL,ABNORMAL,ABNORMAL,743.297,0.355,24.394,-2.978,100.529,,,,,,,,,,,,,,,,,,,,1,warp_um=-2.978,True,True,True
2026-01-07 21:44:00,UNIT00600,LOT004,WAFER0600,PKG00600,1,Wafer Inspection,ATMP,Wafer Metrology,WI-01,C,FAIL,ABNORMAL,ABNORMAL,713.823,5.399,48.996,11.294,104.486,,,,,,,,,,,,,,,,,,,,1,ttv_um=5.399,True,True,True
2026-01-07 21:29:00,UNIT00599,LOT004,WAFER0599,PKG00599,2,Wafer Sort,OSAT,Wafer Test,WS-01,A,FAIL,ABNORMAL,ABNORMAL,,,,,,9.366,,,,,,,,,,,,,,,,,,,1,sort_current_a=9.366,True,True,True
2026-01-07 21:20:00,UNIT00598,LOT004,WAFER0598,PKG00598,9,Singulation,ATMP,Package Processing,SG-01,C,FAIL,ABNORMAL,ABNORMAL,,,,,,,,,,,,,,,,,-0.555,,,,,,,,1,singulation_damage_score=-0.555,True,True,True
2026-01-07 20:56:00,UNIT00597,LOT004,WAFER0597,PKG00597,1,Wafer Inspection,ATMP,Wafer Metrology,WI-01,A,FAIL,ABNORMAL,ABNORMAL,785.913,-0.772,11.005,10.059,116.9,,,,,,,,,,,,,,,,,,,,1,ttv_um=-0.772,True,True,True
2026-01-07 20:40:00,UNIT00596,LOT004,WAFER0596,PKG00596,1,Wafer Inspection,ATMP,Wafer Metrology,WI-02,C,FAIL,ABNORMAL,ABNORMAL,754.713,0.204,15.75,28.777,79.605,,,,,,,,,,,,,,,,,,,,1,tape_thickness_um=79.605,True,True,True
2026-01-07 20:32:00,UNIT00595,LOT004,WAFER0595,PKG00595,9,Singulation,ATMP,Package Processing,SG-02,B,FAIL,ABNORMAL,ABNORMAL,,,,,,,,,,,,,,,,,-0.362,,,,,,,,1,singulation_damage_score=-0.362,True,True,True
2026-01-07 20:10:00,UNIT00594,LOT004,WAFER0594,PKG00594,3,Back Grinding,ATMP,Wafer Processing,BG-01,A,FAIL,ABNORMAL,ABNORMAL,771.021,,,,,,-0.636,,,,,,,,,,,,,,,,,,1,thickness_variation_um=-0.636,True,True,True
2026-01-07 19:52:00,UNIT00593,LOT004,WAFER0593,PKG00593,1,Wafer Inspection,ATMP,Wafer Metrology,WI-02,A,FAIL,ABNORMAL,ABNORMAL,727.256,5.872,24.25,15.279,100.706,,,,,,,,,,,,,,,,,,,,1,ttv_um=5.872,True,True,True
2026-01-07 19:42:00,UNIT00592,LOT004,WAFER0592,PKG00592,7,Encapsulation / Molding,OSAT/ATMP,Packaging,MO-01,A,FAIL,ABNORMAL,ABNORMAL,,,,,,,,,,,,,186.259,140.311,3.295,,,,,,,,,,1,mold_cure_time_s=140.311,True,True,True
2026-01-07 19:20:00,UNIT00591,LOT004,WAFER0591,PKG00591,1,Wafer Inspection,ATMP,Wafer Metrology,WI-01,B,FAIL,ABNORMAL,ABNORMAL,793.194,4.568,26.268,36.246,123.488,,,,,,,,,,,,,,,,,,,,1,tape_thickness_um=123.488,True,True,True
2026-01-07 19:04:00,UNIT00590,LOT004,WAFER0590,PKG00590,1,Wafer Inspection,ATMP,Wafer Metrology,WI-02,B,FAIL,ABNORMAL,ABNORMAL,729.607,2.575,8.269,48.886,120.863,,,,,,,,,,,,,,,,,,,,1,tape_thickness_um=120.863,True,True,True
2026-01-07 18:50:00,UNIT00589,LOT004,WAFER0589,PKG00589,3,Back Grinding,ATMP,Wafer Processing,BG-02,C,FAIL,ABNORMAL,ABNORMAL,806.808,,,,,,2.383,,,,,,,,,,,,,,,,,,1,wafer_thickness_um=806.808,True,True,True
2026-01-07 18:38:00,UNIT00588,LOT004,WAFER0588,PKG00588,7,Encapsulation / Molding,OSAT/ATMP,Packaging,MO-02,C,FAIL,ABNORMAL,ABNORMAL,,,,,,,,,,,,,181.069,100.456,-0.303,,,,,,,,,,1,void_percentage=-0.303,True,True,True
2026-01-07 18:16:00,UNIT00587,LOT004,WAFER0587,PKG00587,1,Wafer Inspection,ATMP,Wafer Metrology,WI-02,A,FAIL,ABNORMAL,ABNORMAL,766.152,2.96,36.814,55.713,82.67,,,,,,,,,,,,,,,,,,,,1,warp_um=55.713,True,True,True
2026-01-07 18:12:00,UNIT00586,LOT004,WAFER0586,PKG00586,13,FCT,OSAT,Functional Testing,FCT-01,B,FAIL,ABNORMAL,ABNORMAL,,,,,,,,,,,,,,,,,,,,,,3.065,,,1,fct_voltage_v=3.065,True,True,True
2026-01-07 17:30:00,UNIT00584,LOT004,WAFER0584,PKG00584,3,Back Grinding,ATMP,Wafer Processing,BG-02,A,FAIL,ABNORMAL,ABNORMAL,684.313,,,,,,0.419,,,,,,,,,,,,,,,,,,1,wafer_thickness_um=684.313,True,True,True
2026-01-07 17:15:00,UNIT00583,LOT004,WAFER0583,PKG00583,4,Wafer Dicing,ATMP,Wafer Processing,WD-01,C,FAIL,ABNORMAL,ABNORMAL,,,,,,,,56.276,,,,,,,,,,,,,,,,,1,kerf_width_um=56.276,True,True,True
2026-01-07 17:01:00,UNIT00582,LOT004,WAFER0582,PKG00582,6,Wire Bonding,OSAT/ATMP,Assembly,WB-02,C,FAIL,ABNORMAL,ABNORMAL,,,,,,,,,,,58.644,7.893,,,,,,,,,,,,,1,wire_bond_force_n=58.644,True,True,True
2026-01-07 16:27:00,UNIT00580,LOT004,WAFER0580,PKG00580,4,Wafer Dicing,ATMP,Wafer Processing,WD-02,A,FAIL,ABNORMAL,ABNORMAL,,,,,,,,43.129,,,,,,,,,,,,,,,,,1,kerf_width_um=43.129,True,True,True
2026-01-07 16:13:00,UNIT00579,LOT004,WAFER0579,PKG00579,6,Wire Bonding,OSAT/ATMP,Assembly,WB-02,A,FAIL,ABNORMAL,ABNORMAL,,,,,,,,,,,71.314,7.195,,,,,,,,,,,,,1,wire_bond_force_n=71.314,True,True,True
2026-01-07 16:06:00,UNIT00578,LOT004,WAFER0578,PKG00578,15,Final Inspection,ATMP,Final Inspection,FI-02,A,FAIL,ABNORMAL,ABNORMAL,,,,,,,,,,,,,,,,99.436,,10.203,,,,,,,1,package_dimension_mm=10.203,True,True,True
2026-01-07 15:37:00,UNIT00577,LOT004,WAFER0577,PKG00577,2,Wafer Sort,OSAT,Wafer Test,WS-02,B,FAIL,ABNORMAL,ABNORMAL,,,,,,9.325,,,,,,,,,,,,,,,,,,,1,sort_current_a=9.325,True,True,True
2026-01-07 15:20:00,UNIT00576,LOT004,WAFER0576,PKG00576,1,Wafer Inspection,ATMP,Wafer Metrology,WI-01,C,FAIL,ABNORMAL,ABNORMAL,747.662,3.818,12.913,54.808,119.681,,,,,,,,,,,,,,,,,,,,1,warp_um=54.808,True,True,True
2026-01-07 15:13:00,UNIT00575,LOT004,WAFER0575,PKG00575,10,Package Inspection,OSAT/ATMP,Package Inspection,PI-02,C,FAIL,ABNORMAL,ABNORMAL,,,,,,,,,,,,,,,,,,9.73,,,,,,,1,package_dimension_mm=9.73,True,True,True
2026-01-07 14:42:00,UNIT00573,LOT004,WAFER0573,PKG00573,11,Burn-in,OSAT,Testing,BI-01,B,FAIL,ABNORMAL,ABNORMAL,,,,,,,,,,,,,,,,,,,118.393,5.006,,,,,1,burn_in_temperature_c=118.393,True,True,True
2026-01-07 13:57:00,UNIT00570,LOT004,WAFER0570,PKG00570,14,EOL,OSAT,Final Testing,EOL-01,A,FAIL,ABNORMAL,ABNORMAL,,,,,,,,,,,,,,,,,,,,,,,78.84,,1,eol_temperature_c=78.84,True,True,True
2026-01-07 13:30:00,UNIT00569,LOT004,WAFER0569,PKG00569,3,Back Grinding,ATMP,Wafer Processing,BG-02,B,FAIL,ABNORMAL,ABNORMAL,722.778,,,,,,-0.416,,,,,,,,,,,,,,,,,,1,thickness_variation_um=-0.416,True,True,True
2026-01-07 13:14:00,UNIT00568,LOT004,WAFER0568,PKG00568,3,Back Grinding,ATMP,Wafer Processing,BG-01,A,FAIL,ABNORMAL,ABNORMAL,753.619,,,,,,-0.551,,,,,,,,,,,,,,,,,,1,thickness_variation_um=-0.551,True,True,True
2026-01-07 13:06:00,UNIT00567,LOT004,WAFER0567,PKG00567,11,Burn-in,OSAT,Testing,BI-02,A,FAIL,ABNORMAL,ABNORMAL,,,,,,,,,,,,,,,,,,,119.601,5.828,,,,,1,burn_in_temperature_c=119.601,True,True,True
2026-01-07 12:43:00,UNIT00566,LOT004,WAFER0566,PKG00566,4,Wafer Dicing,ATMP,Wafer Processing,WD-01,A,FAIL,ABNORMAL,ABNORMAL,,,,,,,,44.917,,,,,,,,,,,,,,,,,1,kerf_width_um=44.917,True,True,True
2026-01-07 12:11:00,UNIT00564,LOT004,WAFER0564,PKG00564,4,Wafer Dicing,ATMP,Wafer Processing,WD-02,C,FAIL,ABNORMAL,ABNORMAL,,,,,,,,43.54,,,,,,,,,,,,,,,,,1,kerf_width_um=43.54,True,True,True
2026-01-07 10:50:00,UNIT00559,LOT004,WAFER0559,PKG00559,3,Back Grinding,ATMP,Wafer Processing,BG-02,C,FAIL,ABNORMAL,ABNORMAL,727.038,,,,,,-0.196,,,,,,,,,,,,,,,,,,1,thickness_variation_um=-0.196,True,True,True
2026-01-07 10:00:00,UNIT00556,LOT004,WAFER0556,PKG00556,1,Wafer Inspection,ATMP,Wafer Metrology,WI-01,A,FAIL,ABNORMAL,ABNORMAL,744.991,4.292,-0.432,24.952,117.261,,,,,,,,,,,,,,,,,,,,1,bow_um=-0.432,True,True,True
2026-01-07 09:41:00,UNIT00554,LOT004,WAFER0554,PKG00554,14,EOL,OSAT,Final Testing,EOL-01,B,FAIL,ABNORMAL,ABNORMAL,,,,,,,,,,,,,,,,,,,,,,,100.452,,1,eol_temperature_c=100.452,True,True,True
2026-01-07 08:55:00,UNIT00551,LOT004,WAFER0551,PKG00551,16,Packing / Dispatch,ATMP,Packaging,PK-02,C,FAIL,ABNORMAL,ABNORMAL,,,,,,,,,,,,,,,,,,,,,,,,11.386,1,packaging_damage_score=11.386,True,True,True
2026-01-07 08:33:00,UNIT00550,LOT004,WAFER0550,PKG00550,10,Package Inspection,OSAT/ATMP,Package Inspection,PI-01,B,FAIL,ABNORMAL,ABNORMAL,,,,,,,,,,,,,,,,,,10.265,,,,,,,1,package_dimension_mm=10.265,True,True,True
2026-01-07 08:10:00,UNIT00549,LOT004,WAFER0549,PKG00549,3,Back Grinding,ATMP,Wafer Processing,BG-02,C,FAIL,ABNORMAL,ABNORMAL,733.295,,,,,,5.669,,,,,,,,,,,,,,,,,,1,thickness_variation_um=5.669,True,True,True
2026-01-07 07:58:00,UNIT00548,LOT004,WAFER0548,PKG00548,7,Encapsulation / Molding,OSAT/ATMP,Packaging,MO-02,C,FAIL,ABNORMAL,ABNORMAL,,,,,,,,,,,,,180.96,128.11,-0.207,,,,,,,,,,1,void_percentage=-0.207,True,True,True
2026-01-07 07:36:00,UNIT00547,LOT004,WAFER0547,PKG00547,1,Wafer Inspection,ATMP,Wafer Metrology,WI-02,A,FAIL,ABNORMAL,ABNORMAL,731.337,1.476,57.334,43.564,87.703,,,,,,,,,,,,,,,,,,,,1,bow_um=57.334,True,True,True
2026-01-07 07:10:00,UNIT00545,LOT004,WAFER0545,PKG00545,7,Encapsulation / Molding,OSAT/ATMP,Packaging,MO-01,B,FAIL,ABNORMAL,ABNORMAL,,,,,,,,,,,,,188.723,120.806,5.365,,,,,,,,,,1,void_percentage=5.365,True,True,True
2026-01-07 06:32:00,UNIT00543,LOT004,WAFER0543,PKG00543,1,Wafer Inspection,ATMP,Wafer Metrology,WI-01,A,FAIL,ABNORMAL,ABNORMAL,764.486,1.87,47.547,-9.778,122.43,,,,,,,,,,,,,,,,,,,,2,warp_um=-9.778; tape_thickness_um=122.43,True,True,True
2026-01-07 06:16:00,UNIT00542,LOT004,WAFER0542,PKG00542,1,Wafer Inspection,ATMP,Wafer Metrology,WI-01,C,FAIL,ABNORMAL,ABNORMAL,796.382,2.695,14.394,51.203,77.628,,,,,,,,,,,,,,,,,,,,2,warp_um=51.203; tape_thickness_um=77.628,True,True,True
2026-01-07 05:59:00,UNIT00540,LOT004,WAFER0540,PKG00540,16,Packing / Dispatch,ATMP,Packaging,PK-02,C,FAIL,ABNORMAL,ABNORMAL,,,,,,,,,,,,,,,,,,,,,,,,-0.459,1,packaging_damage_score=-0.459,True,True,True
2026-01-07 05:12:00,UNIT00538,LOT004,WAFER0538,PKG00538,1,Wafer Inspection,ATMP,Wafer Metrology,WI-02,A,FAIL,ABNORMAL,ABNORMAL,717.567,4.801,34.658,40.069,123.181,,,,,,,,,,,,,,,,,,,,1,tape_thickness_um=123.181,True,True,True
2026-01-07 04:46:00,UNIT00536,LOT004,WAFER0536,PKG00536,7,Encapsulation / Molding,OSAT/ATMP,Packaging,MO-01,C,FAIL,ABNORMAL,ABNORMAL,,,,,,,,,,,,,186.836,132.054,-0.589,,,,,,,,,,1,void_percentage=-0.589,True,True,True
2026-01-07 04:24:00,UNIT00535,LOT004,WAFER0535,PKG00535,1,Wafer Inspection,ATMP,Wafer Metrology,WI-01,B,FAIL,ABNORMAL,ABNORMAL,792.257,2.842,18.186,37.827,122.059,,,,,,,,,,,,,,,,,,,,1,tape_thickness_um=122.059,True,True,True
2026-01-07 04:08:00,UNIT00534,LOT004,WAFER0534,PKG00534,1,Wafer Inspection,ATMP,Wafer Metrology,WI-01,B,FAIL,ABNORMAL,ABNORMAL,790.844,0.522,36.013,-3.127,83.83,,,,,,,,,,,,,,,,,,,,1,warp_um=-3.127,True,True,True
2026-01-07 03:54:00,UNIT00533,LOT004,WAFER0533,PKG00533,3,Back Grinding,ATMP,Wafer Processing,BG-02,A,FAIL,ABNORMAL,ABNORMAL,684.19,,,,,,2.277,,,,,,,,,,,,,,,,,,1,wafer_thickness_um=684.19,True,True,True
2026-01-07 03:44:00,UNIT00532,LOT004,WAFER0532,PKG00532,9,Singulation,ATMP,Package Processing,SG-02,B,FAIL,ABNORMAL,ABNORMAL,,,,,,,,,,,,,,,,,-0.323,,,,,,,,1,singulation_damage_score=-0.323,True,True,True
2026-01-07 03:20:00,UNIT00531,LOT004,WAFER0531,PKG00531,1,Wafer Inspection,ATMP,Wafer Metrology,WI-02,B,FAIL,ABNORMAL,ABNORMAL,703.28,2.102,44.755,49.133,77.096,,,,,,,,,,,,,,,,,,,,1,tape_thickness_um=77.096,True,True,True
2026-01-07 03:04:00,UNIT00530,LOT004,WAFER0530,PKG00530,1,Wafer Inspection,ATMP,Wafer Metrology,WI-01,C,FAIL,ABNORMAL,ABNORMAL,712.898,2.342,29.915,1.549,74.199,,,,,,,,,,,,,,,,,,,,1,tape_thickness_um=74.199,True,True,True
2026-01-07 02:56:00,UNIT00529,LOT004,WAFER0529,PKG00529,9,Singulation,ATMP,Package Processing,SG-02,C,FAIL,ABNORMAL,ABNORMAL,,,,,,,,,,,,,,,,,10.63,,,,,,,,1,singulation_damage_score=10.63,True,True,True
2026-01-07 02:38:00,UNIT00528,LOT004,WAFER0528,PKG00528,7,Encapsulation / Molding,OSAT/ATMP,Packaging,MO-02,B,FAIL,ABNORMAL,ABNORMAL,,,,,,,,,,,,,182.82,136.05,-0.836,,,,,,,,,,1,void_percentage=-0.836,True,True,True
2026-01-07 02:20:00,UNIT00527,LOT004,WAFER0527,PKG00527,5,Die Attach,OSAT/ATMP,Assembly,DA-02,B,FAIL,ABNORMAL,ABNORMAL,,,,,,,,,12.683,43.175,,,,,,,,,,,,,,,1,attach_force_n=12.683,True,True,True
2026-01-07 02:07:00,UNIT00526,LOT004,WAFER0526,PKG00526,8,Marking,ATMP,Package Marking,MK-02,A,FAIL,ABNORMAL,ABNORMAL,,,,,,,,,,,,,,,,101.361,,,,,,,,,1,marking_quality_score=101.361,True,True,True
2026-01-07 01:48:00,UNIT00525,LOT004,WAFER0525,PKG00525,5,Die Attach,OSAT/ATMP,Assembly,DA-01,C,FAIL,ABNORMAL,ABNORMAL,,,,,,,,,7.406,44.246,,,,,,,,,,,,,,,1,attach_force_n=7.406,True,True,True
2026-01-07 01:28:00,UNIT00524,LOT004,WAFER0524,PKG00524,1,Wafer Inspection,ATMP,Wafer Metrology,WI-02,A,FAIL,ABNORMAL,ABNORMAL,802.093,4.113,10.502,19.704,92.664,,,,,,,,,,,,,,,,,,,,1,wafer_thickness_um=802.093,True,True,True
2026-01-07 01:15:00,UNIT00523,LOT004,WAFER0523,PKG00523,4,Wafer Dicing,ATMP,Wafer Processing,WD-01,A,FAIL,ABNORMAL,ABNORMAL,,,,,,,,44.776,,,,,,,,,,,,,,,,,1,kerf_width_um=44.776,True,True,True
2026-01-07 00:56:00,UNIT00522,LOT004,WAFER0522,PKG00522,1,Wafer Inspection,ATMP,Wafer Metrology,WI-02,C,FAIL,ABNORMAL,ABNORMAL,783.921,0.16,-0.598,44.604,101.421,,,,,,,,,,,,,,,,,,,,1,bow_um=-0.598,True,True,True
2026-01-07 00:40:00,UNIT00521,LOT004,WAFER0521,PKG00521,1,Wafer Inspection,ATMP,Wafer Metrology,WI-01,C,FAIL,ABNORMAL,ABNORMAL,819.463,0.969,17.291,17.892,80.338,,,,,,,,,,,,,,,,,,,,1,wafer_thickness_um=819.463,True,True,True
2026-01-07 00:24:00,UNIT00520,LOT004,WAFER0520,PKG00520,1,Wafer Inspection,ATMP,Wafer Metrology,WI-01,A,FAIL,ABNORMAL,ABNORMAL,681.107,0.991,0.46,31.363,92.655,,,,,,,,,,,,,,,,,,,,1,wafer_thickness_um=681.107,True,True,True
2026-01-07 00:12:00,UNIT00519,LOT004,WAFER0519,PKG00519,5,Die Attach,OSAT/ATMP,Assembly,DA-02,C,FAIL,ABNORMAL,ABNORMAL,,,,,,,,,7.309,9.834,,,,,,,,,,,,,,,1,attach_force_n=7.309,True,True,True
2026-01-06 23:58:00,UNIT00518,LOT004,WAFER0518,PKG00518,7,Encapsulation / Molding,OSAT/ATMP,Packaging,MO-02,A,FAIL,ABNORMAL,ABNORMAL,,,,,,,,,,,,,169.329,119.76,0.592,,,,,,,,,,1,mold_temperature_c=169.329,True,True,True
2026-01-06 23:47:00,UNIT00517,LOT004,WAFER0517,PKG00517,12,ICT,OSAT,Electrical Testing,ICT-01,C,FAIL,ABNORMAL,ABNORMAL,,,,,,,,,,,,,,,,,,,,,9.341,,,,1,ict_current_a=9.341,True,True,True
2026-01-06 23:24:00,UNIT00516,LOT004,WAFER0516,PKG00516,5,Die Attach,OSAT/ATMP,Assembly,DA-02,A,FAIL,ABNORMAL,ABNORMAL,,,,,,,,,12.017,11.155,,,,,,,,,,,,,,,1,attach_force_n=12.017,True,True,True
2026-01-06 23:07:00,UNIT00515,LOT004,WAFER0515,PKG00515,4,Wafer Dicing,ATMP,Wafer Processing,WD-02,A,FAIL,ABNORMAL,ABNORMAL,,,,,,,,55.527,,,,,,,,,,,,,,,,,1,kerf_width_um=55.527,True,True,True
2026-01-06 22:34:00,UNIT00513,LOT004,WAFER0513,PKG00513,3,Back Grinding,ATMP,Wafer Processing,BG-02,C,FAIL,ABNORMAL,ABNORMAL,739.154,,,,,,5.713,,,,,,,,,,,,,,,,,,1,thickness_variation_um=5.713,True,True,True
2026-01-06 22:21:00,UNIT00512,LOT004,WAFER0512,PKG00512,6,Wire Bonding,OSAT/ATMP,Assembly,WB-01,C,FAIL,ABNORMAL,ABNORMAL,,,,,,,,,,,62.472,10.748,,,,,,,,,,,,,1,bond_pull_strength_gf=10.748,True,True,True
2026-01-06 22:00:00,UNIT00511,LOT004,WAFER0511,PKG00511,1,Wafer Inspection,ATMP,Wafer Metrology,WI-01,C,FAIL,ABNORMAL,ABNORMAL,766.527,5.079,30.188,8.197,109.438,,,,,,,,,,,,,,,,,,,,1,ttv_um=5.079,True,True,True
2026-01-06 21:55:00,UNIT00510,LOT004,WAFER0510,PKG00510,12,ICT,OSAT,Electrical Testing,ICT-02,A,FAIL,ABNORMAL,ABNORMAL,,,,,,,,,,,,,,,,,,,,,10.542,,,,1,ict_current_a=10.542,True,True,True
2026-01-06 21:14:00,UNIT00508,LOT004,WAFER0508,PKG00508,3,Back Grinding,ATMP,Wafer Processing,BG-01,C,FAIL,ABNORMAL,ABNORMAL,731.17,,,,,,-0.694,,,,,,,,,,,,,,,,,,1,thickness_variation_um=-0.694,True,True,True
2026-01-06 20:51:00,UNIT00506,LOT004,WAFER0506,PKG00506,12,ICT,OSAT,Electrical Testing,ICT-02,C,FAIL,ABNORMAL,ABNORMAL,,,,,,,,,,,,,,,,,,,,,10.662,,,,1,ict_current_a=10.662,True,True,True
2026-01-06 20:24:00,UNIT00505,LOT004,WAFER0505,PKG00505,1,Wafer Inspection,ATMP,Wafer Metrology,WI-02,B,FAIL,ABNORMAL,ABNORMAL,808.809,4.506,37.533,24.43,104.129,,,,,,,,,,,,,,,,,,,,1,wafer_thickness_um=808.809,True,True,True
2026-01-06 20:08:00,UNIT00504,LOT004,WAFER0504,PKG00504,1,Wafer Inspection,ATMP,Wafer Metrology,WI-02,A,FAIL,ABNORMAL,ABNORMAL,715.724,-0.309,25.672,32.53,115.587,,,,,,,,,,,,,,,,,,,,1,ttv_um=-0.309,True,True,True
2026-01-06 19:52:00,UNIT00503,LOT004,WAFER0503,PKG00503,1,Wafer Inspection,ATMP,Wafer Metrology,WI-02,A,FAIL,ABNORMAL,ABNORMAL,774.442,4.856,21.902,58.61,124.527,,,,,,,,,,,,,,,,,,,,2,warp_um=58.61; tape_thickness_um=124.527,True,True,True
2026-01-06 19:39:00,UNIT00502,LOT004,WAFER0502,PKG00502,4,Wafer Dicing,ATMP,Wafer Processing,WD-01,A,FAIL,ABNORMAL,ABNORMAL,,,,,,,,55.641,,,,,,,,,,,,,,,,,1,kerf_width_um=55.641,True,True,True
2026-01-06 19:22:00,UNIT00501,LOT004,WAFER0501,PKG00501,3,Back Grinding,ATMP,Wafer Processing,BG-02,A,FAIL,ABNORMAL,ABNORMAL,718.79,,,,,,-0.375,,,,,,,,,,,,,,,,,,1,thickness_variation_um=-0.375,True,True,True
2026-01-06 19:10:00,UNIT00500,LOT004,WAFER0500,PKG00500,7,Encapsulation / Molding,OSAT/ATMP,Packaging,MO-02,C,FAIL,ABNORMAL,ABNORMAL,,,,,,,,,,,,,190.047,139.897,1.405,,,,,,,,,,1,mold_temperature_c=190.047,True,True,True
2026-01-06 18:48:00,UNIT00499,LOT004,WAFER0499,PKG00499,1,Wafer Inspection,ATMP,Wafer Metrology,WI-02,C,FAIL,ABNORMAL,ABNORMAL,814.11,3.359,19.717,0.064,84.806,,,,,,,,,,,,,,,,,,,,1,wafer_thickness_um=814.11,True,True,True
2026-01-06 18:16:00,UNIT00497,LOT004,WAFER0497,PKG00497,1,Wafer Inspection,ATMP,Wafer Metrology,WI-01,B,FAIL,ABNORMAL,ABNORMAL,685.052,4.148,35.197,47.284,96.357,,,,,,,,,,,,,,,,,,,,1,wafer_thickness_um=685.052,True,True,True
2026-01-06 18:08:00,UNIT00496,LOT004,WAFER0496,PKG00496,9,Singulation,ATMP,Package Processing,SG-01,C,FAIL,ABNORMAL,ABNORMAL,,,,,,,,,,,,,,,,,11.559,,,,,,,,1,singulation_damage_score=11.559,True,True,True
2026-01-06 17:30:00,UNIT00494,LOT004,WAFER0494,PKG00494,3,Back Grinding,ATMP,Wafer Processing,BG-02,C,FAIL,ABNORMAL,ABNORMAL,754.288,,,,,,5.833,,,,,,,,,,,,,,,,,,1,thickness_variation_um=5.833,True,True,True
2026-01-06 17:12:00,UNIT00493,LOT004,WAFER0493,PKG00493,1,Wafer Inspection,ATMP,Wafer Metrology,WI-02,C,FAIL,ABNORMAL,ABNORMAL,696.15,0.547,19.865,16.842,102.779,,,,,,,,,,,,,,,,,,,,1,wafer_thickness_um=696.15,True,True,True
2026-01-06 16:59:00,UNIT00492,LOT004,WAFER0492,PKG00492,4,Wafer Dicing,ATMP,Wafer Processing,WD-01,A,FAIL,ABNORMAL,ABNORMAL,,,,,,,,56.199,,,,,,,,,,,,,,,,,1,kerf_width_um=56.199,True,True,True
2026-01-06 16:42:00,UNIT00491,LOT004,WAFER0491,PKG00491,3,Back Grinding,ATMP,Wafer Processing,BG-01,A,FAIL,ABNORMAL,ABNORMAL,697.431,,,,,,2.234,,,,,,,,,,,,,,,,,,1,wafer_thickness_um=697.431,True,True,True
2026-01-06 16:34:00,UNIT00490,LOT004,WAFER0490,PKG00490,11,Burn-in,OSAT,Testing,BI-02,C,FAIL,ABNORMAL,ABNORMAL,,,,,,,,,,,,,,,,,,,119.636,4.153,,,,,1,burn_in_temperature_c=119.636,True,True,True
2026-01-06 15:52:00,UNIT00488,LOT004,WAFER0488,PKG00488,1,Wafer Inspection,ATMP,Wafer Metrology,WI-02,B,FAIL,ABNORMAL,ABNORMAL,771.412,0.981,34.504,19.519,123.326,,,,,,,,,,,,,,,,,,,,1,tape_thickness_um=123.326,True,True,True
2026-01-06 15:47:00,UNIT00487,LOT004,WAFER0487,PKG00487,12,ICT,OSAT,Electrical Testing,ICT-01,B,FAIL,ABNORMAL,ABNORMAL,,,,,,,,,,,,,,,,,,,,,10.517,,,,1,ict_current_a=10.517,True,True,True
2026-01-06 15:18:00,UNIT00485,LOT004,WAFER0485,PKG00485,15,Final Inspection,ATMP,Final Inspection,FI-01,B,FAIL,ABNORMAL,ABNORMAL,,,,,,,,,,,,,,,,91.891,,10.272,,,,,,,1,package_dimension_mm=10.272,True,True,True
2026-01-06 15:03:00,UNIT00484,LOT004,WAFER0484,PKG00484,16,Packing / Dispatch,ATMP,Packaging,PK-02,A,FAIL,ABNORMAL,ABNORMAL,,,,,,,,,,,,,,,,,,,,,,,,-1.021,1,packaging_damage_score=-1.021,True,True,True
2026-01-06 14:36:00,UNIT00483,LOT004,WAFER0483,PKG00483,5,Die Attach,OSAT/ATMP,Assembly,DA-02,C,FAIL,ABNORMAL,ABNORMAL,,,,,,,,,11.957,-9.607,,,,,,,,,,,,,,,1,attach_offset_um=-9.607,True,True,True
2026-01-06 14:18:00,UNIT00482,LOT004,WAFER0482,PKG00482,3,Back Grinding,ATMP,Wafer Processing,BG-02,C,FAIL,ABNORMAL,ABNORMAL,680.812,,,,,,4.569,,,,,,,,,,,,,,,,,,1,wafer_thickness_um=680.812,True,True,True
2026-01-06 14:00:00,UNIT00481,LOT004,WAFER0481,PKG00481,1,Wafer Inspection,ATMP,Wafer Metrology,WI-01,C,FAIL,ABNORMAL,ABNORMAL,749.278,0.804,48.913,-8.415,99.499,,,,,,,,,,,,,,,,,,,,1,warp_um=-8.415,True,True,True
2026-01-06 13:32:00,UNIT00479,LOT004,WAFER0479,PKG00479,5,Die Attach,OSAT/ATMP,Assembly,DA-01,B,FAIL,ABNORMAL,ABNORMAL,,,,,,,,,12.645,3.962,,,,,,,,,,,,,,,1,attach_force_n=12.645,True,True,True
2026-01-06 12:40:00,UNIT00476,LOT004,WAFER0476,PKG00476,1,Wafer Inspection,ATMP,Wafer Metrology,WI-02,C,FAIL,ABNORMAL,ABNORMAL,713.108,3.831,46.622,59.473,94.761,,,,,,,,,,,,,,,,,,,,1,warp_um=59.473,True,True,True
2026-01-06 12:29:00,UNIT00475,LOT004,WAFER0475,PKG00475,6,Wire Bonding,OSAT/ATMP,Assembly,WB-02,B,FAIL,ABNORMAL,ABNORMAL,,,,,,,,,,,68.127,10.542,,,,,,,,,,,,,1,bond_pull_strength_gf=10.542,True,True,True
2026-01-06 12:16:00,UNIT00474,LOT004,WAFER0474,PKG00474,9,Singulation,ATMP,Package Processing,SG-02,C,FAIL,ABNORMAL,ABNORMAL,,,,,,,,,,,,,,,,,-0.44,,,,,,,,1,singulation_damage_score=-0.44,True,True,True
2026-01-06 11:42:00,UNIT00472,LOT004,WAFER0472,PKG00472,7,Encapsulation / Molding,OSAT/ATMP,Packaging,MO-02,C,FAIL,ABNORMAL,ABNORMAL,,,,,,,,,,,,,184.771,134.674,5.626,,,,,,,,,,1,void_percentage=5.626,True,True,True
2026-01-06 11:23:00,UNIT00471,LOT004,WAFER0471,PKG00471,4,Wafer Dicing,ATMP,Wafer Processing,WD-02,C,FAIL,ABNORMAL,ABNORMAL,,,,,,,,43.245,,,,,,,,,,,,,,,,,1,kerf_width_um=43.245,True,True,True
2026-01-06 11:04:00,UNIT00470,LOT004,WAFER0470,PKG00470,1,Wafer Inspection,ATMP,Wafer Metrology,WI-02,C,FAIL,ABNORMAL,ABNORMAL,817.63,2.08,36.017,45.914,96.322,,,,,,,,,,,,,,,,,,,,1,wafer_thickness_um=817.63,True,True,True
2026-01-06 10:48:00,UNIT00469,LOT004,WAFER0469,PKG00469,1,Wafer Inspection,ATMP,Wafer Metrology,WI-02,A,FAIL,ABNORMAL,ABNORMAL,761.34,1.308,3.35,1.41,73.958,,,,,,,,,,,,,,,,,,,,1,tape_thickness_um=73.958,True,True,True
2026-01-06 10:45:00,UNIT00468,LOT004,WAFER0468,PKG00468,14,EOL,OSAT,Final Testing,EOL-02,C,FAIL,ABNORMAL,ABNORMAL,,,,,,,,,,,,,,,,,,,,,,,103.836,,1,eol_temperature_c=103.836,True,True,True
2026-01-06 10:21:00,UNIT00467,LOT004,WAFER0467,PKG00467,6,Wire Bonding,OSAT/ATMP,Assembly,WB-01,A,FAIL,ABNORMAL,ABNORMAL,,,,,,,,,,,66.374,4.557,,,,,,,,,,,,,1,bond_pull_strength_gf=4.557,True,True,True
2026-01-06 10:00:00,UNIT00466,LOT004,WAFER0466,PKG00466,1,Wafer Inspection,ATMP,Wafer Metrology,WI-01,B,FAIL,ABNORMAL,ABNORMAL,690.405,3.385,-2.215,6.551,104.038,,,,,,,,,,,,,,,,,,,,2,wafer_thickness_um=690.405; bow_um=-2.215,True,True,True
2026-01-06 09:40:00,UNIT00464,LOT004,WAFER0464,PKG00464,13,FCT,OSAT,Functional Testing,FCT-01,C,FAIL,ABNORMAL,ABNORMAL,,,,,,,,,,,,,,,,,,,,,,3.547,,,1,fct_voltage_v=3.547,True,True,True
2026-01-06 09:14:00,UNIT00463,LOT004,WAFER0463,PKG00463,3,Back Grinding,ATMP,Wafer Processing,BG-01,A,FAIL,ABNORMAL,ABNORMAL,720.823,,,,,,-0.75,,,,,,,,,,,,,,,,,,1,thickness_variation_um=-0.75,True,True,True
2026-01-06 09:01:00,UNIT00462,LOT004,WAFER0462,PKG00462,6,Wire Bonding,OSAT/ATMP,Assembly,WB-02,C,FAIL,ABNORMAL,ABNORMAL,,,,,,,,,,,61.868,10.831,,,,,,,,,,,,,1,bond_pull_strength_gf=10.831,True,True,True
2026-01-06 08:45:00,UNIT00461,LOT004,WAFER0461,PKG00461,6,Wire Bonding,OSAT/ATMP,Assembly,WB-01,C,FAIL,ABNORMAL,ABNORMAL,,,,,,,,,,,61.574,10.031,,,,,,,,,,,,,1,bond_pull_strength_gf=10.031,True,True,True
2026-01-06 08:28:00,UNIT00460,LOT004,WAFER0460,PKG00460,5,Die Attach,OSAT/ATMP,Assembly,DA-01,A,FAIL,ABNORMAL,ABNORMAL,,,,,,,,,12.349,37.434,,,,,,,,,,,,,,,1,attach_force_n=12.349,True,True,True
2026-01-06 08:10:00,UNIT00459,LOT004,WAFER0459,PKG00459,3,Back Grinding,ATMP,Wafer Processing,BG-01,A,FAIL,ABNORMAL,ABNORMAL,729.815,,,,,,5.126,,,,,,,,,,,,,,,,,,1,thickness_variation_um=5.126,True,True,True
2026-01-06 07:26:00,UNIT00456,LOT004,WAFER0456,PKG00456,7,Encapsulation / Molding,OSAT/ATMP,Packaging,MO-01,A,FAIL,ABNORMAL,ABNORMAL,,,,,,,,,,,,,190.798,101.511,3.217,,,,,,,,,,1,mold_temperature_c=190.798,True,True,True
2026-01-06 07:10:00,UNIT00455,LOT004,WAFER0455,PKG00455,7,Encapsulation / Molding,OSAT/ATMP,Packaging,MO-02,C,FAIL,ABNORMAL,ABNORMAL,,,,,,,,,,,,,169.727,108.275,1.791,,,,,,,,,,1,mold_temperature_c=169.727,True,True,True
2026-01-06 06:50:00,UNIT00454,LOT004,WAFER0454,PKG00454,3,Back Grinding,ATMP,Wafer Processing,BG-02,C,FAIL,ABNORMAL,ABNORMAL,750.307,,,,,,-0.917,,,,,,,,,,,,,,,,,,1,thickness_variation_um=-0.917,True,True,True
2026-01-06 06:24:00,UNIT00452,LOT004,WAFER0452,PKG00452,9,Singulation,ATMP,Package Processing,SG-02,C,FAIL,ABNORMAL,ABNORMAL,,,,,,,,,,,,,,,,,10.733,,,,,,,,1,singulation_damage_score=10.733,True,True,True
2026-01-06 05:50:00,UNIT00450,LOT003,WAFER0450,PKG00450,7,Encapsulation / Molding,OSAT/ATMP,Packaging,MO-01,C,FAIL,ABNORMAL,ABNORMAL,,,,,,,,,,,,,181.011,133.036,-0.696,,,,,,,,,,1,void_percentage=-0.696,True,True,True
2026-01-06 05:26:00,UNIT00448,LOT003,WAFER0448,PKG00448,15,Final Inspection,ATMP,Final Inspection,FI-01,C,FAIL,ABNORMAL,ABNORMAL,,,,,,,,,,,,,,,,88.148,,10.197,,,,,,,1,marking_quality_score=88.148,True,True,True
2026-01-06 05:06:00,UNIT00447,LOT003,WAFER0447,PKG00447,11,Burn-in,OSAT,Testing,BI-01,A,FAIL,ABNORMAL,ABNORMAL,,,,,,,,,,,,,,,,,,,130.151,7.31,,,,,1,burn_in_temperature_c=130.151,True,True,True
2026-01-06 04:40:00,UNIT00446,LOT003,WAFER0446,PKG00446,1,Wafer Inspection,ATMP,Wafer Metrology,WI-02,A,FAIL,ABNORMAL,ABNORMAL,735.553,4.044,14.735,-4.288,109.816,,,,,,,,,,,,,,,,,,,,1,warp_um=-4.288,True,True,True
2026-01-06 04:36:00,UNIT00445,LOT003,WAFER0445,PKG00445,13,FCT,OSAT,Functional Testing,FCT-02,C,FAIL,ABNORMAL,ABNORMAL,,,,,,,,,,,,,,,,,,,,,,3.073,,,1,fct_voltage_v=3.073,True,True,True
2026-01-06 04:08:00,UNIT00444,LOT003,WAFER0444,PKG00444,1,Wafer Inspection,ATMP,Wafer Metrology,WI-02,C,FAIL,ABNORMAL,ABNORMAL,713.032,-0.654,40.385,12.317,82.53,,,,,,,,,,,,,,,,,,,,1,ttv_um=-0.654,True,True,True
2026-01-06 03:42:00,UNIT00442,LOT003,WAFER0442,PKG00442,7,Encapsulation / Molding,OSAT/ATMP,Packaging,MO-01,A,FAIL,ABNORMAL,ABNORMAL,,,,,,,,,,,,,167.799,130.254,3.971,,,,,,,,,,1,mold_temperature_c=167.799,True,True,True
2026-01-06 03:27:00,UNIT00441,LOT003,WAFER0441,PKG00441,8,Marking,ATMP,Package Marking,MK-01,B,FAIL,ABNORMAL,ABNORMAL,,,,,,,,,,,,,,,,88.343,,,,,,,,,1,marking_quality_score=88.343,True,True,True
2026-01-06 03:04:00,UNIT00440,LOT003,WAFER0440,PKG00440,1,Wafer Inspection,ATMP,Wafer Metrology,WI-01,A,FAIL,ABNORMAL,ABNORMAL,810.466,0.584,6.453,26.843,117.463,,,,,,,,,,,,,,,,,,,,1,wafer_thickness_um=810.466,True,True,True
2026-01-06 02:48:00,UNIT00439,LOT003,WAFER0439,PKG00439,1,Wafer Inspection,ATMP,Wafer Metrology,WI-01,B,FAIL,ABNORMAL,ABNORMAL,758.159,2.667,-4.036,18.301,126.457,,,,,,,,,,,,,,,,,,,,2,bow_um=-4.036; tape_thickness_um=126.457,True,True,True
2026-01-06 02:32:00,UNIT00438,LOT003,WAFER0438,PKG00438,1,Wafer Inspection,ATMP,Wafer Metrology,WI-01,C,FAIL,ABNORMAL,ABNORMAL,814.98,1.362,5.875,12.6,116.83,,,,,,,,,,,,,,,,,,,,1,wafer_thickness_um=814.98,True,True,True
2026-01-06 02:16:00,UNIT00437,LOT003,WAFER0437,PKG00437,1,Wafer Inspection,ATMP,Wafer Metrology,WI-01,C,FAIL,ABNORMAL,ABNORMAL,815.81,2.27,15.083,19.201,114.176,,,,,,,,,,,,,,,,,,,,1,wafer_thickness_um=815.81,True,True,True
2026-01-06 02:02:00,UNIT00436,LOT003,WAFER0436,PKG00436,3,Back Grinding,ATMP,Wafer Processing,BG-01,B,FAIL,ABNORMAL,ABNORMAL,680.983,,,,,,0.955,,,,,,,,,,,,,,,,,,1,wafer_thickness_um=680.983,True,True,True
2026-01-06 01:51:00,UNIT00435,LOT003,WAFER0435,PKG00435,8,Marking,ATMP,Package Marking,MK-01,A,FAIL,ABNORMAL,ABNORMAL,,,,,,,,,,,,,,,,89.763,,,,,,,,,1,marking_quality_score=89.763,True,True,True
2026-01-06 01:28:00,UNIT00434,LOT003,WAFER0434,PKG00434,1,Wafer Inspection,ATMP,Wafer Metrology,WI-01,B,FAIL,ABNORMAL,ABNORMAL,795.518,1.201,53.235,9.191,103.077,,,,,,,,,,,,,,,,,,,,1,bow_um=53.235,True,True,True
2026-01-06 01:12:00,UNIT00433,LOT003,WAFER0433,PKG00433,1,Wafer Inspection,ATMP,Wafer Metrology,WI-02,A,FAIL,ABNORMAL,ABNORMAL,776.101,-0.287,18.314,2.647,110.197,,,,,,,,,,,,,,,,,,,,1,ttv_um=-0.287,True,True,True
2026-01-06 01:02:00,UNIT00432,LOT003,WAFER0432,PKG00432,7,Encapsulation / Molding,OSAT/ATMP,Packaging,MO-02,B,FAIL,ABNORMAL,ABNORMAL,,,,,,,,,,,,,180.437,123.426,5.008,,,,,,,,,,1,void_percentage=5.008,True,True,True
2026-01-06 00:42:00,UNIT00431,LOT003,WAFER0431,PKG00431,3,Back Grinding,ATMP,Wafer Processing,BG-02,A,FAIL,ABNORMAL,ABNORMAL,766.932,,,,,,5.888,,,,,,,,,,,,,,,,,,1,thickness_variation_um=5.888,True,True,True
2026-01-06 00:10:00,UNIT00429,LOT003,WAFER0429,PKG00429,3,Back Grinding,ATMP,Wafer Processing,BG-02,B,FAIL,ABNORMAL,ABNORMAL,708.006,,,,,,-0.526,,,,,,,,,,,,,,,,,,1,thickness_variation_um=-0.526,True,True,True
2026-01-06 00:04:00,UNIT00428,LOT003,WAFER0428,PKG00428,13,FCT,OSAT,Functional Testing,FCT-01,C,FAIL,ABNORMAL,ABNORMAL,,,,,,,,,,,,,,,,,,,,,,3.097,,,1,fct_voltage_v=3.097,True,True,True
2026-01-05 23:22:00,UNIT00426,LOT003,WAFER0426,PKG00426,3,Back Grinding,ATMP,Wafer Processing,BG-02,A,FAIL,ABNORMAL,ABNORMAL,680.65,,,,,,-0.405,,,,,,,,,,,,,,,,,,2,wafer_thickness_um=680.65; thickness_variation_um=-0.405,True,True,True
2026-01-05 23:09:00,UNIT00425,LOT003,WAFER0425,PKG00425,6,Wire Bonding,OSAT/ATMP,Assembly,WB-01,C,FAIL,ABNORMAL,ABNORMAL,,,,,,,,,,,59.124,7.764,,,,,,,,,,,,,1,wire_bond_force_n=59.124,True,True,True
2026-01-05 22:36:00,UNIT00423,LOT003,WAFER0423,PKG00423,5,Die Attach,OSAT/ATMP,Assembly,DA-01,C,FAIL,ABNORMAL,ABNORMAL,,,,,,,,,9.112,54.982,,,,,,,,,,,,,,,1,attach_offset_um=54.982,True,True,True
2026-01-05 21:44:00,UNIT00420,LOT003,WAFER0420,PKG00420,1,Wafer Inspection,ATMP,Wafer Metrology,WI-02,C,FAIL,ABNORMAL,ABNORMAL,740.87,2.333,2.635,50.376,108.687,,,,,,,,,,,,,,,,,,,,1,warp_um=50.376,True,True,True
2026-01-05 21:18:00,UNIT00418,LOT003,WAFER0418,PKG00418,7,Encapsulation / Molding,OSAT/ATMP,Packaging,MO-02,C,FAIL,ABNORMAL,ABNORMAL,,,,,,,,,,,,,171.665,128.982,-0.688,,,,,,,,,,1,void_percentage=-0.688,True,True,True
2026-01-05 20:56:00,UNIT00417,LOT003,WAFER0417,PKG00417,1,Wafer Inspection,ATMP,Wafer Metrology,WI-02,C,FAIL,ABNORMAL,ABNORMAL,719.494,4.134,28.133,57.622,108.544,,,,,,,,,,,,,,,,,,,,1,warp_um=57.622,True,True,True
2026-01-05 20:50:00,UNIT00416,LOT003,WAFER0416,PKG00416,11,Burn-in,OSAT,Testing,BI-02,C,FAIL,ABNORMAL,ABNORMAL,,,,,,,,,,,,,,,,,,,123.646,3.875,,,,,1,burn_in_hours=3.875,True,True,True
2026-01-05 20:24:00,UNIT00415,LOT003,WAFER0415,PKG00415,1,Wafer Inspection,ATMP,Wafer Metrology,WI-02,C,FAIL,ABNORMAL,ABNORMAL,800.362,2.002,27.494,30.979,106.54,,,,,,,,,,,,,,,,,,,,1,wafer_thickness_um=800.362,True,True,True
2026-01-05 20:14:00,UNIT00414,LOT003,WAFER0414,PKG00414,7,Encapsulation / Molding,OSAT/ATMP,Packaging,MO-02,C,FAIL,ABNORMAL,ABNORMAL,,,,,,,,,,,,,179.276,93.392,1.687,,,,,,,,,,1,mold_cure_time_s=93.392,True,True,True
2026-01-05 19:42:00,UNIT00412,LOT003,WAFER0412,PKG00412,7,Encapsulation / Molding,OSAT/ATMP,Packaging,MO-02,A,FAIL,ABNORMAL,ABNORMAL,,,,,,,,,,,,,176.744,116.09,5.051,,,,,,,,,,1,void_percentage=5.051,True,True,True
2026-01-05 19:06:00,UNIT00410,LOT003,WAFER0410,PKG00410,3,Back Grinding,ATMP,Wafer Processing,BG-02,B,FAIL,ABNORMAL,ABNORMAL,748.895,,,,,,-0.593,,,,,,,,,,,,,,,,,,1,thickness_variation_um=-0.593,True,True,True
2026-01-05 18:54:00,UNIT00409,LOT003,WAFER0409,PKG00409,7,Encapsulation / Molding,OSAT/ATMP,Packaging,MO-02,A,FAIL,ABNORMAL,ABNORMAL,,,,,,,,,,,,,168.973,128.933,0.68,,,,,,,,,,1,mold_temperature_c=168.973,True,True,True
2026-01-05 18:32:00,UNIT00408,LOT003,WAFER0408,PKG00408,1,Wafer Inspection,ATMP,Wafer Metrology,WI-02,A,FAIL,ABNORMAL,ABNORMAL,763.74,4.009,-5.336,18.083,84.336,,,,,,,,,,,,,,,,,,,,1,bow_um=-5.336,True,True,True
2026-01-05 18:19:00,UNIT00407,LOT003,WAFER0407,PKG00407,4,Wafer Dicing,ATMP,Wafer Processing,WD-01,C,FAIL,ABNORMAL,ABNORMAL,,,,,,,,56.866,,,,,,,,,,,,,,,,,1,kerf_width_um=56.866,True,True,True
2026-01-05 18:00:00,UNIT00406,LOT003,WAFER0406,PKG00406,1,Wafer Inspection,ATMP,Wafer Metrology,WI-01,B,FAIL,ABNORMAL,ABNORMAL,780.227,3.934,55.097,15.003,86.051,,,,,,,,,,,,,,,,,,,,1,bow_um=55.097,True,True,True
2026-01-05 17:44:00,UNIT00405,LOT003,WAFER0405,PKG00405,1,Wafer Inspection,ATMP,Wafer Metrology,WI-02,C,FAIL,ABNORMAL,ABNORMAL,767.206,-0.948,5.682,0.196,119.978,,,,,,,,,,,,,,,,,,,,1,ttv_um=-0.948,True,True,True
2026-01-05 17:43:00,UNIT00404,LOT003,WAFER0404,PKG00404,16,Packing / Dispatch,ATMP,Packaging,PK-02,A,FAIL,ABNORMAL,ABNORMAL,,,,,,,,,,,,,,,,,,,,,,,,-1.47,1,packaging_damage_score=-1.47,True,True,True
2026-01-05 17:22:00,UNIT00403,LOT003,WAFER0403,PKG00403,11,Burn-in,OSAT,Testing,BI-02,B,FAIL,ABNORMAL,ABNORMAL,,,,,,,,,,,,,,,,,,,124.189,3.821,,,,,1,burn_in_hours=3.821,True,True,True
2026-01-05 16:45:00,UNIT00401,LOT003,WAFER0401,PKG00401,6,Wire Bonding,OSAT/ATMP,Assembly,WB-01,C,FAIL,ABNORMAL,ABNORMAL,,,,,,,,,,,64.275,4.161,,,,,,,,,,,,,1,bond_pull_strength_gf=4.161,True,True,True
2026-01-05 16:33:00,UNIT00400,LOT003,WAFER0400,PKG00400,10,Package Inspection,OSAT/ATMP,Package Inspection,PI-02,B,FAIL,ABNORMAL,ABNORMAL,,,,,,,,,,,,,,,,,,9.77,,,,,,,1,package_dimension_mm=9.77,True,True,True
2026-01-05 16:10:00,UNIT00399,LOT003,WAFER0399,PKG00399,3,Back Grinding,ATMP,Wafer Processing,BG-02,B,FAIL,ABNORMAL,ABNORMAL,780.369,,,,,,-0.182,,,,,,,,,,,,,,,,,,1,thickness_variation_um=-0.182,True,True,True
2026-01-05 16:00:00,UNIT00398,LOT003,WAFER0398,PKG00398,9,Singulation,ATMP,Package Processing,SG-01,A,FAIL,ABNORMAL,ABNORMAL,,,,,,,,,,,,,,,,,11.226,,,,,,,,1,singulation_damage_score=11.226,True,True,True
2026-01-05 15:40:00,UNIT00397,LOT003,WAFER0397,PKG00397,5,Die Attach,OSAT/ATMP,Assembly,DA-01,A,FAIL,ABNORMAL,ABNORMAL,,,,,,,,,12.114,0.701,,,,,,,,,,,,,,,1,attach_force_n=12.114,True,True,True
2026-01-05 15:26:00,UNIT00396,LOT003,WAFER0396,PKG00396,7,Encapsulation / Molding,OSAT/ATMP,Packaging,MO-01,B,FAIL,ABNORMAL,ABNORMAL,,,,,,,,,,,,,193.22,134.005,1.446,,,,,,,,,,1,mold_temperature_c=193.22,True,True,True
2026-01-05 14:48:00,UNIT00394,LOT003,WAFER0394,PKG00394,1,Wafer Inspection,ATMP,Wafer Metrology,WI-02,B,FAIL,ABNORMAL,ABNORMAL,767.342,3.072,44.623,-9.214,93.237,,,,,,,,,,,,,,,,,,,,1,warp_um=-9.214,True,True,True
2026-01-05 14:00:00,UNIT00391,LOT003,WAFER0391,PKG00391,1,Wafer Inspection,ATMP,Wafer Metrology,WI-01,B,FAIL,ABNORMAL,ABNORMAL,781.314,5.588,10.538,11.836,105.121,,,,,,,,,,,,,,,,,,,,1,ttv_um=5.588,True,True,True
2026-01-05 13:44:00,UNIT00390,LOT003,WAFER0390,PKG00390,1,Wafer Inspection,ATMP,Wafer Metrology,WI-01,B,FAIL,ABNORMAL,ABNORMAL,808.454,3.59,22.135,57.322,89.321,,,,,,,,,,,,,,,,,,,,2,wafer_thickness_um=808.454; warp_um=57.322,True,True,True
2026-01-05 13:28:00,UNIT00389,LOT003,WAFER0389,PKG00389,1,Wafer Inspection,ATMP,Wafer Metrology,WI-02,C,FAIL,ABNORMAL,ABNORMAL,701.997,2.933,22.77,55.18,80.299,,,,,,,,,,,,,,,,,,,,1,warp_um=55.18,True,True,True
2026-01-05 13:14:00,UNIT00388,LOT003,WAFER0388,PKG00388,3,Back Grinding,ATMP,Wafer Processing,BG-01,A,FAIL,ABNORMAL,ABNORMAL,682.878,,,,,,0.043,,,,,,,,,,,,,,,,,,1,wafer_thickness_um=682.878,True,True,True
2026-01-05 12:41:00,UNIT00386,LOT003,WAFER0386,PKG00386,2,Wafer Sort,OSAT,Wafer Test,WS-01,B,FAIL,ABNORMAL,ABNORMAL,,,,,,9.442,,,,,,,,,,,,,,,,,,,1,sort_current_a=9.442,True,True,True
2026-01-05 12:29:00,UNIT00385,LOT003,WAFER0385,PKG00385,6,Wire Bonding,OSAT/ATMP,Assembly,WB-02,C,FAIL,ABNORMAL,ABNORMAL,,,,,,,,,,,70.113,5.602,,,,,,,,,,,,,1,wire_bond_force_n=70.113,True,True,True
2026-01-05 11:52:00,UNIT00383,LOT003,WAFER0383,PKG00383,1,Wafer Inspection,ATMP,Wafer Metrology,WI-01,A,FAIL,ABNORMAL,ABNORMAL,725.715,3.597,1.406,-6.247,105.07,,,,,,,,,,,,,,,,,,,,1,warp_um=-6.247,True,True,True
2026-01-05 11:43:00,UNIT00382,LOT003,WAFER0382,PKG00382,8,Marking,ATMP,Package Marking,MK-02,C,FAIL,ABNORMAL,ABNORMAL,,,,,,,,,,,,,,,,101.442,,,,,,,,,1,marking_quality_score=101.442,True,True,True
2026-01-05 11:25:00,UNIT00381,LOT003,WAFER0381,PKG00381,6,Wire Bonding,OSAT/ATMP,Assembly,WB-02,B,FAIL,ABNORMAL,ABNORMAL,,,,,,,,,,,71.561,9.551,,,,,,,,,,,,,1,wire_bond_force_n=71.561,True,True,True
2026-01-05 11:11:00,UNIT00380,LOT003,WAFER0380,PKG00380,8,Marking,ATMP,Package Marking,MK-01,B,FAIL,ABNORMAL,ABNORMAL,,,,,,,,,,,,,,,,89.139,,,,,,,,,1,marking_quality_score=89.139,True,True,True
2026-01-05 10:48:00,UNIT00379,LOT003,WAFER0379,PKG00379,1,Wafer Inspection,ATMP,Wafer Metrology,WI-01,B,FAIL,ABNORMAL,ABNORMAL,710.466,2.115,39.779,7.069,73.043,,,,,,,,,,,,,,,,,,,,1,tape_thickness_um=73.043,True,True,True
2026-01-05 10:45:00,UNIT00378,LOT003,WAFER0378,PKG00378,14,EOL,OSAT,Final Testing,EOL-01,A,FAIL,ABNORMAL,ABNORMAL,,,,,,,,,,,,,,,,,,,,,,,100.575,,1,eol_temperature_c=100.575,True,True,True
2026-01-05 10:22:00,UNIT00377,LOT003,WAFER0377,PKG00377,7,Encapsulation / Molding,OSAT/ATMP,Packaging,MO-02,B,FAIL,ABNORMAL,ABNORMAL,,,,,,,,,,,,,192.375,130.193,1.547,,,,,,,,,,1,mold_temperature_c=192.375,True,True,True
2026-01-05 10:02:00,UNIT00376,LOT003,WAFER0376,PKG00376,3,Back Grinding,ATMP,Wafer Processing,BG-02,C,FAIL,ABNORMAL,ABNORMAL,771.222,,,,,,-0.824,,,,,,,,,,,,,,,,,,1,thickness_variation_um=-0.824,True,True,True
2026-01-05 09:44:00,UNIT00375,LOT003,WAFER0375,PKG00375,1,Wafer Inspection,ATMP,Wafer Metrology,WI-02,C,FAIL,ABNORMAL,ABNORMAL,783.446,0.281,-2.525,42.543,91.445,,,,,,,,,,,,,,,,,,,,1,bow_um=-2.525,True,True,True
2026-01-05 09:30:00,UNIT00374,LOT003,WAFER0374,PKG00374,3,Back Grinding,ATMP,Wafer Processing,BG-01,C,FAIL,ABNORMAL,ABNORMAL,695.629,,,,,,3.516,,,,,,,,,,,,,,,,,,1,wafer_thickness_um=695.629,True,True,True
2026-01-05 09:03:00,UNIT00372,LOT003,WAFER0372,PKG00372,8,Marking,ATMP,Package Marking,MK-01,A,FAIL,ABNORMAL,ABNORMAL,,,,,,,,,,,,,,,,89.165,,,,,,,,,1,marking_quality_score=89.165,True,True,True
2026-01-05 08:50:00,UNIT00371,LOT003,WAFER0371,PKG00371,11,Burn-in,OSAT,Testing,BI-02,C,FAIL,ABNORMAL,ABNORMAL,,,,,,,,,,,,,,,,,,,122.447,3.537,,,,,1,burn_in_hours=3.537,True,True,True
2026-01-05 08:26:00,UNIT00370,LOT003,WAFER0370,PKG00370,3,Back Grinding,ATMP,Wafer Processing,BG-02,C,FAIL,ABNORMAL,ABNORMAL,681.321,,,,,,4.863,,,,,,,,,,,,,,,,,,1,wafer_thickness_um=681.321,True,True,True
2026-01-05 08:17:00,UNIT00369,LOT003,WAFER0369,PKG00369,10,Package Inspection,OSAT/ATMP,Package Inspection,PI-01,B,FAIL,ABNORMAL,ABNORMAL,,,,,,,,,,,,,,,,,,10.204,,,,,,,1,package_dimension_mm=10.204,True,True,True
2026-01-05 07:52:00,UNIT00368,LOT003,WAFER0368,PKG00368,1,Wafer Inspection,ATMP,Wafer Metrology,WI-01,B,FAIL,ABNORMAL,ABNORMAL,726.355,1.396,-0.693,1.232,107.868,,,,,,,,,,,,,,,,,,,,1,bow_um=-0.693,True,True,True
2026-01-05 07:36:00,UNIT00367,LOT003,WAFER0367,PKG00367,1,Wafer Inspection,ATMP,Wafer Metrology,WI-02,A,FAIL,ABNORMAL,ABNORMAL,773.592,-0.725,31.955,17.048,119.907,,,,,,,,,,,,,,,,,,,,1,ttv_um=-0.725,True,True,True
2026-01-05 07:20:00,UNIT00366,LOT003,WAFER0366,PKG00366,1,Wafer Inspection,ATMP,Wafer Metrology,WI-01,A,FAIL,ABNORMAL,ABNORMAL,794.298,3.052,-1.65,35.518,84.5,,,,,,,,,,,,,,,,,,,,1,bow_um=-1.65,True,True,True
2026-01-05 06:48:00,UNIT00364,LOT003,WAFER0364,PKG00364,1,Wafer Inspection,ATMP,Wafer Metrology,WI-02,A,FAIL,ABNORMAL,ABNORMAL,783.432,2.887,32.32,54.584,101.148,,,,,,,,,,,,,,,,,,,,1,warp_um=54.584,True,True,True
2026-01-05 06:34:00,UNIT00363,LOT003,WAFER0363,PKG00363,3,Back Grinding,ATMP,Wafer Processing,BG-02,C,FAIL,ABNORMAL,ABNORMAL,802.279,,,,,,3.22,,,,,,,,,,,,,,,,,,1,wafer_thickness_um=802.279,True,True,True
2026-01-05 06:04:00,UNIT00361,LOT003,WAFER0361,PKG00361,5,Die Attach,OSAT/ATMP,Assembly,DA-01,A,FAIL,ABNORMAL,ABNORMAL,,,,,,,,,7.782,34.646,,,,,,,,,,,,,,,1,attach_force_n=7.782,True,True,True
2026-01-05 05:53:00,UNIT00360,LOT003,WAFER0360,PKG00360,10,Package Inspection,OSAT/ATMP,Package Inspection,PI-01,A,FAIL,ABNORMAL,ABNORMAL,,,,,,,,,,,,,,,,,,10.256,,,,,,,1,package_dimension_mm=10.256,True,True,True
2026-01-05 05:34:00,UNIT00359,LOT003,WAFER0359,PKG00359,7,Encapsulation / Molding,OSAT/ATMP,Packaging,MO-01,A,FAIL,ABNORMAL,ABNORMAL,,,,,,,,,,,,,174.271,116.446,-0.296,,,,,,,,,,1,void_percentage=-0.296,True,True,True
2026-01-05 05:12:00,UNIT00358,LOT003,WAFER0358,PKG00358,1,Wafer Inspection,ATMP,Wafer Metrology,WI-02,C,FAIL,ABNORMAL,ABNORMAL,759.614,5.74,10.548,42.081,81.214,,,,,,,,,,,,,,,,,,,,1,ttv_um=5.74,True,True,True
2026-01-05 05:01:00,UNIT00357,LOT003,WAFER0357,PKG00357,6,Wire Bonding,OSAT/ATMP,Assembly,WB-01,B,FAIL,ABNORMAL,ABNORMAL,,,,,,,,,,,66.769,10.064,,,,,,,,,,,,,1,bond_pull_strength_gf=10.064,True,True,True
2026-01-05 04:49:00,UNIT00356,LOT003,WAFER0356,PKG00356,10,Package Inspection,OSAT/ATMP,Package Inspection,PI-02,A,FAIL,ABNORMAL,ABNORMAL,,,,,,,,,,,,,,,,,,9.735,,,,,,,1,package_dimension_mm=9.735,True,True,True
2026-01-05 04:33:00,UNIT00355,LOT003,WAFER0355,PKG00355,10,Package Inspection,OSAT/ATMP,Package Inspection,PI-02,A,FAIL,ABNORMAL,ABNORMAL,,,,,,,,,,,,,,,,,,10.277,,,,,,,1,package_dimension_mm=10.277,True,True,True
2026-01-05 03:52:00,UNIT00353,LOT003,WAFER0353,PKG00353,1,Wafer Inspection,ATMP,Wafer Metrology,WI-02,B,FAIL,ABNORMAL,ABNORMAL,799.542,-0.712,26.911,26.666,96.226,,,,,,,,,,,,,,,,,,,,1,ttv_um=-0.712,True,True,True
2026-01-05 03:47:00,UNIT00352,LOT003,WAFER0352,PKG00352,12,ICT,OSAT,Electrical Testing,ICT-02,C,FAIL,ABNORMAL,ABNORMAL,,,,,,,,,,,,,,,,,,,,,9.447,,,,1,ict_current_a=9.447,True,True,True
2026-01-05 03:25:00,UNIT00351,LOT003,WAFER0351,PKG00351,6,Wire Bonding,OSAT/ATMP,Assembly,WB-01,C,FAIL,ABNORMAL,ABNORMAL,,,,,,,,,,,58.309,7.198,,,,,,,,,,,,,1,wire_bond_force_n=58.309,True,True,True
2026-01-05 02:37:00,UNIT00348,LOT003,WAFER0348,PKG00348,6,Wire Bonding,OSAT/ATMP,Assembly,WB-02,C,FAIL,ABNORMAL,ABNORMAL,,,,,,,,,,,62.04,10.826,,,,,,,,,,,,,1,bond_pull_strength_gf=10.826,True,True,True
2026-01-05 02:16:00,UNIT00347,LOT003,WAFER0347,PKG00347,1,Wafer Inspection,ATMP,Wafer Metrology,WI-01,C,FAIL,ABNORMAL,ABNORMAL,771.726,2.91,39.89,-1.356,98.276,,,,,,,,,,,,,,,,,,,,1,warp_um=-1.356,True,True,True
2026-01-05 02:08:00,UNIT00346,LOT003,WAFER0346,PKG00346,9,Singulation,ATMP,Package Processing,SG-02,A,FAIL,ABNORMAL,ABNORMAL,,,,,,,,,,,,,,,,,-0.18,,,,,,,,1,singulation_damage_score=-0.18,True,True,True
2026-01-05 01:45:00,UNIT00345,LOT003,WAFER0345,PKG00345,2,Wafer Sort,OSAT,Wafer Test,WS-02,A,FAIL,ABNORMAL,ABNORMAL,,,,,,9.311,,,,,,,,,,,,,,,,,,,1,sort_current_a=9.311,True,True,True
2026-01-05 01:12:00,UNIT00343,LOT003,WAFER0343,PKG00343,1,Wafer Inspection,ATMP,Wafer Metrology,WI-02,C,FAIL,ABNORMAL,ABNORMAL,793.818,1.378,16.609,35.04,126.123,,,,,,,,,,,,,,,,,,,,1,tape_thickness_um=126.123,True,True,True
2026-01-05 01:06:00,UNIT00342,LOT003,WAFER0342,PKG00342,11,Burn-in,OSAT,Testing,BI-01,A,FAIL,ABNORMAL,ABNORMAL,,,,,,,,,,,,,,,,,,,126.766,3.491,,,,,1,burn_in_hours=3.491,True,True,True
2026-01-05 00:28:00,UNIT00340,LOT003,WAFER0340,PKG00340,5,Die Attach,OSAT/ATMP,Assembly,DA-02,A,FAIL,ABNORMAL,ABNORMAL,,,,,,,,,10.732,-0.674,,,,,,,,,,,,,,,1,attach_offset_um=-0.674,True,True,True
2026-01-04 23:54:00,UNIT00338,LOT003,WAFER0338,PKG00338,3,Back Grinding,ATMP,Wafer Processing,BG-02,B,FAIL,ABNORMAL,ABNORMAL,688.982,,,,,,2.888,,,,,,,,,,,,,,,,,,1,wafer_thickness_um=688.982,True,True,True
2026-01-04 23:20:00,UNIT00336,LOT003,WAFER0336,PKG00336,1,Wafer Inspection,ATMP,Wafer Metrology,WI-02,C,FAIL,ABNORMAL,ABNORMAL,750.237,1.639,36.857,1.836,75.798,,,,,,,,,,,,,,,,,,,,1,tape_thickness_um=75.798,True,True,True
2026-01-04 23:04:00,UNIT00335,LOT003,WAFER0335,PKG00335,1,Wafer Inspection,ATMP,Wafer Metrology,WI-01,A,FAIL,ABNORMAL,ABNORMAL,727.675,2.791,17.35,59.329,116.906,,,,,,,,,,,,,,,,,,,,1,warp_um=59.329,True,True,True
2026-01-04 22:32:00,UNIT00333,LOT003,WAFER0333,PKG00333,1,Wafer Inspection,ATMP,Wafer Metrology,WI-02,C,FAIL,ABNORMAL,ABNORMAL,752.759,5.259,2.641,36.304,84.852,,,,,,,,,,,,,,,,,,,,1,ttv_um=5.259,True,True,True
2026-01-04 22:16:00,UNIT00332,LOT003,WAFER0332,PKG00332,1,Wafer Inspection,ATMP,Wafer Metrology,WI-02,C,FAIL,ABNORMAL,ABNORMAL,766.693,2.177,59.531,35.962,117.207,,,,,,,,,,,,,,,,,,,,1,bow_um=59.531,True,True,True
2026-01-04 22:02:00,UNIT00331,LOT003,WAFER0331,PKG00331,3,Back Grinding,ATMP,Wafer Processing,BG-01,B,FAIL,ABNORMAL,ABNORMAL,811.195,,,,,,4.29,,,,,,,,,,,,,,,,,,1,wafer_thickness_um=811.195,True,True,True
2026-01-04 21:46:00,UNIT00330,LOT003,WAFER0330,PKG00330,3,Back Grinding,ATMP,Wafer Processing,BG-01,C,FAIL,ABNORMAL,ABNORMAL,716.55,,,,,,-0.293,,,,,,,,,,,,,,,,,,1,thickness_variation_um=-0.293,True,True,True
2026-01-04 21:16:00,UNIT00328,LOT003,WAFER0328,PKG00328,5,Die Attach,OSAT/ATMP,Assembly,DA-02,A,FAIL,ABNORMAL,ABNORMAL,,,,,,,,,9.787,51.234,,,,,,,,,,,,,,,1,attach_offset_um=51.234,True,True,True
2026-01-04 21:03:00,UNIT00327,LOT003,WAFER0327,PKG00327,8,Marking,ATMP,Package Marking,MK-02,A,FAIL,ABNORMAL,ABNORMAL,,,,,,,,,,,,,,,,88.432,,,,,,,,,1,marking_quality_score=88.432,True,True,True
2026-01-04 20:41:00,UNIT00326,LOT003,WAFER0326,PKG00326,2,Wafer Sort,OSAT,Wafer Test,WS-02,B,FAIL,ABNORMAL,ABNORMAL,,,,,,10.661,,,,,,,,,,,,,,,,,,,1,sort_current_a=10.661,True,True,True
2026-01-04 20:34:00,UNIT00325,LOT003,WAFER0325,PKG00325,11,Burn-in,OSAT,Testing,BI-02,A,FAIL,ABNORMAL,ABNORMAL,,,,,,,,,,,,,,,,,,,130.867,7.394,,,,,1,burn_in_temperature_c=130.867,True,True,True
2026-01-04 20:08:00,UNIT00324,LOT003,WAFER0324,PKG00324,1,Wafer Inspection,ATMP,Wafer Metrology,WI-01,B,FAIL,ABNORMAL,ABNORMAL,807.442,3.799,16.941,47.603,109.517,,,,,,,,,,,,,,,,,,,,1,wafer_thickness_um=807.442,True,True,True
2026-01-04 20:02:00,UNIT00323,LOT003,WAFER0323,PKG00323,11,Burn-in,OSAT,Testing,BI-01,A,FAIL,ABNORMAL,ABNORMAL,,,,,,,,,,,,,,,,,,,119.833,5.311,,,,,1,burn_in_temperature_c=119.833,True,True,True
2026-01-04 19:44:00,UNIT00322,LOT003,WAFER0322,PKG00322,9,Singulation,ATMP,Package Processing,SG-02,A,FAIL,ABNORMAL,ABNORMAL,,,,,,,,,,,,,,,,,10.161,,,,,,,,1,singulation_damage_score=10.161,True,True,True
2026-01-04 19:28:00,UNIT00321,LOT003,WAFER0321,PKG00321,9,Singulation,ATMP,Package Processing,SG-01,B,FAIL,ABNORMAL,ABNORMAL,,,,,,,,,,,,,,,,,11.392,,,,,,,,1,singulation_damage_score=11.392,True,True,True
2026-01-04 19:11:00,UNIT00320,LOT003,WAFER0320,PKG00320,8,Marking,ATMP,Package Marking,MK-01,A,FAIL,ABNORMAL,ABNORMAL,,,,,,,,,,,,,,,,101.775,,,,,,,,,1,marking_quality_score=101.775,True,True,True
2026-01-04 19:02:00,UNIT00319,LOT003,WAFER0319,PKG00319,15,Final Inspection,ATMP,Final Inspection,FI-02,B,FAIL,ABNORMAL,ABNORMAL,,,,,,,,,,,,,,,,101.907,,9.941,,,,,,,1,marking_quality_score=101.907,True,True,True
2026-01-04 18:41:00,UNIT00318,LOT003,WAFER0318,PKG00318,10,Package Inspection,OSAT/ATMP,Package Inspection,PI-01,A,FAIL,ABNORMAL,ABNORMAL,,,,,,,,,,,,,,,,,,9.793,,,,,,,1,package_dimension_mm=9.793,True,True,True
2026-01-04 18:10:00,UNIT00316,LOT003,WAFER0316,PKG00316,11,Burn-in,OSAT,Testing,BI-01,C,FAIL,ABNORMAL,ABNORMAL,,,,,,,,,,,,,,,,,,,123.456,3.206,,,,,1,burn_in_hours=3.206,True,True,True
2026-01-04 17:47:00,UNIT00315,LOT003,WAFER0315,PKG00315,4,Wafer Dicing,ATMP,Wafer Processing,WD-02,C,FAIL,ABNORMAL,ABNORMAL,,,,,,,,44.605,,,,,,,,,,,,,,,,,1,kerf_width_um=44.605,True,True,True
2026-01-04 17:28:00,UNIT00314,LOT003,WAFER0314,PKG00314,1,Wafer Inspection,ATMP,Wafer Metrology,WI-01,B,FAIL,ABNORMAL,ABNORMAL,751.239,1.744,-6.252,31.067,108.749,,,,,,,,,,,,,,,,,,,,1,bow_um=-6.252,True,True,True
2026-01-04 17:12:00,UNIT00313,LOT003,WAFER0313,PKG00313,1,Wafer Inspection,ATMP,Wafer Metrology,WI-01,B,FAIL,ABNORMAL,ABNORMAL,706.76,3.62,46.44,-5.695,84.766,,,,,,,,,,,,,,,,,,,,1,warp_um=-5.695,True,True,True
2026-01-04 17:05:00,UNIT00312,LOT003,WAFER0312,PKG00312,10,Package Inspection,OSAT/ATMP,Package Inspection,PI-02,A,FAIL,ABNORMAL,ABNORMAL,,,,,,,,,,,,,,,,,,10.21,,,,,,,1,package_dimension_mm=10.21,True,True,True
2026-01-04 16:49:00,UNIT00311,LOT003,WAFER0311,PKG00311,10,Package Inspection,OSAT/ATMP,Package Inspection,PI-02,B,FAIL,ABNORMAL,ABNORMAL,,,,,,,,,,,,,,,,,,9.757,,,,,,,1,package_dimension_mm=9.757,True,True,True
2026-01-04 16:24:00,UNIT00310,LOT003,WAFER0310,PKG00310,1,Wafer Inspection,ATMP,Wafer Metrology,WI-01,C,FAIL,ABNORMAL,ABNORMAL,690.885,4.879,18.457,17.86,93.764,,,,,,,,,,,,,,,,,,,,1,wafer_thickness_um=690.885,True,True,True
2026-01-04 16:13:00,UNIT00309,LOT003,WAFER0309,PKG00309,6,Wire Bonding,OSAT/ATMP,Assembly,WB-01,A,FAIL,ABNORMAL,ABNORMAL,,,,,,,,,,,61.393,4.011,,,,,,,,,,,,,1,bond_pull_strength_gf=4.011,True,True,True
2026-01-04 15:23:00,UNIT00306,LOT003,WAFER0306,PKG00306,4,Wafer Dicing,ATMP,Wafer Processing,WD-01,A,FAIL,ABNORMAL,ABNORMAL,,,,,,,,56.714,,,,,,,,,,,,,,,,,1,kerf_width_um=56.714,True,True,True
2026-01-04 15:04:00,UNIT00305,LOT003,WAFER0305,PKG00305,1,Wafer Inspection,ATMP,Wafer Metrology,WI-02,A,FAIL,ABNORMAL,ABNORMAL,718.281,4.781,-6.233,16.962,82.497,,,,,,,,,,,,,,,,,,,,1,bow_um=-6.233,True,True,True
2026-01-04 15:03:00,UNIT00304,LOT003,WAFER0304,PKG00304,16,Packing / Dispatch,ATMP,Packaging,PK-02,C,FAIL,ABNORMAL,ABNORMAL,,,,,,,,,,,,,,,,,,,,,,,,11.692,1,packaging_damage_score=11.692,True,True,True
2026-01-04 14:32:00,UNIT00303,LOT003,WAFER0303,PKG00303,1,Wafer Inspection,ATMP,Wafer Metrology,WI-02,A,FAIL,ABNORMAL,ABNORMAL,731.26,5.411,10.485,48.828,105.824,,,,,,,,,,,,,,,,,,,,1,ttv_um=5.411,True,True,True
2026-01-04 14:10:00,UNIT00301,LOT003,WAFER0301,PKG00301,11,Burn-in,OSAT,Testing,BI-01,B,FAIL,ABNORMAL,ABNORMAL,,,,,,,,,,,,,,,,,,,118.028,6.598,,,,,1,burn_in_temperature_c=118.028,True,True,True
2026-01-04 13:47:00,UNIT00300,LOT002,WAFER0300,PKG00300,4,Wafer Dicing,ATMP,Wafer Processing,WD-01,A,FAIL,ABNORMAL,ABNORMAL,,,,,,,,56.5,,,,,,,,,,,,,,,,,1,kerf_width_um=56.5,True,True,True
2026-01-04 13:30:00,UNIT00299,LOT002,WAFER0299,PKG00299,3,Back Grinding,ATMP,Wafer Processing,BG-02,B,FAIL,ABNORMAL,ABNORMAL,752.138,,,,,,-0.103,,,,,,,,,,,,,,,,,,1,thickness_variation_um=-0.103,True,True,True
2026-01-04 13:20:00,UNIT00298,LOT002,WAFER0298,PKG00298,9,Singulation,ATMP,Package Processing,SG-02,B,FAIL,ABNORMAL,ABNORMAL,,,,,,,,,,,,,,,,,11.883,,,,,,,,1,singulation_damage_score=11.883,True,True,True
2026-01-04 12:56:00,UNIT00297,LOT002,WAFER0297,PKG00297,1,Wafer Inspection,ATMP,Wafer Metrology,WI-01,C,FAIL,ABNORMAL,ABNORMAL,735.483,5.78,28.195,13.058,107.798,,,,,,,,,,,,,,,,,,,,1,ttv_um=5.78,True,True,True
2026-01-04 12:48:00,UNIT00296,LOT002,WAFER0296,PKG00296,9,Singulation,ATMP,Package Processing,SG-01,B,FAIL,ABNORMAL,ABNORMAL,,,,,,,,,,,,,,,,,10.05,,,,,,,,1,singulation_damage_score=10.05,True,True,True
2026-01-04 12:33:00,UNIT00295,LOT002,WAFER0295,PKG00295,10,Package Inspection,OSAT/ATMP,Package Inspection,PI-01,B,FAIL,ABNORMAL,ABNORMAL,,,,,,,,,,,,,,,,,,9.796,,,,,,,1,package_dimension_mm=9.796,True,True,True
2026-01-04 12:18:00,UNIT00294,LOT002,WAFER0294,PKG00294,11,Burn-in,OSAT,Testing,BI-02,C,FAIL,ABNORMAL,ABNORMAL,,,,,,,,,,,,,,,,,,,130.668,6.923,,,,,1,burn_in_temperature_c=130.668,True,True,True
2026-01-04 11:58:00,UNIT00293,LOT002,WAFER0293,PKG00293,7,Encapsulation / Molding,OSAT/ATMP,Packaging,MO-01,B,FAIL,ABNORMAL,ABNORMAL,,,,,,,,,,,,,174.738,103.879,-0.821,,,,,,,,,,1,void_percentage=-0.821,True,True,True
2026-01-04 11:43:00,UNIT00292,LOT002,WAFER0292,PKG00292,8,Marking,ATMP,Package Marking,MK-01,B,FAIL,ABNORMAL,ABNORMAL,,,,,,,,,,,,,,,,101.341,,,,,,,,,1,marking_quality_score=101.341,True,True,True
2026-01-04 11:20:00,UNIT00291,LOT002,WAFER0291,PKG00291,1,Wafer Inspection,ATMP,Wafer Metrology,WI-02,A,FAIL,ABNORMAL,ABNORMAL,754.127,-0.354,2.279,47.299,113.687,,,,,,,,,,,,,,,,,,,,1,ttv_um=-0.354,True,True,True
2026-01-04 10:54:00,UNIT00289,LOT002,WAFER0289,PKG00289,7,Encapsulation / Molding,OSAT/ATMP,Packaging,MO-02,B,FAIL,ABNORMAL,ABNORMAL,,,,,,,,,,,,,168.417,130.548,2.617,,,,,,,,,,1,mold_temperature_c=168.417,True,True,True
2026-01-04 10:22:00,UNIT00287,LOT002,WAFER0287,PKG00287,7,Encapsulation / Molding,OSAT/ATMP,Packaging,MO-01,C,FAIL,ABNORMAL,ABNORMAL,,,,,,,,,,,,,191.622,120.651,2.903,,,,,,,,,,1,mold_temperature_c=191.622,True,True,True
2026-01-04 10:02:00,UNIT00286,LOT002,WAFER0286,PKG00286,3,Back Grinding,ATMP,Wafer Processing,BG-02,A,FAIL,ABNORMAL,ABNORMAL,758.662,,,,,,-0.172,,,,,,,,,,,,,,,,,,1,thickness_variation_um=-0.172,True,True,True
2026-01-04 09:44:00,UNIT00285,LOT002,WAFER0285,PKG00285,1,Wafer Inspection,ATMP,Wafer Metrology,WI-02,A,FAIL,ABNORMAL,ABNORMAL,756.585,4.54,19.816,-7.037,85.739,,,,,,,,,,,,,,,,,,,,1,warp_um=-7.037,True,True,True
2026-01-04 09:31:00,UNIT00284,LOT002,WAFER0284,PKG00284,4,Wafer Dicing,ATMP,Wafer Processing,WD-01,C,FAIL,ABNORMAL,ABNORMAL,,,,,,,,55.159,,,,,,,,,,,,,,,,,1,kerf_width_um=55.159,True,True,True
2026-01-04 09:13:00,UNIT00283,LOT002,WAFER0283,PKG00283,2,Wafer Sort,OSAT,Wafer Test,WS-01,C,FAIL,ABNORMAL,ABNORMAL,,,,,,10.542,,,,,,,,,,,,,,,,,,,1,sort_current_a=10.542,True,True,True
2026-01-04 08:56:00,UNIT00282,LOT002,WAFER0282,PKG00282,1,Wafer Inspection,ATMP,Wafer Metrology,WI-01,C,FAIL,ABNORMAL,ABNORMAL,715.143,5.477,30.09,29.087,96.058,,,,,,,,,,,,,,,,,,,,1,ttv_um=5.477,True,True,True
2026-01-04 08:43:00,UNIT00281,LOT002,WAFER0281,PKG00281,4,Wafer Dicing,ATMP,Wafer Processing,WD-02,B,FAIL,ABNORMAL,ABNORMAL,,,,,,,,44.909,,,,,,,,,,,,,,,,,1,kerf_width_um=44.909,True,True,True
2026-01-04 08:24:00,UNIT00280,LOT002,WAFER0280,PKG00280,1,Wafer Inspection,ATMP,Wafer Metrology,WI-01,A,FAIL,ABNORMAL,ABNORMAL,735.473,2.004,5.757,44.164,123.319,,,,,,,,,,,,,,,,,,,,1,tape_thickness_um=123.319,True,True,True
2026-01-04 08:19:00,UNIT00279,LOT002,WAFER0279,PKG00279,12,ICT,OSAT,Electrical Testing,ICT-02,B,FAIL,ABNORMAL,ABNORMAL,,,,,,,,,,,,,,,,,,,,,9.39,,,,1,ict_current_a=9.39,True,True,True
2026-01-04 07:59:00,UNIT00278,LOT002,WAFER0278,PKG00278,8,Marking,ATMP,Package Marking,MK-01,A,FAIL,ABNORMAL,ABNORMAL,,,,,,,,,,,,,,,,88.632,,,,,,,,,1,marking_quality_score=88.632,True,True,True
2026-01-04 07:36:00,UNIT00277,LOT002,WAFER0277,PKG00277,1,Wafer Inspection,ATMP,Wafer Metrology,WI-01,C,FAIL,ABNORMAL,ABNORMAL,692.755,4.1,2.079,24.906,107.572,,,,,,,,,,,,,,,,,,,,1,wafer_thickness_um=692.755,True,True,True
2026-01-04 07:20:00,UNIT00276,LOT002,WAFER0276,PKG00276,1,Wafer Inspection,ATMP,Wafer Metrology,WI-01,B,FAIL,ABNORMAL,ABNORMAL,801.141,5.105,29.279,27.217,89.35,,,,,,,,,,,,,,,,,,,,2,wafer_thickness_um=801.141; ttv_um=5.105,True,True,True
2026-01-04 07:14:00,UNIT00275,LOT002,WAFER0275,PKG00275,11,Burn-in,OSAT,Testing,BI-01,C,FAIL,ABNORMAL,ABNORMAL,,,,,,,,,,,,,,,,,,,131.083,4.344,,,,,1,burn_in_temperature_c=131.083,True,True,True
2026-01-04 06:10:00,UNIT00271,LOT002,WAFER0271,PKG00271,11,Burn-in,OSAT,Testing,BI-01,C,FAIL,ABNORMAL,ABNORMAL,,,,,,,,,,,,,,,,,,,126.638,3.972,,,,,1,burn_in_hours=3.972,True,True,True
2026-01-04 05:58:00,UNIT00270,LOT002,WAFER0270,PKG00270,15,Final Inspection,ATMP,Final Inspection,FI-01,C,FAIL,ABNORMAL,ABNORMAL,,,,,,,,,,,,,,,,88.437,,9.824,,,,,,,1,marking_quality_score=88.437,True,True,True
2026-01-04 05:30:00,UNIT00269,LOT002,WAFER0269,PKG00269,3,Back Grinding,ATMP,Wafer Processing,BG-01,B,FAIL,ABNORMAL,ABNORMAL,788.991,,,,,,5.992,,,,,,,,,,,,,,,,,,1,thickness_variation_um=5.992,True,True,True
2026-01-04 05:19:00,UNIT00268,LOT002,WAFER0268,PKG00268,8,Marking,ATMP,Package Marking,MK-01,A,FAIL,ABNORMAL,ABNORMAL,,,,,,,,,,,,,,,,89.378,,,,,,,,,1,marking_quality_score=89.378,True,True,True
2026-01-04 04:59:00,UNIT00267,LOT002,WAFER0267,PKG00267,4,Wafer Dicing,ATMP,Wafer Processing,WD-01,C,FAIL,ABNORMAL,ABNORMAL,,,,,,,,43.312,,,,,,,,,,,,,,,,,1,kerf_width_um=43.312,True,True,True
2026-01-04 04:40:00,UNIT00266,LOT002,WAFER0266,PKG00266,1,Wafer Inspection,ATMP,Wafer Metrology,WI-01,C,FAIL,ABNORMAL,ABNORMAL,724.053,5.672,41.303,33.655,112.974,,,,,,,,,,,,,,,,,,,,1,ttv_um=5.672,True,True,True
2026-01-04 04:08:00,UNIT00264,LOT002,WAFER0264,PKG00264,1,Wafer Inspection,ATMP,Wafer Metrology,WI-02,A,FAIL,ABNORMAL,ABNORMAL,697.414,0.418,10.556,37.623,82.052,,,,,,,,,,,,,,,,,,,,1,wafer_thickness_um=697.414,True,True,True
2026-01-04 03:57:00,UNIT00263,LOT002,WAFER0263,PKG00263,6,Wire Bonding,OSAT/ATMP,Assembly,WB-02,B,FAIL,ABNORMAL,ABNORMAL,,,,,,,,,,,70.9,6.687,,,,,,,,,,,,,1,wire_bond_force_n=70.9,True,True,True
2026-01-04 03:49:00,UNIT00262,LOT002,WAFER0262,PKG00262,14,EOL,OSAT,Final Testing,EOL-02,A,FAIL,ABNORMAL,ABNORMAL,,,,,,,,,,,,,,,,,,,,,,,103.617,,1,eol_temperature_c=103.617,True,True,True
2026-01-04 03:24:00,UNIT00261,LOT002,WAFER0261,PKG00261,5,Die Attach,OSAT/ATMP,Assembly,DA-02,B,FAIL,ABNORMAL,ABNORMAL,,,,,,,,,8.095,58.349,,,,,,,,,,,,,,,1,attach_offset_um=58.349,True,True,True
2026-01-04 03:05:00,UNIT00260,LOT002,WAFER0260,PKG00260,2,Wafer Sort,OSAT,Wafer Test,WS-01,A,FAIL,ABNORMAL,ABNORMAL,,,,,,10.651,,,,,,,,,,,,,,,,,,,1,sort_current_a=10.651,True,True,True
2026-01-04 02:58:00,UNIT00259,LOT002,WAFER0259,PKG00259,11,Burn-in,OSAT,Testing,BI-01,C,FAIL,ABNORMAL,ABNORMAL,,,,,,,,,,,,,,,,,,,118.445,5.229,,,,,1,burn_in_temperature_c=118.445,True,True,True
2026-01-04 02:22:00,UNIT00257,LOT002,WAFER0257,PKG00257,7,Encapsulation / Molding,OSAT/ATMP,Packaging,MO-02,A,FAIL,ABNORMAL,ABNORMAL,,,,,,,,,,,,,193.545,137.372,4.582,,,,,,,,,,1,mold_temperature_c=193.545,True,True,True
2026-01-04 01:49:00,UNIT00255,LOT002,WAFER0255,PKG00255,6,Wire Bonding,OSAT/ATMP,Assembly,WB-01,C,FAIL,ABNORMAL,ABNORMAL,,,,,,,,,,,64.756,10.408,,,,,,,,,,,,,1,bond_pull_strength_gf=10.408,True,True,True
2026-01-04 01:33:00,UNIT00254,LOT002,WAFER0254,PKG00254,6,Wire Bonding,OSAT/ATMP,Assembly,WB-02,A,FAIL,ABNORMAL,ABNORMAL,,,,,,,,,,,62.212,10.381,,,,,,,,,,,,,1,bond_pull_strength_gf=10.381,True,True,True
2026-01-04 01:12:00,UNIT00253,LOT002,WAFER0253,PKG00253,1,Wafer Inspection,ATMP,Wafer Metrology,WI-02,B,FAIL,ABNORMAL,ABNORMAL,761.397,5.253,28.882,17.96,112.942,,,,,,,,,,,,,,,,,,,,1,ttv_um=5.253,True,True,True
2026-01-04 01:11:00,UNIT00252,LOT002,WAFER0252,PKG00252,16,Packing / Dispatch,ATMP,Packaging,PK-01,C,FAIL,ABNORMAL,ABNORMAL,,,,,,,,,,,,,,,,,,,,,,,,10.453,1,packaging_damage_score=10.453,True,True,True
2026-01-04 00:47:00,UNIT00251,LOT002,WAFER0251,PKG00251,8,Marking,ATMP,Package Marking,MK-02,C,FAIL,ABNORMAL,ABNORMAL,,,,,,,,,,,,,,,,100.209,,,,,,,,,1,marking_quality_score=100.209,True,True,True
2026-01-04 00:36:00,UNIT00250,LOT002,WAFER0250,PKG00250,13,FCT,OSAT,Functional Testing,FCT-02,B,FAIL,ABNORMAL,ABNORMAL,,,,,,,,,,,,,,,,,,,,,,3.513,,,1,fct_voltage_v=3.513,True,True,True
2026-01-04 00:10:00,UNIT00249,LOT002,WAFER0249,PKG00249,3,Back Grinding,ATMP,Wafer Processing,BG-02,A,FAIL,ABNORMAL,ABNORMAL,800.138,,,,,,1.062,,,,,,,,,,,,,,,,,,1,wafer_thickness_um=800.138,True,True,True
2026-01-04 00:02:00,UNIT00248,LOT002,WAFER0248,PKG00248,11,Burn-in,OSAT,Testing,BI-02,B,FAIL,ABNORMAL,ABNORMAL,,,,,,,,,,,,,,,,,,,131.324,7.005,,,,,1,burn_in_temperature_c=131.324,True,True,True
2026-01-03 23:26:00,UNIT00246,LOT002,WAFER0246,PKG00246,7,Encapsulation / Molding,OSAT/ATMP,Packaging,MO-01,C,FAIL,ABNORMAL,ABNORMAL,,,,,,,,,,,,,177.746,102.647,5.019,,,,,,,,,,1,void_percentage=5.019,True,True,True
2026-01-03 23:08:00,UNIT00245,LOT002,WAFER0245,PKG00245,5,Die Attach,OSAT/ATMP,Assembly,DA-02,B,FAIL,ABNORMAL,ABNORMAL,,,,,,,,,10.898,-8.884,,,,,,,,,,,,,,,1,attach_offset_um=-8.884,True,True,True
2026-01-03 22:48:00,UNIT00244,LOT002,WAFER0244,PKG00244,1,Wafer Inspection,ATMP,Wafer Metrology,WI-02,C,FAIL,ABNORMAL,ABNORMAL,692.303,4.553,25.493,-4.987,82.01,,,,,,,,,,,,,,,,,,,,2,wafer_thickness_um=692.303; warp_um=-4.987,True,True,True
2026-01-03 22:32:00,UNIT00243,LOT002,WAFER0243,PKG00243,1,Wafer Inspection,ATMP,Wafer Metrology,WI-01,C,FAIL,ABNORMAL,ABNORMAL,717.071,0.152,-7.956,53.404,100.423,,,,,,,,,,,,,,,,,,,,2,bow_um=-7.956; warp_um=53.404,True,True,True
2026-01-03 22:11:00,UNIT00241,LOT002,WAFER0241,PKG00241,12,ICT,OSAT,Electrical Testing,ICT-02,B,FAIL,ABNORMAL,ABNORMAL,,,,,,,,,,,,,,,,,,,,,10.553,,,,1,ict_current_a=10.553,True,True,True
2026-01-03 21:01:00,UNIT00237,LOT002,WAFER0237,PKG00237,6,Wire Bonding,OSAT/ATMP,Assembly,WB-02,C,FAIL,ABNORMAL,ABNORMAL,,,,,,,,,,,64.691,4.269,,,,,,,,,,,,,1,bond_pull_strength_gf=4.269,True,True,True
2026-01-03 20:45:00,UNIT00236,LOT002,WAFER0236,PKG00236,6,Wire Bonding,OSAT/ATMP,Assembly,WB-02,B,FAIL,ABNORMAL,ABNORMAL,,,,,,,,,,,59.695,5.312,,,,,,,,,,,,,1,wire_bond_force_n=59.695,True,True,True
2026-01-03 19:52:00,UNIT00233,LOT002,WAFER0233,PKG00233,1,Wafer Inspection,ATMP,Wafer Metrology,WI-01,B,FAIL,ABNORMAL,ABNORMAL,792.818,5.929,17.095,26.384,88.465,,,,,,,,,,,,,,,,,,,,1,ttv_um=5.929,True,True,True
2026-01-03 19:20:00,UNIT00231,LOT002,WAFER0231,PKG00231,1,Wafer Inspection,ATMP,Wafer Metrology,WI-01,C,FAIL,ABNORMAL,ABNORMAL,785.802,4.988,-7.585,2.018,96.448,,,,,,,,,,,,,,,,,,,,1,bow_um=-7.585,True,True,True
2026-01-03 19:04:00,UNIT00230,LOT002,WAFER0230,PKG00230,1,Wafer Inspection,ATMP,Wafer Metrology,WI-01,C,FAIL,ABNORMAL,ABNORMAL,709.492,4.994,16.332,37.409,126.453,,,,,,,,,,,,,,,,,,,,1,tape_thickness_um=126.453,True,True,True
2026-01-03 18:55:00,UNIT00229,LOT002,WAFER0229,PKG00229,8,Marking,ATMP,Package Marking,MK-02,A,FAIL,ABNORMAL,ABNORMAL,,,,,,,,,,,,,,,,100.135,,,,,,,,,1,marking_quality_score=100.135,True,True,True
2026-01-03 18:18:00,UNIT00227,LOT002,WAFER0227,PKG00227,3,Back Grinding,ATMP,Wafer Processing,BG-01,C,FAIL,ABNORMAL,ABNORMAL,681.539,,,,,,3.481,,,,,,,,,,,,,,,,,,1,wafer_thickness_um=681.539,True,True,True
2026-01-03 18:01:00,UNIT00226,LOT002,WAFER0226,PKG00226,2,Wafer Sort,OSAT,Wafer Test,WS-01,A,FAIL,ABNORMAL,ABNORMAL,,,,,,10.563,,,,,,,,,,,,,,,,,,,1,sort_current_a=10.563,True,True,True
2026-01-03 17:45:00,UNIT00225,LOT002,WAFER0225,PKG00225,2,Wafer Sort,OSAT,Wafer Test,WS-02,B,FAIL,ABNORMAL,ABNORMAL,,,,,,9.426,,,,,,,,,,,,,,,,,,,1,sort_current_a=9.426,True,True,True
2026-01-03 17:32:00,UNIT00224,LOT002,WAFER0224,PKG00224,5,Die Attach,OSAT/ATMP,Assembly,DA-02,A,FAIL,ABNORMAL,ABNORMAL,,,,,,,,,7.8,45.411,,,,,,,,,,,,,,,1,attach_force_n=7.8,True,True,True
2026-01-03 17:18:00,UNIT00223,LOT002,WAFER0223,PKG00223,7,Encapsulation / Molding,OSAT/ATMP,Packaging,MO-02,B,FAIL,ABNORMAL,ABNORMAL,,,,,,,,,,,,,192.335,131.278,3.759,,,,,,,,,,1,mold_temperature_c=192.335,True,True,True
2026-01-03 17:02:00,UNIT00222,LOT002,WAFER0222,PKG00222,7,Encapsulation / Molding,OSAT/ATMP,Packaging,MO-01,C,FAIL,ABNORMAL,ABNORMAL,,,,,,,,,,,,,171.374,142.957,2.321,,,,,,,,,,1,mold_cure_time_s=142.957,True,True,True
2026-01-03 16:31:00,UNIT00220,LOT002,WAFER0220,PKG00220,8,Marking,ATMP,Package Marking,MK-01,C,FAIL,ABNORMAL,ABNORMAL,,,,,,,,,,,,,,,,100.949,,,,,,,,,1,marking_quality_score=100.949,True,True,True
2026-01-03 16:02:00,UNIT00218,LOT002,WAFER0218,PKG00218,11,Burn-in,OSAT,Testing,BI-02,A,FAIL,ABNORMAL,ABNORMAL,,,,,,,,,,,,,,,,,,,121.614,8.067,,,,,1,burn_in_hours=8.067,True,True,True
2026-01-03 15:42:00,UNIT00217,LOT002,WAFER0217,PKG00217,7,Encapsulation / Molding,OSAT/ATMP,Packaging,MO-02,C,FAIL,ABNORMAL,ABNORMAL,,,,,,,,,,,,,167.571,122.135,2.516,,,,,,,,,,1,mold_temperature_c=167.571,True,True,True
2026-01-03 15:20:00,UNIT00216,LOT002,WAFER0216,PKG00216,1,Wafer Inspection,ATMP,Wafer Metrology,WI-02,B,FAIL,ABNORMAL,ABNORMAL,685.784,1.549,12.498,25.75,101.422,,,,,,,,,,,,,,,,,,,,1,wafer_thickness_um=685.784,True,True,True
2026-01-03 15:11:00,UNIT00215,LOT002,WAFER0215,PKG00215,8,Marking,ATMP,Package Marking,MK-02,A,FAIL,ABNORMAL,ABNORMAL,,,,,,,,,,,,,,,,100.221,,,,,,,,,1,marking_quality_score=100.221,True,True,True
2026-01-03 14:50:00,UNIT00214,LOT002,WAFER0214,PKG00214,3,Back Grinding,ATMP,Wafer Processing,BG-02,B,FAIL,ABNORMAL,ABNORMAL,730.105,,,,,,5.503,,,,,,,,,,,,,,,,,,1,thickness_variation_um=5.503,True,True,True
2026-01-03 14:36:00,UNIT00213,LOT002,WAFER0213,PKG00213,5,Die Attach,OSAT/ATMP,Assembly,DA-01,A,FAIL,ABNORMAL,ABNORMAL,,,,,,,,,7.554,32.466,,,,,,,,,,,,,,,1,attach_force_n=7.554,True,True,True
2026-01-03 14:29:00,UNIT00212,LOT002,WAFER0212,PKG00212,14,EOL,OSAT,Final Testing,EOL-02,C,FAIL,ABNORMAL,ABNORMAL,,,,,,,,,,,,,,,,,,,,,,,101.075,,1,eol_temperature_c=101.075,True,True,True
2026-01-03 14:04:00,UNIT00211,LOT002,WAFER0211,PKG00211,5,Die Attach,OSAT/ATMP,Assembly,DA-02,B,FAIL,ABNORMAL,ABNORMAL,,,,,,,,,7.372,13.54,,,,,,,,,,,,,,,1,attach_force_n=7.372,True,True,True
2026-01-03 13:44:00,UNIT00210,LOT002,WAFER0210,PKG00210,1,Wafer Inspection,ATMP,Wafer Metrology,WI-01,A,FAIL,ABNORMAL,ABNORMAL,743.44,3.617,0.453,29.473,124.906,,,,,,,,,,,,,,,,,,,,1,tape_thickness_um=124.906,True,True,True
2026-01-03 13:22:00,UNIT00208,LOT002,WAFER0208,PKG00208,11,Burn-in,OSAT,Testing,BI-02,A,FAIL,ABNORMAL,ABNORMAL,,,,,,,,,,,,,,,,,,,131.893,4.424,,,,,1,burn_in_temperature_c=131.893,True,True,True
2026-01-03 12:56:00,UNIT00207,LOT002,WAFER0207,PKG00207,1,Wafer Inspection,ATMP,Wafer Metrology,WI-02,C,FAIL,ABNORMAL,ABNORMAL,726.853,5.287,32.838,59.685,76.829,,,,,,,,,,,,,,,,,,,,3,ttv_um=5.287; warp_um=59.685; tape_thickness_um=76.829,True,True,True
2026-01-03 12:29:00,UNIT00205,LOT002,WAFER0205,PKG00205,6,Wire Bonding,OSAT/ATMP,Assembly,WB-01,B,FAIL,ABNORMAL,ABNORMAL,,,,,,,,,,,58.665,4.057,,,,,,,,,,,,,2,wire_bond_force_n=58.665; bond_pull_strength_gf=4.057,True,True,True
2026-01-03 12:08:00,UNIT00204,LOT002,WAFER0204,PKG00204,1,Wafer Inspection,ATMP,Wafer Metrology,WI-02,B,FAIL,ABNORMAL,ABNORMAL,701.216,3.37,2.592,-4.511,91.505,,,,,,,,,,,,,,,,,,,,1,warp_um=-4.511,True,True,True
2026-01-03 11:56:00,UNIT00203,LOT002,WAFER0203,PKG00203,5,Die Attach,OSAT/ATMP,Assembly,DA-01,A,FAIL,ABNORMAL,ABNORMAL,,,,,,,,,11.331,-0.939,,,,,,,,,,,,,,,1,attach_offset_um=-0.939,True,True,True
2026-01-03 11:41:00,UNIT00202,LOT002,WAFER0202,PKG00202,6,Wire Bonding,OSAT/ATMP,Assembly,WB-01,C,FAIL,ABNORMAL,ABNORMAL,,,,,,,,,,,61.317,4.865,,,,,,,,,,,,,1,bond_pull_strength_gf=4.865,True,True,True
2026-01-03 11:04:00,UNIT00200,LOT002,WAFER0200,PKG00200,1,Wafer Inspection,ATMP,Wafer Metrology,WI-02,C,FAIL,ABNORMAL,ABNORMAL,769.721,3.572,54.617,46.05,107.784,,,,,,,,,,,,,,,,,,,,1,bow_um=54.617,True,True,True
2026-01-03 11:00:00,UNIT00199,LOT002,WAFER0199,PKG00199,13,FCT,OSAT,Functional Testing,FCT-01,C,FAIL,ABNORMAL,ABNORMAL,,,,,,,,,,,,,,,,,,,,,,3.566,,,1,fct_voltage_v=3.566,True,True,True
2026-01-03 10:22:00,UNIT00197,LOT002,WAFER0197,PKG00197,7,Encapsulation / Molding,OSAT/ATMP,Packaging,MO-01,C,FAIL,ABNORMAL,ABNORMAL,,,,,,,,,,,,,178.505,101.503,5.128,,,,,,,,,,1,void_percentage=5.128,True,True,True
2026-01-03 10:06:00,UNIT00196,LOT002,WAFER0196,PKG00196,7,Encapsulation / Molding,OSAT/ATMP,Packaging,MO-02,C,FAIL,ABNORMAL,ABNORMAL,,,,,,,,,,,,,174.142,102.846,-0.931,,,,,,,,,,1,void_percentage=-0.931,True,True,True
2026-01-03 09:28:00,UNIT00194,LOT002,WAFER0194,PKG00194,1,Wafer Inspection,ATMP,Wafer Metrology,WI-02,C,FAIL,ABNORMAL,ABNORMAL,704.491,3.805,18.586,19.623,126.034,,,,,,,,,,,,,,,,,,,,1,tape_thickness_um=126.034,True,True,True
2026-01-03 09:15:00,UNIT00193,LOT002,WAFER0193,PKG00193,4,Wafer Dicing,ATMP,Wafer Processing,WD-01,B,FAIL,ABNORMAL,ABNORMAL,,,,,,,,44.987,,,,,,,,,,,,,,,,,1,kerf_width_um=44.987,True,True,True
2026-01-03 08:56:00,UNIT00192,LOT002,WAFER0192,PKG00192,1,Wafer Inspection,ATMP,Wafer Metrology,WI-01,A,FAIL,ABNORMAL,ABNORMAL,722.208,1.608,58.48,36.443,83.816,,,,,,,,,,,,,,,,,,,,1,bow_um=58.48,True,True,True
2026-01-03 08:51:00,UNIT00191,LOT002,WAFER0191,PKG00191,12,ICT,OSAT,Electrical Testing,ICT-01,B,FAIL,ABNORMAL,ABNORMAL,,,,,,,,,,,,,,,,,,,,,9.427,,,,1,ict_current_a=9.427,True,True,True
2026-01-03 08:30:00,UNIT00190,LOT002,WAFER0190,PKG00190,7,Encapsulation / Molding,OSAT/ATMP,Packaging,MO-01,B,FAIL,ABNORMAL,ABNORMAL,,,,,,,,,,,,,189.624,107.604,-0.207,,,,,,,,,,1,void_percentage=-0.207,True,True,True
2026-01-03 08:08:00,UNIT00189,LOT002,WAFER0189,PKG00189,1,Wafer Inspection,ATMP,Wafer Metrology,WI-01,C,FAIL,ABNORMAL,ABNORMAL,704.998,4.218,49.06,-2.069,114.151,,,,,,,,,,,,,,,,,,,,1,warp_um=-2.069,True,True,True
2026-01-03 07:36:00,UNIT00187,LOT002,WAFER0187,PKG00187,1,Wafer Inspection,ATMP,Wafer Metrology,WI-02,C,FAIL,ABNORMAL,ABNORMAL,816.222,3.18,19.408,33.707,90.396,,,,,,,,,,,,,,,,,,,,1,wafer_thickness_um=816.222,True,True,True
2026-01-03 07:31:00,UNIT00186,LOT002,WAFER0186,PKG00186,12,ICT,OSAT,Electrical Testing,ICT-02,B,FAIL,ABNORMAL,ABNORMAL,,,,,,,,,,,,,,,,,,,,,9.329,,,,1,ict_current_a=9.329,True,True,True
2026-01-03 07:04:00,UNIT00185,LOT002,WAFER0185,PKG00185,1,Wafer Inspection,ATMP,Wafer Metrology,WI-02,B,FAIL,ABNORMAL,ABNORMAL,815.664,3.902,22.9,19.9,122.423,,,,,,,,,,,,,,,,,,,,2,wafer_thickness_um=815.664; tape_thickness_um=122.423,True,True,True
2026-01-03 06:52:00,UNIT00184,LOT002,WAFER0184,PKG00184,5,Die Attach,OSAT/ATMP,Assembly,DA-01,B,FAIL,ABNORMAL,ABNORMAL,,,,,,,,,7.219,44.928,,,,,,,,,,,,,,,1,attach_force_n=7.219,True,True,True
2026-01-03 06:38:00,UNIT00183,LOT002,WAFER0183,PKG00183,7,Encapsulation / Molding,OSAT/ATMP,Packaging,MO-02,A,FAIL,ABNORMAL,ABNORMAL,,,,,,,,,,,,,191.062,140.14,1.467,,,,,,,,,,2,mold_temperature_c=191.062; mold_cure_time_s=140.14,True,True,True
2026-01-03 06:18:00,UNIT00182,LOT002,WAFER0182,PKG00182,3,Back Grinding,ATMP,Wafer Processing,BG-02,B,FAIL,ABNORMAL,ABNORMAL,800.198,,,,,,2.32,,,,,,,,,,,,,,,,,,1,wafer_thickness_um=800.198,True,True,True
2026-01-03 06:00:00,UNIT00181,LOT002,WAFER0181,PKG00181,1,Wafer Inspection,ATMP,Wafer Metrology,WI-01,A,FAIL,ABNORMAL,ABNORMAL,783.548,5.015,18.955,16.867,80.773,,,,,,,,,,,,,,,,,,,,1,ttv_um=5.015,True,True,True
2026-01-03 05:44:00,UNIT00180,LOT002,WAFER0180,PKG00180,1,Wafer Inspection,ATMP,Wafer Metrology,WI-02,C,FAIL,ABNORMAL,ABNORMAL,736.779,0.29,5.576,25.793,122.141,,,,,,,,,,,,,,,,,,,,1,tape_thickness_um=122.141,True,True,True
2026-01-03 05:28:00,UNIT00179,LOT002,WAFER0179,PKG00179,1,Wafer Inspection,ATMP,Wafer Metrology,WI-01,A,FAIL,ABNORMAL,ABNORMAL,687.903,3.566,9.961,44.511,91.496,,,,,,,,,,,,,,,,,,,,1,wafer_thickness_um=687.903,True,True,True
2026-01-03 04:56:00,UNIT00177,LOT002,WAFER0177,PKG00177,1,Wafer Inspection,ATMP,Wafer Metrology,WI-01,C,FAIL,ABNORMAL,ABNORMAL,770.254,1.49,51.054,39.091,105.766,,,,,,,,,,,,,,,,,,,,1,bow_um=51.054,True,True,True
2026-01-03 04:40:00,UNIT00176,LOT002,WAFER0176,PKG00176,1,Wafer Inspection,ATMP,Wafer Metrology,WI-01,B,FAIL,ABNORMAL,ABNORMAL,771.305,3.332,48.302,38.052,127.606,,,,,,,,,,,,,,,,,,,,1,tape_thickness_um=127.606,True,True,True
2026-01-03 04:27:00,UNIT00175,LOT002,WAFER0175,PKG00175,4,Wafer Dicing,ATMP,Wafer Processing,WD-02,A,FAIL,ABNORMAL,ABNORMAL,,,,,,,,43.334,,,,,,,,,,,,,,,,,1,kerf_width_um=43.334,True,True,True
2026-01-03 03:46:00,UNIT00172,LOT002,WAFER0172,PKG00172,11,Burn-in,OSAT,Testing,BI-02,A,FAIL,ABNORMAL,ABNORMAL,,,,,,,,,,,,,,,,,,,129.292,8.324,,,,,1,burn_in_hours=8.324,True,True,True
2026-01-03 03:22:00,UNIT00171,LOT002,WAFER0171,PKG00171,3,Back Grinding,ATMP,Wafer Processing,BG-01,C,FAIL,ABNORMAL,ABNORMAL,740.711,,,,,,-0.934,,,,,,,,,,,,,,,,,,1,thickness_variation_um=-0.934,True,True,True
2026-01-03 03:09:00,UNIT00170,LOT002,WAFER0170,PKG00170,6,Wire Bonding,OSAT/ATMP,Assembly,WB-01,B,FAIL,ABNORMAL,ABNORMAL,,,,,,,,,,,66.585,4.766,,,,,,,,,,,,,1,bond_pull_strength_gf=4.766,True,True,True
2026-01-03 02:37:00,UNIT00168,LOT002,WAFER0168,PKG00168,6,Wire Bonding,OSAT/ATMP,Assembly,WB-01,C,FAIL,ABNORMAL,ABNORMAL,,,,,,,,,,,71.655,8.823,,,,,,,,,,,,,1,wire_bond_force_n=71.655,True,True,True
2026-01-03 02:18:00,UNIT00167,LOT002,WAFER0167,PKG00167,3,Back Grinding,ATMP,Wafer Processing,BG-02,C,FAIL,ABNORMAL,ABNORMAL,817.271,,,,,,2.944,,,,,,,,,,,,,,,,,,1,wafer_thickness_um=817.271,True,True,True
2026-01-03 01:49:00,UNIT00165,LOT002,WAFER0165,PKG00165,6,Wire Bonding,OSAT/ATMP,Assembly,WB-02,B,FAIL,ABNORMAL,ABNORMAL,,,,,,,,,,,71.115,6.736,,,,,,,,,,,,,1,wire_bond_force_n=71.115,True,True,True
2026-01-03 01:42:00,UNIT00164,LOT002,WAFER0164,PKG00164,15,Final Inspection,ATMP,Final Inspection,FI-02,C,FAIL,ABNORMAL,ABNORMAL,,,,,,,,,,,,,,,,88.308,,10.021,,,,,,,1,marking_quality_score=88.308,True,True,True
2026-01-03 01:12:00,UNIT00163,LOT002,WAFER0163,PKG00163,1,Wafer Inspection,ATMP,Wafer Metrology,WI-02,A,FAIL,ABNORMAL,ABNORMAL,768.827,0.703,-5.144,1.377,76.044,,,,,,,,,,,,,,,,,,,,2,bow_um=-5.144; tape_thickness_um=76.044,True,True,True
2026-01-03 01:10:00,UNIT00162,LOT002,WAFER0162,PKG00162,15,Final Inspection,ATMP,Final Inspection,FI-02,A,FAIL,ABNORMAL,ABNORMAL,,,,,,,,,,,,,,,,101.976,,9.982,,,,,,,1,marking_quality_score=101.976,True,True,True
2026-01-03 00:38:00,UNIT00160,LOT002,WAFER0160,PKG00160,15,Final Inspection,ATMP,Final Inspection,FI-01,B,FAIL,ABNORMAL,ABNORMAL,,,,,,,,,,,,,,,,100.241,,10.161,,,,,,,1,marking_quality_score=100.241,True,True,True
2026-01-02 23:36:00,UNIT00157,LOT002,WAFER0157,PKG00157,1,Wafer Inspection,ATMP,Wafer Metrology,WI-02,C,FAIL,ABNORMAL,ABNORMAL,689.753,3.261,47.527,30.033,109.744,,,,,,,,,,,,,,,,,,,,1,wafer_thickness_um=689.753,True,True,True
2026-01-02 23:22:00,UNIT00156,LOT002,WAFER0156,PKG00156,3,Back Grinding,ATMP,Wafer Processing,BG-01,B,FAIL,ABNORMAL,ABNORMAL,710.422,,,,,,5.385,,,,,,,,,,,,,,,,,,1,thickness_variation_um=5.385,True,True,True
2026-01-02 23:09:00,UNIT00155,LOT002,WAFER0155,PKG00155,6,Wire Bonding,OSAT/ATMP,Assembly,WB-01,A,FAIL,ABNORMAL,ABNORMAL,,,,,,,,,,,71.785,7.217,,,,,,,,,,,,,1,wire_bond_force_n=71.785,True,True,True
2026-01-02 22:48:00,UNIT00154,LOT002,WAFER0154,PKG00154,1,Wafer Inspection,ATMP,Wafer Metrology,WI-01,A,FAIL,ABNORMAL,ABNORMAL,706.364,-0.169,29.949,5.747,83.754,,,,,,,,,,,,,,,,,,,,1,ttv_um=-0.169,True,True,True
2026-01-02 22:20:00,UNIT00152,LOT002,WAFER0152,PKG00152,5,Die Attach,OSAT/ATMP,Assembly,DA-02,B,FAIL,ABNORMAL,ABNORMAL,,,,,,,,,7.425,43.638,,,,,,,,,,,,,,,1,attach_force_n=7.425,True,True,True
2026-01-02 22:06:00,UNIT00151,LOT002,WAFER0151,PKG00151,7,Encapsulation / Molding,OSAT/ATMP,Packaging,MO-01,C,FAIL,ABNORMAL,ABNORMAL,,,,,,,,,,,,,188.362,142.24,-0.142,,,,,,,,,,2,mold_cure_time_s=142.24; void_percentage=-0.142,True,True,True
2026-01-02 21:52:00,UNIT00150,LOT001,WAFER0150,PKG00150,9,Singulation,ATMP,Package Processing,SG-02,B,FAIL,ABNORMAL,ABNORMAL,,,,,,,,,,,,,,,,,-0.186,,,,,,,,1,singulation_damage_score=-0.186,True,True,True
2026-01-02 21:28:00,UNIT00149,LOT001,WAFER0149,PKG00149,1,Wafer Inspection,ATMP,Wafer Metrology,WI-02,C,FAIL,ABNORMAL,ABNORMAL,732.51,3.432,50.696,8.744,114.229,,,,,,,,,,,,,,,,,,,,1,bow_um=50.696,True,True,True
2026-01-02 21:17:00,UNIT00148,LOT001,WAFER0148,PKG00148,6,Wire Bonding,OSAT/ATMP,Assembly,WB-01,C,FAIL,ABNORMAL,ABNORMAL,,,,,,,,,,,61.263,10.676,,,,,,,,,,,,,1,bond_pull_strength_gf=10.676,True,True,True
2026-01-02 20:42:00,UNIT00146,LOT001,WAFER0146,PKG00146,3,Back Grinding,ATMP,Wafer Processing,BG-01,A,FAIL,ABNORMAL,ABNORMAL,716.595,,,,,,5.882,,,,,,,,,,,,,,,,,,1,thickness_variation_um=5.882,True,True,True
2026-01-02 20:26:00,UNIT00145,LOT001,WAFER0145,PKG00145,3,Back Grinding,ATMP,Wafer Processing,BG-02,C,FAIL,ABNORMAL,ABNORMAL,817.648,,,,,,4.018,,,,,,,,,,,,,,,,,,1,wafer_thickness_um=817.648,True,True,True
2026-01-02 20:03:00,UNIT00143,LOT001,WAFER0143,PKG00143,12,ICT,OSAT,Electrical Testing,ICT-01,C,FAIL,ABNORMAL,ABNORMAL,,,,,,,,,,,,,,,,,,,,,10.6,,,,1,ict_current_a=10.6,True,True,True
2026-01-02 19:47:00,UNIT00142,LOT001,WAFER0142,PKG00142,12,ICT,OSAT,Electrical Testing,ICT-01,A,FAIL,ABNORMAL,ABNORMAL,,,,,,,,,,,,,,,,,,,,,9.392,,,,1,ict_current_a=9.392,True,True,True
2026-01-02 19:09:00,UNIT00140,LOT001,WAFER0140,PKG00140,6,Wire Bonding,OSAT/ATMP,Assembly,WB-02,A,FAIL,ABNORMAL,ABNORMAL,,,,,,,,,,,61.392,10.532,,,,,,,,,,,,,1,bond_pull_strength_gf=10.532,True,True,True
2026-01-02 18:48:00,UNIT00139,LOT001,WAFER0139,PKG00139,1,Wafer Inspection,ATMP,Wafer Metrology,WI-01,A,FAIL,ABNORMAL,ABNORMAL,706.896,-0.943,-7.178,13.085,89.879,,,,,,,,,,,,,,,,,,,,2,ttv_um=-0.943; bow_um=-7.178,True,True,True
2026-01-02 18:34:00,UNIT00138,LOT001,WAFER0138,PKG00138,3,Back Grinding,ATMP,Wafer Processing,BG-02,C,FAIL,ABNORMAL,ABNORMAL,693.139,,,,,,4.783,,,,,,,,,,,,,,,,,,1,wafer_thickness_um=693.139,True,True,True
2026-01-02 18:27:00,UNIT00137,LOT001,WAFER0137,PKG00137,12,ICT,OSAT,Electrical Testing,ICT-01,B,FAIL,ABNORMAL,ABNORMAL,,,,,,,,,,,,,,,,,,,,,9.387,,,,1,ict_current_a=9.387,True,True,True
2026-01-02 17:33:00,UNIT00134,LOT001,WAFER0134,PKG00134,6,Wire Bonding,OSAT/ATMP,Assembly,WB-02,B,FAIL,ABNORMAL,ABNORMAL,,,,,,,,,,,68.767,4.996,,,,,,,,,,,,,1,bond_pull_strength_gf=4.996,True,True,True
2026-01-02 16:40:00,UNIT00131,LOT001,WAFER0131,PKG00131,1,Wafer Inspection,ATMP,Wafer Metrology,WI-02,C,FAIL,ABNORMAL,ABNORMAL,743.208,5.439,30.647,47.154,73.926,,,,,,,,,,,,,,,,,,,,2,ttv_um=5.439; tape_thickness_um=73.926,True,True,True
2026-01-02 16:28:00,UNIT00130,LOT001,WAFER0130,PKG00130,5,Die Attach,OSAT/ATMP,Assembly,DA-02,A,FAIL,ABNORMAL,ABNORMAL,,,,,,,,,8.898,-6.278,,,,,,,,,,,,,,,1,attach_offset_um=-6.278,True,True,True
2026-01-02 16:08:00,UNIT00129,LOT001,WAFER0129,PKG00129,1,Wafer Inspection,ATMP,Wafer Metrology,WI-02,C,FAIL,ABNORMAL,ABNORMAL,753.03,0.21,48.424,39.936,74.343,,,,,,,,,,,,,,,,,,,,1,tape_thickness_um=74.343,True,True,True
2026-01-02 15:56:00,UNIT00128,LOT001,WAFER0128,PKG00128,5,Die Attach,OSAT/ATMP,Assembly,DA-01,C,FAIL,ABNORMAL,ABNORMAL,,,,,,,,,11.099,-3.561,,,,,,,,,,,,,,,1,attach_offset_um=-3.561,True,True,True
2026-01-02 15:43:00,UNIT00127,LOT001,WAFER0127,PKG00127,8,Marking,ATMP,Package Marking,MK-02,B,FAIL,ABNORMAL,ABNORMAL,,,,,,,,,,,,,,,,88.042,,,,,,,,,1,marking_quality_score=88.042,True,True,True
2026-01-02 14:50:00,UNIT00124,LOT001,WAFER0124,PKG00124,3,Back Grinding,ATMP,Wafer Processing,BG-02,A,FAIL,ABNORMAL,ABNORMAL,773.361,,,,,,5.769,,,,,,,,,,,,,,,,,,1,thickness_variation_um=5.769,True,True,True
2026-01-02 14:17:00,UNIT00122,LOT001,WAFER0122,PKG00122,2,Wafer Sort,OSAT,Wafer Test,WS-02,B,FAIL,ABNORMAL,ABNORMAL,,,,,,9.343,,,,,,,,,,,,,,,,,,,1,sort_current_a=9.343,True,True,True
2026-01-02 14:08:00,UNIT00121,LOT001,WAFER0121,PKG00121,9,Singulation,ATMP,Package Processing,SG-02,A,FAIL,ABNORMAL,ABNORMAL,,,,,,,,,,,,,,,,,-1.135,,,,,,,,1,singulation_damage_score=-1.135,True,True,True
2026-01-02 13:54:00,UNIT00120,LOT001,WAFER0120,PKG00120,11,Burn-in,OSAT,Testing,BI-02,B,FAIL,ABNORMAL,ABNORMAL,,,,,,,,,,,,,,,,,,,119.282,7.29,,,,,1,burn_in_temperature_c=119.282,True,True,True
2026-01-02 13:28:00,UNIT00119,LOT001,WAFER0119,PKG00119,1,Wafer Inspection,ATMP,Wafer Metrology,WI-01,B,FAIL,ABNORMAL,ABNORMAL,739.698,2.236,56.006,25.784,116.776,,,,,,,,,,,,,,,,,,,,1,bow_um=56.006,True,True,True
2026-01-02 13:12:00,UNIT00118,LOT001,WAFER0118,PKG00118,1,Wafer Inspection,ATMP,Wafer Metrology,WI-02,A,FAIL,ABNORMAL,ABNORMAL,807.203,-0.912,46.848,27.69,92.221,,,,,,,,,,,,,,,,,,,,2,wafer_thickness_um=807.203; ttv_um=-0.912,True,True,True
2026-01-02 13:02:00,UNIT00117,LOT001,WAFER0117,PKG00117,7,Encapsulation / Molding,OSAT/ATMP,Packaging,MO-01,B,FAIL,ABNORMAL,ABNORMAL,,,,,,,,,,,,,190.145,112.125,1.316,,,,,,,,,,1,mold_temperature_c=190.145,True,True,True
2026-01-02 12:41:00,UNIT00116,LOT001,WAFER0116,PKG00116,2,Wafer Sort,OSAT,Wafer Test,WS-02,C,FAIL,ABNORMAL,ABNORMAL,,,,,,9.38,,,,,,,,,,,,,,,,,,,1,sort_current_a=9.38,True,True,True
2026-01-02 12:30:00,UNIT00115,LOT001,WAFER0115,PKG00115,7,Encapsulation / Molding,OSAT/ATMP,Packaging,MO-01,C,FAIL,ABNORMAL,ABNORMAL,,,,,,,,,,,,,190.387,118.015,3.781,,,,,,,,,,1,mold_temperature_c=190.387,True,True,True
2026-01-02 12:10:00,UNIT00114,LOT001,WAFER0114,PKG00114,3,Back Grinding,ATMP,Wafer Processing,BG-01,C,FAIL,ABNORMAL,ABNORMAL,732.433,,,,,,5.333,,,,,,,,,,,,,,,,,,1,thickness_variation_um=5.333,True,True,True
2026-01-02 12:03:00,UNIT00113,LOT001,WAFER0113,PKG00113,12,ICT,OSAT,Electrical Testing,ICT-01,C,FAIL,ABNORMAL,ABNORMAL,,,,,,,,,,,,,,,,,,,,,9.314,,,,1,ict_current_a=9.314,True,True,True
2026-01-02 11:46:00,UNIT00112,LOT001,WAFER0112,PKG00112,11,Burn-in,OSAT,Testing,BI-02,A,FAIL,ABNORMAL,ABNORMAL,,,,,,,,,,,,,,,,,,,118.994,7.951,,,,,1,burn_in_temperature_c=118.994,True,True,True
2026-01-02 11:21:00,UNIT00111,LOT001,WAFER0111,PKG00111,2,Wafer Sort,OSAT,Wafer Test,WS-01,B,FAIL,ABNORMAL,ABNORMAL,,,,,,10.555,,,,,,,,,,,,,,,,,,,1,sort_current_a=10.555,True,True,True
2026-01-02 11:04:00,UNIT00110,LOT001,WAFER0110,PKG00110,1,Wafer Inspection,ATMP,Wafer Metrology,WI-02,B,FAIL,ABNORMAL,ABNORMAL,788.421,1.14,-7.88,30.549,96.441,,,,,,,,,,,,,,,,,,,,1,bow_um=-7.88,True,True,True
2026-01-02 10:48:00,UNIT00109,LOT001,WAFER0109,PKG00109,1,Wafer Inspection,ATMP,Wafer Metrology,WI-01,C,FAIL,ABNORMAL,ABNORMAL,704.341,-0.367,47.57,30.081,112.768,,,,,,,,,,,,,,,,,,,,1,ttv_um=-0.367,True,True,True
2026-01-02 10:16:00,UNIT00107,LOT001,WAFER0107,PKG00107,1,Wafer Inspection,ATMP,Wafer Metrology,WI-02,A,FAIL,ABNORMAL,ABNORMAL,764.747,4.49,-7.565,46.352,82.411,,,,,,,,,,,,,,,,,,,,1,bow_um=-7.565,True,True,True
2026-01-02 09:50:00,UNIT00105,LOT001,WAFER0105,PKG00105,7,Encapsulation / Molding,OSAT/ATMP,Packaging,MO-02,A,FAIL,ABNORMAL,ABNORMAL,,,,,,,,,,,,,191.585,97.564,1.943,,,,,,,,,,2,mold_temperature_c=191.585; mold_cure_time_s=97.564,True,True,True
2026-01-02 09:28:00,UNIT00104,LOT001,WAFER0104,PKG00104,1,Wafer Inspection,ATMP,Wafer Metrology,WI-01,B,FAIL,ABNORMAL,ABNORMAL,787.075,5.782,28.351,36.922,115.141,,,,,,,,,,,,,,,,,,,,1,ttv_um=5.782,True,True,True
2026-01-02 09:25:00,UNIT00103,LOT001,WAFER0103,PKG00103,14,EOL,OSAT,Final Testing,EOL-02,C,FAIL,ABNORMAL,ABNORMAL,,,,,,,,,,,,,,,,,,,,,,,77.628,,1,eol_temperature_c=77.628,True,True,True
2026-01-02 08:40:00,UNIT00101,LOT001,WAFER0101,PKG00101,1,Wafer Inspection,ATMP,Wafer Metrology,WI-01,B,FAIL,ABNORMAL,ABNORMAL,685.395,0.285,26.558,46.83,81.574,,,,,,,,,,,,,,,,,,,,1,wafer_thickness_um=685.395,True,True,True
2026-01-02 08:08:00,UNIT00099,LOT001,WAFER0099,PKG00099,1,Wafer Inspection,ATMP,Wafer Metrology,WI-02,B,FAIL,ABNORMAL,ABNORMAL,803.27,1.955,48.471,12.907,106.269,,,,,,,,,,,,,,,,,,,,1,wafer_thickness_um=803.27,True,True,True
2026-01-02 07:42:00,UNIT00097,LOT001,WAFER0097,PKG00097,7,Encapsulation / Molding,OSAT/ATMP,Packaging,MO-01,B,FAIL,ABNORMAL,ABNORMAL,,,,,,,,,,,,,187.341,144.629,2.193,,,,,,,,,,1,mold_cure_time_s=144.629,True,True,True
2026-01-02 07:34:00,UNIT00096,LOT001,WAFER0096,PKG00096,15,Final Inspection,ATMP,Final Inspection,FI-02,A,FAIL,ABNORMAL,ABNORMAL,,,,,,,,,,,,,,,,101.301,,9.88,,,,,,,1,marking_quality_score=101.301,True,True,True
2026-01-02 07:10:00,UNIT00095,LOT001,WAFER0095,PKG00095,7,Encapsulation / Molding,OSAT/ATMP,Packaging,MO-02,A,FAIL,ABNORMAL,ABNORMAL,,,,,,,,,,,,,167.358,132.593,0.401,,,,,,,,,,1,mold_temperature_c=167.358,True,True,True
2026-01-02 06:52:00,UNIT00094,LOT001,WAFER0094,PKG00094,5,Die Attach,OSAT/ATMP,Assembly,DA-01,B,FAIL,ABNORMAL,ABNORMAL,,,,,,,,,10.758,-1.994,,,,,,,,,,,,,,,1,attach_offset_um=-1.994,True,True,True
2026-01-02 06:37:00,UNIT00093,LOT001,WAFER0093,PKG00093,6,Wire Bonding,OSAT/ATMP,Assembly,WB-01,A,FAIL,ABNORMAL,ABNORMAL,,,,,,,,,,,71.119,5.049,,,,,,,,,,,,,1,wire_bond_force_n=71.119,True,True,True
2026-01-02 06:16:00,UNIT00092,LOT001,WAFER0092,PKG00092,1,Wafer Inspection,ATMP,Wafer Metrology,WI-01,A,FAIL,ABNORMAL,ABNORMAL,687.85,2.4,30.001,14.583,107.799,,,,,,,,,,,,,,,,,,,,1,wafer_thickness_um=687.85,True,True,True
2026-01-02 06:00:00,UNIT00091,LOT001,WAFER0091,PKG00091,1,Wafer Inspection,ATMP,Wafer Metrology,WI-01,C,FAIL,ABNORMAL,ABNORMAL,779.756,1.552,-5.448,0.581,82.898,,,,,,,,,,,,,,,,,,,,1,bow_um=-5.448,True,True,True
2026-01-02 05:46:00,UNIT00090,LOT001,WAFER0090,PKG00090,3,Back Grinding,ATMP,Wafer Processing,BG-02,A,FAIL,ABNORMAL,ABNORMAL,691.639,,,,,,1.345,,,,,,,,,,,,,,,,,,1,wafer_thickness_um=691.639,True,True,True
2026-01-02 05:28:00,UNIT00089,LOT001,WAFER0089,PKG00089,1,Wafer Inspection,ATMP,Wafer Metrology,WI-02,A,FAIL,ABNORMAL,ABNORMAL,792.085,3.083,-2.035,24.076,84.692,,,,,,,,,,,,,,,,,,,,1,bow_um=-2.035,True,True,True
2026-01-02 05:15:00,UNIT00088,LOT001,WAFER0088,PKG00088,4,Wafer Dicing,ATMP,Wafer Processing,WD-01,C,FAIL,ABNORMAL,ABNORMAL,,,,,,,,43.065,,,,,,,,,,,,,,,,,1,kerf_width_um=43.065,True,True,True
2026-01-02 05:02:00,UNIT00087,LOT001,WAFER0087,PKG00087,7,Encapsulation / Molding,OSAT/ATMP,Packaging,MO-01,A,FAIL,ABNORMAL,ABNORMAL,,,,,,,,,,,,,169.457,118.928,4.841,,,,,,,,,,1,mold_temperature_c=169.457,True,True,True
2026-01-02 04:40:00,UNIT00086,LOT001,WAFER0086,PKG00086,1,Wafer Inspection,ATMP,Wafer Metrology,WI-01,B,FAIL,ABNORMAL,ABNORMAL,765.451,5.273,47.543,7.553,97.293,,,,,,,,,,,,,,,,,,,,1,ttv_um=5.273,True,True,True
2026-01-02 04:30:00,UNIT00085,LOT001,WAFER0085,PKG00085,7,Encapsulation / Molding,OSAT/ATMP,Packaging,MO-01,C,FAIL,ABNORMAL,ABNORMAL,,,,,,,,,,,,,174.415,140.659,3.402,,,,,,,,,,1,mold_cure_time_s=140.659,True,True,True
2026-01-02 04:08:00,UNIT00084,LOT001,WAFER0084,PKG00084,1,Wafer Inspection,ATMP,Wafer Metrology,WI-01,B,FAIL,ABNORMAL,ABNORMAL,796.888,5.75,6.504,37.913,80.983,,,,,,,,,,,,,,,,,,,,1,ttv_um=5.75,True,True,True
2026-01-02 04:04:00,UNIT00083,LOT001,WAFER0083,PKG00083,13,FCT,OSAT,Functional Testing,FCT-01,C,FAIL,ABNORMAL,ABNORMAL,,,,,,,,,,,,,,,,,,,,,,3.578,,,1,fct_voltage_v=3.578,True,True,True
2026-01-02 03:34:00,UNIT00081,LOT001,WAFER0081,PKG00081,15,Final Inspection,ATMP,Final Inspection,FI-01,C,FAIL,ABNORMAL,ABNORMAL,,,,,,,,,,,,,,,,89.757,,10.264,,,,,,,2,marking_quality_score=89.757; package_dimension_mm=10.264,True,True,True
2026-01-02 03:10:00,UNIT00080,LOT001,WAFER0080,PKG00080,7,Encapsulation / Molding,OSAT/ATMP,Packaging,MO-02,A,FAIL,ABNORMAL,ABNORMAL,,,,,,,,,,,,,175.312,141.036,4.444,,,,,,,,,,1,mold_cure_time_s=141.036,True,True,True
2026-01-02 02:53:00,UNIT00079,LOT001,WAFER0079,PKG00079,6,Wire Bonding,OSAT/ATMP,Assembly,WB-01,A,FAIL,ABNORMAL,ABNORMAL,,,,,,,,,,,59.856,9.975,,,,,,,,,,,,,1,wire_bond_force_n=59.856,True,True,True
2026-01-02 02:34:00,UNIT00078,LOT001,WAFER0078,PKG00078,3,Back Grinding,ATMP,Wafer Processing,BG-01,B,FAIL,ABNORMAL,ABNORMAL,794.273,,,,,,5.65,,,,,,,,,,,,,,,,,,1,thickness_variation_um=5.65,True,True,True
2026-01-02 02:10:00,UNIT00076,LOT001,WAFER0076,PKG00076,11,Burn-in,OSAT,Testing,BI-02,B,FAIL,ABNORMAL,ABNORMAL,,,,,,,,,,,,,,,,,,,118.701,7.069,,,,,1,burn_in_temperature_c=118.701,True,True,True
2026-01-02 01:48:00,UNIT00075,LOT001,WAFER0075,PKG00075,5,Die Attach,OSAT/ATMP,Assembly,DA-02,C,FAIL,ABNORMAL,ABNORMAL,,,,,,,,,7.262,34.814,,,,,,,,,,,,,,,1,attach_force_n=7.262,True,True,True
2026-01-02 01:28:00,UNIT00074,LOT001,WAFER0074,PKG00074,1,Wafer Inspection,ATMP,Wafer Metrology,WI-01,C,FAIL,ABNORMAL,ABNORMAL,769.742,1.487,-0.756,48.553,117.771,,,,,,,,,,,,,,,,,,,,1,bow_um=-0.756,True,True,True
2026-01-02 01:20:00,UNIT00073,LOT001,WAFER0073,PKG00073,9,Singulation,ATMP,Package Processing,SG-02,B,FAIL,ABNORMAL,ABNORMAL,,,,,,,,,,,,,,,,,10.068,,,,,,,,1,singulation_damage_score=10.068,True,True,True
2026-01-02 00:46:00,UNIT00071,LOT001,WAFER0071,PKG00071,7,Encapsulation / Molding,OSAT/ATMP,Packaging,MO-02,A,FAIL,ABNORMAL,ABNORMAL,,,,,,,,,,,,,168.93,108.598,0.156,,,,,,,,,,1,mold_temperature_c=168.93,True,True,True
2026-01-02 00:24:00,UNIT00070,LOT001,WAFER0070,PKG00070,1,Wafer Inspection,ATMP,Wafer Metrology,WI-02,A,FAIL,ABNORMAL,ABNORMAL,741.877,1.916,25.946,50.47,86.651,,,,,,,,,,,,,,,,,,,,1,warp_um=50.47,True,True,True
2026-01-01 23:54:00,UNIT00068,LOT001,WAFER0068,PKG00068,3,Back Grinding,ATMP,Wafer Processing,BG-02,C,FAIL,ABNORMAL,ABNORMAL,800.449,,,,,,1.343,,,,,,,,,,,,,,,,,,1,wafer_thickness_um=800.449,True,True,True
2026-01-01 23:24:00,UNIT00066,LOT001,WAFER0066,PKG00066,5,Die Attach,OSAT/ATMP,Assembly,DA-02,C,FAIL,ABNORMAL,ABNORMAL,,,,,,,,,12.578,42.785,,,,,,,,,,,,,,,1,attach_force_n=12.578,True,True,True
2026-01-01 23:10:00,UNIT00065,LOT001,WAFER0065,PKG00065,7,Encapsulation / Molding,OSAT/ATMP,Packaging,MO-02,A,FAIL,ABNORMAL,ABNORMAL,,,,,,,,,,,,,170.542,108.879,5.231,,,,,,,,,,1,void_percentage=5.231,True,True,True
2026-01-01 22:48:00,UNIT00064,LOT001,WAFER0064,PKG00064,1,Wafer Inspection,ATMP,Wafer Metrology,WI-02,C,FAIL,ABNORMAL,ABNORMAL,777.553,-0.547,26.22,54.408,96.031,,,,,,,,,,,,,,,,,,,,2,ttv_um=-0.547; warp_um=54.408,True,True,True
2026-01-01 22:37:00,UNIT00063,LOT001,WAFER0063,PKG00063,6,Wire Bonding,OSAT/ATMP,Assembly,WB-01,C,FAIL,ABNORMAL,ABNORMAL,,,,,,,,,,,59.13,5.329,,,,,,,,,,,,,1,wire_bond_force_n=59.13,True,True,True
2026-01-01 22:03:00,UNIT00061,LOT001,WAFER0061,PKG00061,4,Wafer Dicing,ATMP,Wafer Processing,WD-01,A,FAIL,ABNORMAL,ABNORMAL,,,,,,,,43.67,,,,,,,,,,,,,,,,,1,kerf_width_um=43.67,True,True,True
2026-01-01 21:44:00,UNIT00060,LOT001,WAFER0060,PKG00060,1,Wafer Inspection,ATMP,Wafer Metrology,WI-01,B,FAIL,ABNORMAL,ABNORMAL,793.437,5.926,22.542,5.662,119.394,,,,,,,,,,,,,,,,,,,,1,ttv_um=5.926,True,True,True
2026-01-01 21:43:00,UNIT00059,LOT001,WAFER0059,PKG00059,16,Packing / Dispatch,ATMP,Packaging,PK-01,B,FAIL,ABNORMAL,ABNORMAL,,,,,,,,,,,,,,,,,,,,,,,,-0.527,1,packaging_damage_score=-0.527,True,True,True
2026-01-01 21:12:00,UNIT00058,LOT001,WAFER0058,PKG00058,1,Wafer Inspection,ATMP,Wafer Metrology,WI-02,C,FAIL,ABNORMAL,ABNORMAL,779.73,0.75,11.463,36.113,77.76,,,,,,,,,,,,,,,,,,,,1,tape_thickness_um=77.76,True,True,True
2026-01-01 21:04:00,UNIT00057,LOT001,WAFER0057,PKG00057,9,Singulation,ATMP,Package Processing,SG-02,C,FAIL,ABNORMAL,ABNORMAL,,,,,,,,,,,,,,,,,-1.205,,,,,,,,1,singulation_damage_score=-1.205,True,True,True
2026-01-01 20:41:00,UNIT00056,LOT001,WAFER0056,PKG00056,2,Wafer Sort,OSAT,Wafer Test,WS-02,B,FAIL,ABNORMAL,ABNORMAL,,,,,,10.659,,,,,,,,,,,,,,,,,,,1,sort_current_a=10.659,True,True,True
2026-01-01 20:24:00,UNIT00055,LOT001,WAFER0055,PKG00055,1,Wafer Inspection,ATMP,Wafer Metrology,WI-02,C,FAIL,ABNORMAL,ABNORMAL,789.957,1.919,27.178,45.324,124.994,,,,,,,,,,,,,,,,,,,,1,tape_thickness_um=124.994,True,True,True
2026-01-01 20:08:00,UNIT00054,LOT001,WAFER0054,PKG00054,1,Wafer Inspection,ATMP,Wafer Metrology,WI-02,B,FAIL,ABNORMAL,ABNORMAL,689.254,1.507,37.38,25.136,89.289,,,,,,,,,,,,,,,,,,,,1,wafer_thickness_um=689.254,True,True,True
2026-01-01 19:22:00,UNIT00051,LOT001,WAFER0051,PKG00051,3,Back Grinding,ATMP,Wafer Processing,BG-02,C,FAIL,ABNORMAL,ABNORMAL,792.938,,,,,,-0.443,,,,,,,,,,,,,,,,,,1,thickness_variation_um=-0.443,True,True,True
2026-01-01 19:14:00,UNIT00050,LOT001,WAFER0050,PKG00050,11,Burn-in,OSAT,Testing,BI-02,C,FAIL,ABNORMAL,ABNORMAL,,,,,,,,,,,,,,,,,,,130.224,8.318,,,,,2,burn_in_temperature_c=130.224; burn_in_hours=8.318,True,True,True
2026-01-01 18:48:00,UNIT00049,LOT001,WAFER0049,PKG00049,1,Wafer Inspection,ATMP,Wafer Metrology,WI-02,A,FAIL,ABNORMAL,ABNORMAL,758.684,3.727,21.583,6.379,74.27,,,,,,,,,,,,,,,,,,,,1,tape_thickness_um=74.27,True,True,True
2026-01-01 18:32:00,UNIT00048,LOT001,WAFER0048,PKG00048,1,Wafer Inspection,ATMP,Wafer Metrology,WI-02,B,FAIL,ABNORMAL,ABNORMAL,767.91,3.946,-5.016,4.346,101.484,,,,,,,,,,,,,,,,,,,,1,bow_um=-5.016,True,True,True
2026-01-01 18:22:00,UNIT00047,LOT001,WAFER0047,PKG00047,7,Encapsulation / Molding,OSAT/ATMP,Packaging,MO-02,A,FAIL,ABNORMAL,ABNORMAL,,,,,,,,,,,,,190.479,135.621,2.968,,,,,,,,,,1,mold_temperature_c=190.479,True,True,True
2026-01-01 18:00:00,UNIT00046,LOT001,WAFER0046,PKG00046,1,Wafer Inspection,ATMP,Wafer Metrology,WI-02,A,FAIL,ABNORMAL,ABNORMAL,746.253,3.737,1.834,12.622,125.707,,,,,,,,,,,,,,,,,,,,1,tape_thickness_um=125.707,True,True,True
2026-01-01 17:28:00,UNIT00044,LOT001,WAFER0044,PKG00044,1,Wafer Inspection,ATMP,Wafer Metrology,WI-02,C,FAIL,ABNORMAL,ABNORMAL,817.936,2.37,33.378,8.616,87.692,,,,,,,,,,,,,,,,,,,,1,wafer_thickness_um=817.936,True,True,True
2026-01-01 17:16:00,UNIT00043,LOT001,WAFER0043,PKG00043,5,Die Attach,OSAT/ATMP,Assembly,DA-01,C,FAIL,ABNORMAL,ABNORMAL,,,,,,,,,12.146,17.283,,,,,,,,,,,,,,,1,attach_force_n=12.146,True,True,True
2026-01-01 16:40:00,UNIT00041,LOT001,WAFER0041,PKG00041,1,Wafer Inspection,ATMP,Wafer Metrology,WI-01,B,FAIL,ABNORMAL,ABNORMAL,785.218,-0.448,28.047,43.833,96.139,,,,,,,,,,,,,,,,,,,,1,ttv_um=-0.448,True,True,True
2026-01-01 16:24:00,UNIT00040,LOT001,WAFER0040,PKG00040,1,Wafer Inspection,ATMP,Wafer Metrology,WI-02,C,FAIL,ABNORMAL,ABNORMAL,711.356,3.358,26.015,-2.277,76.161,,,,,,,,,,,,,,,,,,,,2,warp_um=-2.277; tape_thickness_um=76.161,True,True,True
2026-01-01 15:52:00,UNIT00038,LOT001,WAFER0038,PKG00038,1,Wafer Inspection,ATMP,Wafer Metrology,WI-01,B,FAIL,ABNORMAL,ABNORMAL,704.522,-0.974,18.823,40.528,119.491,,,,,,,,,,,,,,,,,,,,1,ttv_um=-0.974,True,True,True
2026-01-01 15:24:00,UNIT00036,LOT001,WAFER0036,PKG00036,5,Die Attach,OSAT/ATMP,Assembly,DA-01,A,FAIL,ABNORMAL,ABNORMAL,,,,,,,,,12.721,2.272,,,,,,,,,,,,,,,1,attach_force_n=12.721,True,True,True
2026-01-01 14:50:00,UNIT00034,LOT001,WAFER0034,PKG00034,3,Back Grinding,ATMP,Wafer Processing,BG-01,C,FAIL,ABNORMAL,ABNORMAL,815.068,,,,,,1.881,,,,,,,,,,,,,,,,,,1,wafer_thickness_um=815.068,True,True,True
2026-01-01 14:32:00,UNIT00033,LOT001,WAFER0033,PKG00033,1,Wafer Inspection,ATMP,Wafer Metrology,WI-01,B,FAIL,ABNORMAL,ABNORMAL,707.276,4.109,35.312,4.067,72.679,,,,,,,,,,,,,,,,,,,,1,tape_thickness_um=72.679,True,True,True
2026-01-01 14:04:00,UNIT00031,LOT001,WAFER0031,PKG00031,5,Die Attach,OSAT/ATMP,Assembly,DA-02,A,FAIL,ABNORMAL,ABNORMAL,,,,,,,,,7.209,45.269,,,,,,,,,,,,,,,1,attach_force_n=7.209,True,True,True
2026-01-01 13:44:00,UNIT00030,LOT001,WAFER0030,PKG00030,1,Wafer Inspection,ATMP,Wafer Metrology,WI-01,B,FAIL,ABNORMAL,ABNORMAL,777.641,1.704,46.538,-1.416,123.432,,,,,,,,,,,,,,,,,,,,2,warp_um=-1.416; tape_thickness_um=123.432,True,True,True
2026-01-01 13:37:00,UNIT00029,LOT001,WAFER0029,PKG00029,10,Package Inspection,OSAT/ATMP,Package Inspection,PI-02,A,FAIL,ABNORMAL,ABNORMAL,,,,,,,,,,,,,,,,,,9.75,,,,,,,1,package_dimension_mm=9.75,True,True,True
2026-01-01 13:16:00,UNIT00028,LOT001,WAFER0028,PKG00028,5,Die Attach,OSAT/ATMP,Assembly,DA-02,B,FAIL,ABNORMAL,ABNORMAL,,,,,,,,,12.076,34.15,,,,,,,,,,,,,,,1,attach_force_n=12.076,True,True,True
2026-01-01 12:40:00,UNIT00026,LOT001,WAFER0026,PKG00026,1,Wafer Inspection,ATMP,Wafer Metrology,WI-01,C,FAIL,ABNORMAL,ABNORMAL,775.785,0.072,5.804,2.3,120.326,,,,,,,,,,,,,,,,,,,,1,tape_thickness_um=120.326,True,True,True
2026-01-01 12:28:00,UNIT00025,LOT001,WAFER0025,PKG00025,5,Die Attach,OSAT/ATMP,Assembly,DA-02,A,FAIL,ABNORMAL,ABNORMAL,,,,,,,,,8.991,-6.44,,,,,,,,,,,,,,,1,attach_offset_um=-6.44,True,True,True
2026-01-01 12:13:00,UNIT00024,LOT001,WAFER0024,PKG00024,6,Wire Bonding,OSAT/ATMP,Assembly,WB-01,A,FAIL,ABNORMAL,ABNORMAL,,,,,,,,,,,61.564,10.25,,,,,,,,,,,,,1,bond_pull_strength_gf=10.25,True,True,True
2026-01-01 11:36:00,UNIT00022,LOT001,WAFER0022,PKG00022,1,Wafer Inspection,ATMP,Wafer Metrology,WI-01,B,FAIL,ABNORMAL,ABNORMAL,810.03,3.991,32.498,35.098,111.832,,,,,,,,,,,,,,,,,,,,1,wafer_thickness_um=810.03,True,True,True
2026-01-01 11:26:00,UNIT00021,LOT001,WAFER0021,PKG00021,7,Encapsulation / Molding,OSAT/ATMP,Packaging,MO-02,A,FAIL,ABNORMAL,ABNORMAL,,,,,,,,,,,,,187.341,147.306,2.557,,,,,,,,,,1,mold_cure_time_s=147.306,True,True,True
2026-01-01 10:49:00,UNIT00019,LOT001,WAFER0019,PKG00019,2,Wafer Sort,OSAT,Wafer Test,WS-01,B,FAIL,ABNORMAL,ABNORMAL,,,,,,9.401,,,,,,,,,,,,,,,,,,,1,sort_current_a=9.401,True,True,True
2026-01-01 10:32:00,UNIT00018,LOT001,WAFER0018,PKG00018,1,Wafer Inspection,ATMP,Wafer Metrology,WI-02,B,FAIL,ABNORMAL,ABNORMAL,756.831,-0.906,18.386,13.26,89.76,,,,,,,,,,,,,,,,,,,,1,ttv_um=-0.906,True,True,True
2026-01-01 10:17:00,UNIT00017,LOT001,WAFER0017,PKG00017,2,Wafer Sort,OSAT,Wafer Test,WS-01,B,FAIL,ABNORMAL,ABNORMAL,,,,,,10.632,,,,,,,,,,,,,,,,,,,1,sort_current_a=10.632,True,True,True
2026-01-01 10:10:00,UNIT00016,LOT001,WAFER0016,PKG00016,11,Burn-in,OSAT,Testing,BI-02,C,FAIL,ABNORMAL,ABNORMAL,,,,,,,,,,,,,,,,,,,122.243,3.77,,,,,1,burn_in_hours=3.77,True,True,True
2026-01-01 09:51:00,UNIT00015,LOT001,WAFER0015,PKG00015,8,Marking,ATMP,Package Marking,MK-02,A,FAIL,ABNORMAL,ABNORMAL,,,,,,,,,,,,,,,,101.266,,,,,,,,,1,marking_quality_score=101.266,True,True,True
2026-01-01 09:34:00,UNIT00014,LOT001,WAFER0014,PKG00014,7,Encapsulation / Molding,OSAT/ATMP,Packaging,MO-01,B,FAIL,ABNORMAL,ABNORMAL,,,,,,,,,,,,,182.903,106.975,5.691,,,,,,,,,,1,void_percentage=5.691,True,True,True
2026-01-01 09:12:00,UNIT00013,LOT001,WAFER0013,PKG00013,1,Wafer Inspection,ATMP,Wafer Metrology,WI-02,C,FAIL,ABNORMAL,ABNORMAL,767.214,3.808,11.882,-2.718,94.711,,,,,,,,,,,,,,,,,,,,1,warp_um=-2.718,True,True,True
2026-01-01 09:02:00,UNIT00012,LOT001,WAFER0012,PKG00012,7,Encapsulation / Molding,OSAT/ATMP,Packaging,MO-02,A,FAIL,ABNORMAL,ABNORMAL,,,,,,,,,,,,,179.789,139.426,-0.758,,,,,,,,,,1,void_percentage=-0.758,True,True,True
2026-01-01 08:50:00,UNIT00011,LOT001,WAFER0011,PKG00011,11,Burn-in,OSAT,Testing,BI-02,A,FAIL,ABNORMAL,ABNORMAL,,,,,,,,,,,,,,,,,,,130.727,7.887,,,,,1,burn_in_temperature_c=130.727,True,True,True
2026-01-01 08:24:00,UNIT00010,LOT001,WAFER0010,PKG00010,1,Wafer Inspection,ATMP,Wafer Metrology,WI-02,A,FAIL,ABNORMAL,ABNORMAL,763.34,4.357,40.184,51.866,115.702,,,,,,,,,,,,,,,,,,,,1,warp_um=51.866,True,True,True
2026-01-01 07:52:00,UNIT00008,LOT001,WAFER0008,PKG00008,1,Wafer Inspection,ATMP,Wafer Metrology,WI-01,C,FAIL,ABNORMAL,ABNORMAL,806.618,0.318,15.549,16.259,109.184,,,,,,,,,,,,,,,,,,,,1,wafer_thickness_um=806.618,True,True,True
2026-01-01 07:20:00,UNIT00006,LOT001,WAFER0006,PKG00006,1,Wafer Inspection,ATMP,Wafer Metrology,WI-02,A,FAIL,ABNORMAL,ABNORMAL,796.958,5.775,46.975,44.741,103.916,,,,,,,,,,,,,,,,,,,,1,ttv_um=5.775,True,True,True
2026-01-01 07:04:00,UNIT00005,LOT001,WAFER0005,PKG00005,1,Wafer Inspection,ATMP,Wafer Metrology,WI-02,C,FAIL,ABNORMAL,ABNORMAL,813.25,1.559,26.003,27.336,87.394,,,,,,,,,,,,,,,,,,,,1,wafer_thickness_um=813.25,True,True,True
2026-01-01 06:54:00,UNIT00004,LOT001,WAFER0004,PKG00004,7,Encapsulation / Molding,OSAT/ATMP,Packaging,MO-02,A,FAIL,ABNORMAL,ABNORMAL,,,,,,,,,,,,,170.688,147.275,1.294,,,,,,,,,,1,mold_cure_time_s=147.275,True,True,True
2026-01-01 06:32:00,UNIT00003,LOT001,WAFER0003,PKG00003,1,Wafer Inspection,ATMP,Wafer Metrology,WI-02,A,FAIL,ABNORMAL,ABNORMAL,745.607,5.785,9.984,25.712,103.697,,,,,,,,,,,,,,,,,,,,1,ttv_um=5.785,True,True,True
2026-01-01 06:18:00,UNIT00002,LOT001,WAFER0002,PKG00002,3,Back Grinding,ATMP,Wafer Processing,BG-01,B,FAIL,ABNORMAL,ABNORMAL,729.214,,,,,,5.366,,,,,,,,,,,,,,,,,,1,thickness_variation_um=5.366,True,True,True
2026-01-01 06:06:00,UNIT00001,LOT001,WAFER0001,PKG00001,7,Encapsulation / Molding,OSAT/ATMP,Packaging,MO-02,C,FAIL,ABNORMAL,ABNORMAL,,,,,,,,,,,,,174.247,107.273,-0.817,,,,,,,,,,1,void_percentage=-0.817,True,True,True
